tests/test_after_build_next_moves.py::test_it_offers_a_way_to_see_the_film
tests/test_after_build_next_moves.py::test_build_output_never_claims_picture_lock_from_render_success
tests/test_after_build_next_moves.py::test_the_frames_command_names_the_file_just_rendered
tests/test_after_build_next_moves.py::test_it_offers_the_ways_to_ship
tests/test_after_build_next_moves.py::test_compare_is_offered_only_when_there_is_a_previous_version
tests/test_after_build_next_moves.py::test_compare_is_absent_on_a_first_build
tests/test_after_build_next_moves.py::test_compare_is_absent_when_the_previous_file_is_gone
tests/test_after_build_next_moves.py::test_the_confirmation_gate_is_announced
tests/test_after_build_next_moves.py::test_no_yes_flag_is_taught
tests/test_after_build_next_moves.py::test_the_gate_note_disappears_when_the_gate_is_off
tests/test_after_build_next_moves.py::test_an_unreadable_config_warns_rather_than_promises
tests/test_ai_review_fixes.py::test_roundtrip_caption_patch_keeps_full_srt
tests/test_ai_review_fixes.py::test_voice_preview_waiting_user_code
tests/test_ai_review_fixes.py::test_media_prefixes_include_webpreview_tts
tests/test_ai_review_fixes.py::test_action_plan_threads_lang
tests/test_ai_review_fixes.py::test_locale_status_has_voice_and_artifacts
tests/test_ai_review_fixes.py::test_voices_yaml_overrides_base_bible_voice_id
tests/test_ai_review_fixes.py::test_jianying_text_materials_carry_manju
tests/test_ai_review_fixes.py::test_jianying_caption_edit_in_plan
tests/test_ai_review_fixes.py::test_permute_index_shared_writer
tests/test_ai_review_fixes.py::test_roundtrip_api_routes_exist
tests/test_ai_review_fixes.py::test_jianying_reorder_prefers_track_segments_not_materials
tests/test_ai_review_fixes.py::test_locale_voice_status_uses_provider_descriptor
tests/test_ai_review_fixes.py::test_captions_hash_conflict_on_roundtrip
tests/test_ai_review_fixes.py::test_multi_shot_asr_help_is_honest
tests/test_ask_before.py::test_paid_plan_waits_for_user
tests/test_ask_before.py::test_assume_yes_proceeds
tests/test_ask_before.py::test_dry_run_is_never_gated
tests/test_ask_before.py::test_zero_cost_plan_is_not_gated
tests/test_ask_before.py::test_config_opt_out
tests/test_ask_before.py::test_redo_is_gated_too
tests/test_ask_before.py::test_spend_gate_helper
tests/test_ask_before.py::test_on_phase_sequence
tests/test_asr.py::test_parse_srt_roundtrip
tests/test_asr.py::test_parse_srt_tolerates_mess
tests/test_asr.py::test_distribute_text_weights_and_order
tests/test_asr.py::test_distribute_text_empty
tests/test_asr.py::test_sync_asr_submit_is_result
tests/test_asr.py::test_transcribe_refuses_oversized_local_file
tests/test_asr.py::test_async_asr_polls_to_completion
tests/test_asr.py::test_asr_submit_429_is_rate_limited
tests/test_asr.py::test_asr_poll_429_retries_the_same_job_never_resubmits
tests/test_asr.py::test_asr_non_429_error_stays_provider_error
tests/test_asr.py::test_malformed_segment_is_actionable
tests/test_asr.py::test_asr_slot_discovery
tests/test_asr.py::test_no_asr_configured_lists_onramps
tests/test_asr.py::test_cli_transcribe_manual_paths
tests/test_asr.py::test_cli_transcribe_refuses_media_outside_project
tests/test_asr.py::test_cli_transcribe_cloud_asr_spend_gated
tests/test_assets_mentions.py::test_matrix_has_all_five_kinds
tests/test_assets_mentions.py::test_matrix_row_carries_additive_fields
tests/test_assets_mentions.py::test_style_look_reserved_key_is_not_an_asset
tests/test_assets_mentions.py::test_plain_entry_defaults_are_empty_and_byte_stable
tests/test_assets_mentions.py::test_round_u_defaults_do_not_leak_into_spec_hash
tests/test_assets_mentions.py::test_matrix_appearances_reuse_appearances_walk
tests/test_assets_mentions.py::test_voice_and_style_appearances_always_empty
tests/test_assets_mentions.py::test_find_asset_priority_and_missing
tests/test_assets_mentions.py::test_matrix_is_json_serializable
tests/test_assets_mentions.py::test_asset_entry_relations_shape_validated
tests/test_assets_mentions.py::test_asset_entry_aliases_coerce_scalar
tests/test_assets_mentions.py::test_bible_with_round_u_fields_still_passes_check
tests/test_assets_mentions.py::test_parse_basic_and_cjk
tests/test_assets_mentions.py::test_parse_punctuation_boundaries
tests/test_assets_mentions.py::test_parse_email_is_not_a_mention
tests/test_assets_mentions.py::test_parse_chain_double_at
tests/test_assets_mentions.py::test_parse_bare_at_and_empty
tests/test_assets_mentions.py::test_find_mentions_spans_are_accurate
tests/test_assets_mentions.py::test_resolve_by_id_and_alias
tests/test_assets_mentions.py::test_resolve_collision_priority
tests/test_assets_mentions.py::test_build_lookup_reports_collision
tests/test_assets_mentions.py::test_resolve_is_pure_and_deterministic
tests/test_assets_mentions.py::test_shot_mention_text_covers_expected_fields
tests/test_assets_mentions.py::test_mention_report_flags_registered_and_unresolved
tests/test_assets_mentions.py::test_mention_report_scans_story_files
tests/test_assets_mentions.py::test_apply_registers_character_via_alias
tests/test_assets_mentions.py::test_apply_sets_scene_when_empty
tests/test_assets_mentions.py::test_apply_does_not_overwrite_existing_scene
tests/test_assets_mentions.py::test_apply_respects_locked_characters
tests/test_assets_mentions.py::test_apply_to_shot_guard_blocks_lock_added_between_read_and_write
tests/test_assets_mentions.py::test_apply_mentions_batch_isolates_and_reports
tests/test_assets_mentions.py::test_qc_flags_unresolved_and_unregistered
tests/test_assets_mentions.py::test_qc_no_mentions_adds_no_mention_items
tests/test_assets_mentions.py::test_qc_registered_mention_is_not_flagged
tests/test_assets_mentions.py::test_cli_assets_table_and_show
tests/test_assets_mentions.py::test_cli_mentions_check_and_apply
tests/test_audio_edit.py::test_new_fields_default_to_zero_and_off
tests/test_audio_edit.py::test_default_compile_is_deterministic_with_new_machinery
tests/test_audio_edit.py::test_default_source_audio_does_not_change_the_fingerprint
tests/test_audio_edit.py::test_source_audio_change_refingerprints
tests/test_audio_edit.py::test_source_audio_is_not_in_spec_payload
tests/test_audio_edit.py::test_bgm_offset_fade_change_refingerprints
tests/test_audio_edit.py::test_music_carries_in_point_and_fade_in
tests/test_audio_edit.py::test_ambient_carries_in_point_and_fade_in
tests/test_audio_edit.py::test_per_shot_source_audio_carried_onto_video_clip
tests/test_audio_edit.py::test_segment_key_byte_identical_at_default_source_audio
tests/test_audio_edit.py::test_segment_key_changes_only_for_non_default_source_audio
tests/test_audio_edit.py::test_final_content_key_byte_stable_at_default_source_audio
tests/test_audio_edit.py::test_default_bgm_filtergraph_is_byte_identical
tests/test_audio_edit.py::test_bgm_in_point_and_fade_in_render_in_the_filtergraph
tests/test_audio_edit.py::test_ambient_in_point_and_fade_in_render_in_the_filtergraph
tests/test_audio_edit.py::test_read_mixer_shape
tests/test_audio_edit.py::test_apply_mixer_round_trip_writes_and_reads_back
tests/test_audio_edit.py::test_apply_mixer_records_exactly_one_event
tests/test_audio_edit.py::test_apply_mixer_rejects_invalid_and_writes_nothing
tests/test_audio_edit.py::test_apply_mixer_rebuild_verdicts
tests/test_audio_edit.py::test_jianying_export_carries_new_fields
tests/test_audio_edit.py::test_otio_export_carries_new_fields
tests/test_audio_edit.py::test_bgm_in_point_differs_from_t0
tests/test_audio_edit.py::test_muted_shot_segment_is_silent_and_reencodes_exactly_one
tests/test_audio_policy.py::test_default_audio_rules_are_inert
tests/test_audio_policy.py::test_voice_gain_applied
tests/test_audio_policy.py::test_sfx_absolute_anchor
tests/test_audio_policy.py::test_sfx_shot_start_anchor
tests/test_audio_policy.py::test_sfx_shot_end_anchor
tests/test_audio_policy.py::test_sfx_unknown_shot_is_skipped_deterministically
tests/test_audio_policy.py::test_transition_sound_count_is_clips_minus_one
tests/test_audio_policy.py::test_transition_sound_none_for_single_clip
tests/test_audio_policy.py::test_ambient_clip_shape
tests/test_audio_policy.py::test_no_ambient_when_source_unset
tests/test_audio_policy.py::test_sfx_gain_change_refingerprints
tests/test_audio_policy.py::test_qc_missing_audio_sources
tests/test_audio_policy.py::test_qc_unresolvable_sfx_anchor_warns
tests/test_audio_policy.py::test_qc_advises_bgm_when_voice_but_no_music
tests/test_audio_policy.py::test_qc_advises_ducking_when_music_set_but_not_ducked
tests/test_audio_policy.py::test_qc_advises_ambient_for_long_film_with_voice
tests/test_audio_policy.py::test_qc_no_ambient_advice_for_short_film
tests/test_audio_policy.py::test_qc_no_audio_advice_without_voice
tests/test_audio_policy.py::test_qc_no_audio_advice_when_policy_is_complete
tests/test_audio_policy.py::test_qc_no_audio_advice_without_a_timeline
tests/test_audio_policy.py::test_build_audio_graph_statements
tests/test_audio_policy.py::test_duck_knob_defaults_are_the_historical_constants
tests/test_audio_policy.py::test_default_duck_params_render_byte_identical_filtergraph
tests/test_audio_policy.py::test_custom_duck_params_appear_in_the_filtergraph
tests/test_audio_policy.py::test_music_and_ambient_rules_carry_duck_params_onto_the_clip
tests/test_audio_policy.py::test_duck_knob_change_refingerprints_the_timeline
tests/test_audio_policy.py::test_ambient_duck_knob_change_refingerprints_the_timeline
tests/test_audio_policy.py::test_build_audio_graph_sfx_not_ducked_without_voice
tests/test_audio_policy.py::test_audio_input_hashes_cover_sfx_and_ambient
tests/test_audio_policy.py::test_real_build_with_audio_policy_is_idempotent_and_key_sensitive
tests/test_audit_findings_20260720.py::test_f1_jobs_log_wrong_shape_line_never_bricks_startup
tests/test_audit_findings_20260720.py::test_f2_non_serializable_param_does_not_strand_the_job
tests/test_audit_findings_20260720.py::test_f3_submit_racing_shutdown_never_strands_a_queued_job
tests/test_audit_findings_20260720.py::test_f4_unrelated_failure_racing_a_cancel_is_failed_not_canceled
tests/test_audit_findings_20260720.py::test_f4_genuine_cancellation_exception_still_lands_canceled
tests/test_audit_findings_20260720.py::test_f5_release_never_deletes_a_successor_with_the_same_pid
tests/test_audit_findings_20260720.py::test_f6_two_acquisitions_use_distinct_staging_temp_names
tests/test_audit_findings_20260720.py::test_f7_best_effort_append_never_raises_on_lock_open_failure
tests/test_audit_findings_20260720.py::test_f19_jsonpath_rejects_malformed_paths_instead_of_redirecting
tests/test_audit_findings_20260720.py::test_f12_null_and_container_ids_are_rejected_not_stringified
tests/test_audit_findings_20260720.py::test_f13_malformed_json_body_becomes_structured_failure
tests/test_audit_findings_20260720.py::test_f16_audio_format_rejects_path_traversal
tests/test_audit_findings_20260720.py::test_f14_corrupt_base64_is_rejected_not_written_as_audio
tests/test_audit_findings_20260720.py::test_f8_tts_journal_is_fail_closed
tests/test_audit_findings_20260720.py::test_f8_tts_never_dispatches_when_evidence_cannot_be_written
tests/test_audit_findings_20260720.py::test_f17_asr_segments_container_validated
tests/test_audit_findings_20260720.py::test_f17_asr_segments_sorted_and_nonnegative
tests/test_audit_findings_20260720.py::test_f18_distribute_text_never_exceeds_media_duration
tests/test_audit_findings_20260720.py::test_f15_tts_config_requires_exactly_one_audio_source
tests/test_audit_findings_20260720.py::test_f20_toctou_gate_does_not_persist_a_mid_read_torn_digest
tests/test_audit_findings_20260720.py::test_f21_concurrent_same_eid_never_corrupts_identity
tests/test_audit_findings_20260720.py::test_f22_registration_resumes_after_a_scaffold_without_register
tests/test_auto_agent.py::test_flag_wins_over_everything
tests/test_auto_agent.py::test_env_beats_project
tests/test_auto_agent.py::test_project_field_used
tests/test_auto_agent.py::test_custom_template_passes_through
tests/test_auto_agent.py::test_path_probe_first_known
tests/test_auto_agent.py::test_nothing_found_lists_the_options
tests/test_auto_agent.py::test_prompt_is_one_argument_never_split
tests/test_auto_agent.py::test_prompt_appended_when_no_placeholder
tests/test_auto_agent.py::test_quoted_template_words_survive
tests/test_auto_agent.py::test_auto_runs_fake_agent_with_playbook_and_ai_actor
tests/test_auto_agent.py::test_auto_event_never_carries_the_full_prompt
tests/test_auto_agent.py::test_auto_fails_cleanly_when_agent_missing
tests/test_batch.py::test_all_selector_runs_everything_but_manual
tests/test_batch.py::test_all_stale_targets_only_stale
tests/test_batch.py::test_all_missing_targets_only_missing
tests/test_batch.py::test_explicit_shots_redo_regardless_of_state
tests/test_batch.py::test_explicit_shots_still_excludes_manual
tests/test_batch.py::test_unknown_shot_lands_in_failed
tests/test_batch.py::test_override_on_sealed_field_is_excluded
tests/test_batch.py::test_no_override_does_not_collide_with_lock
tests/test_batch.py::test_override_equal_to_sealed_value_is_not_a_collision
tests/test_batch.py::test_single_lock_hold_no_per_shot_reacquire
tests/test_batch.py::test_batch_fails_cleanly_when_already_locked
tests/test_batch.py::test_aggregate_gate_fires_once_with_total
tests/test_batch.py::test_aggregate_gate_yes_bypass
tests/test_batch.py::test_zero_cost_batch_is_not_gated
tests/test_batch.py::test_one_provider_failure_does_not_abort_the_rest
tests/test_batch.py::test_batch_emits_one_batch_event_plus_per_shot_events
tests/test_batch.py::test_batchresult_to_dict_shape
tests/test_batch.py::test_cli_redo_all_json
tests/test_batch.py::test_cli_positional_and_batch_are_mutually_exclusive
tests/test_batch.py::test_cli_two_batch_selectors_rejected
tests/test_batch.py::test_cli_no_selector_and_no_shot_errors
tests/test_batch.py::test_cli_from_take_rejected_with_batch
tests/test_batch.py::test_cli_redo_shots_list
tests/test_batch.py::test_voice_missing_synthesizes_gap_shots
tests/test_batch.py::test_voice_all_skips_stale_advisory_only
tests/test_batch.py::test_voice_explicit_shots_revoices_stale
tests/test_batch.py::test_voice_aggregate_gate_once
tests/test_batch.py::test_voice_single_lock_hold
tests/test_batch.py::test_voice_failure_isolation
tests/test_batch.py::test_voice_batch_event
tests/test_batch.py::test_voice_no_provider_configured_reports_failed
tests/test_batch.py::test_cli_voice_missing_json
tests/test_batch.py::test_cli_voice_selector_mutual_exclusion
tests/test_board_round_e.py::test_board_shows_voice_chip_and_verdicts
tests/test_board_round_e.py::test_board_uses_qc_frame_poster
tests/test_board_round_e.py::test_qc_surfaces_voice_staleness
tests/test_board_round_e.py::test_qc_notes_missing_voice
tests/test_board_serve.py::test_static_board_is_byte_identical
tests/test_board_serve.py::test_serve_html_has_action_js_and_media_urls
tests/test_board_serve.py::test_media_serves_legit_file
tests/test_board_serve.py::test_media_range_returns_206
tests/test_board_serve.py::test_media_traversal_is_blocked
tests/test_board_serve.py::test_media_refuses_project_truth_files
tests/test_board_serve.py::test_media_serves_allowlisted_preview_surfaces
tests/test_board_serve.py::test_select_flips_selection_and_records_event
tests/test_board_serve.py::test_select_bad_take_is_clean_error
tests/test_board_serve.py::test_select_refuses_when_selected_take_locked
tests/test_board_serve.py::test_select_refuses_when_build_locked
tests/test_board_serve.py::test_rollback_shot_round_trips
tests/test_board_serve.py::test_dangerous_and_unknown_actions_are_404[unlock]
tests/test_board_serve.py::test_dangerous_and_unknown_actions_are_404[gc]
tests/test_board_serve.py::test_dangerous_and_unknown_actions_are_404[pack]
tests/test_board_serve.py::test_dangerous_and_unknown_actions_are_404[unpack]
tests/test_board_serve.py::test_dangerous_and_unknown_actions_are_404[import]
tests/test_board_serve.py::test_dangerous_and_unknown_actions_are_404[bogus]
tests/test_board_serve.py::test_get_unknown_route_is_404
tests/test_board_serve.py::test_busy_lock_returns_409
tests/test_board_serve.py::test_mutating_post_without_token_is_403
tests/test_board_serve.py::test_wrong_token_is_403
tests/test_board_serve.py::test_bad_host_header_is_403
tests/test_board_serve.py::test_served_page_carries_the_token
tests/test_board_serve.py::test_token_authorized_select_still_works
tests/test_board_serve.py::test_compare_markup_present_for_multi_take_shot
tests/test_board_serve.py::test_panels_render_with_real_content
tests/test_board_serve.py::test_subs_panel_flags_manual_mode
tests/test_board_serve.py::test_bible_panel_marks_locked_fields
tests/test_board_serve.py::test_export_registered_but_dangerous_surface_absent
tests/test_board_serve.py::test_export_unknown_profile_is_clean_error
tests/test_board_serve.py::test_build_endpoint_produces_a_final
tests/test_board_serve.py::test_export_endpoint_produces_files
tests/test_boards.py::test_make_board_4_panel_dims_and_labels
tests/test_boards.py::test_make_board_9_panel_dims
tests/test_boards.py::test_grid_dims_rejects_other_counts
tests/test_boards.py::test_scene_board_ref_and_take_frame_with_stable_cache
tests/test_boards.py::test_scene_board_no_shots_is_clean_error
tests/test_boards.py::test_keyframes_default_empty_and_typed
tests/test_boards.py::test_keyframes_do_not_move_spec_or_voice_hash
tests/test_boards.py::test_first_last_fields_base64_kling
tests/test_boards.py::test_first_last_array_runway
tests/test_boards.py::test_first_last_multipart
tests/test_boards.py::test_first_last_resolves_bible_asset_id
tests/test_boards.py::test_first_last_absent_no_capability_is_byte_identical
tests/test_boards.py::test_first_last_absent_no_keyframes_is_byte_identical
tests/test_boards.py::test_first_last_only_start_keyframe_no_delivery
tests/test_boards.py::test_first_last_absolute_keyframe_path_is_refused_before_submit
tests/test_boards.py::test_first_last_escaping_relative_keyframe_path_is_refused
tests/test_boards.py::test_resolve_keyframe_uses_shared_refs_guard
tests/test_boards.py::test_first_last_unresolvable_end_frame_skips
tests/test_boards.py::test_manifest_first_last_validation
tests/test_boards.py::test_breakdown_cjk_no_space_determinism
tests/test_boards.py::test_breakdown_english_connectives
tests/test_boards.py::test_breakdown_pad_and_regroup_deterministic
tests/test_boards.py::test_breakdown_empty_uses_qichengzhuanhe_labels
tests/test_boards.py::test_scaffold_only_writes_with_flag
tests/test_boards.py::test_scaffold_respects_keyframes_lock
tests/test_branding.py::test_branding_defaults_all_off
tests/test_branding.py::test_logo_and_watermark_reject_out_of_range[kwargs0]
tests/test_branding.py::test_logo_and_watermark_reject_out_of_range[kwargs1]
tests/test_branding.py::test_logo_and_watermark_reject_out_of_range[kwargs2]
tests/test_branding.py::test_logo_and_watermark_reject_out_of_range[kwargs3]
tests/test_branding.py::test_logo_and_watermark_reject_out_of_range[kwargs4]
tests/test_branding.py::test_in_range_values_are_accepted
tests/test_branding.py::test_logo_full_film_window_and_geometry
tests/test_branding.py::test_logo_windowed_by_from_and_duration
tests/test_branding.py::test_logo_enabled_without_image_emits_nothing
tests/test_branding.py::test_watermark_spans_the_whole_film
tests/test_branding.py::test_badge_window_and_corner
tests/test_branding.py::test_cta_window_is_the_closing_at_end_ms
tests/test_branding.py::test_cta_at_end_larger_than_film_clamps_to_start
tests/test_branding.py::test_all_branding_together_emits_four_overlays
tests/test_branding.py::test_fingerprint_changes_when_branding_enabled
tests/test_branding.py::test_fingerprint_unchanged_by_disabled_branding
tests/test_branding.py::test_logo_burns_via_image_overlay_chain
tests/test_branding.py::test_logo_corners_map_to_the_right_position
tests/test_branding.py::test_image_watermark_is_classified_as_image_and_text_as_text
tests/test_branding.py::test_badge_cta_watermark_text_burn_via_drawtext
tests/test_branding.py::test_title_card_filter_is_unchanged_by_round_q
tests/test_branding.py::test_qc_flags_missing_logo_image
tests/test_branding.py::test_qc_flags_missing_image_watermark
tests/test_branding.py::test_qc_text_only_watermark_needs_no_image
tests/test_branding.py::test_logo_burns_onto_final_without_changing_duration
tests/test_branding.py::test_second_build_with_logo_is_a_content_key_skip
tests/test_branding.py::test_editing_logo_bytes_rerenders
tests/test_bughunt_wave6.py::test_library_add_interrupted_copy_leaves_no_torn_blob
tests/test_bughunt_wave6.py::test_suggest_from_library_matches_the_shots_own_id
tests/test_bughunt_wave6.py::test_select_take_survives_bare_status_key
tests/test_bughunt_wave6.py::test_history_orders_mixed_utc_offsets_chronologically
tests/test_bughunt_wave6.py::test_takes_degrades_on_hand_broken_sidecars
tests/test_bughunt_wave6.py::test_voice_takes_newest_wins_past_take_99
tests/test_bughunt_wave6.py::test_find_baseline_locates_the_jianying_draft_dir_baseline
tests/test_bughunt_wave6.py::test_roundtrip_caption_count_change_refuses_positional_diff
tests/test_bughunt_wave6.py::test_roundtrip_live_volume_and_unmute_beat_stale_stamps
tests/test_bughunt_wave6.py::test_roundtrip_untouched_stamped_export_plans_no_changes
tests/test_bughunt_wave6.py::test_latest_verification_tolerates_torn_multibyte_tail
tests/test_bughunt_wave6.py::test_mark_verified_raises_when_the_append_is_dropped
tests/test_bughunt_wave6.py::test_plan_ingest_degrades_an_unreadable_file_to_a_row
tests/test_bughunt_wave6.py::test_director_unexpected_error_lands_failed_never_stuck_executing
tests/test_bughunt_wave6.py::test_director_retime_factor_validation_is_structured
tests/test_bughunt_wave6.py::test_template_pack_rename_never_overwrites_prior_import
tests/test_bughunt_wave6.py::test_template_pack_secret_scan_covers_every_text_member
tests/test_bughunt_wave6.py::test_color_check_with_no_recognized_axes_is_unknown_not_pass
tests/test_bughunt_wave6.py::test_pullsheet_md_roundtrips_multiline_dialogue
tests/test_bughunt_wave6.py::test_gui_state_transient_oserror_never_wipes_the_store
tests/test_bughunt_wave6.py::test_gui_state_real_corruption_is_quarantined
tests/test_bughunt_wave6.py::test_jobs_log_torn_multibyte_tail_does_not_brick_the_runner
tests/test_bughunt_wave6.py::test_create_page_refuses_editor_over_non_utf8_story
tests/test_bughunt_wave6.py::test_shutdown_upgrade_to_cancel_actually_cancels
tests/test_bughunt_wave6.py::test_prompt_compiles_with_mixed_type_bible_keys
tests/test_bughunt_wave6.py::test_dry_run_evidence_never_mints_config_valid_for_a_bad_config
tests/test_bughunt_wave6.py::test_run_evidence_ladder_is_monotonic_over_failed_artifact
tests/test_bughunt_wave6.py::test_qualification_evidence_stream_counts_torn_tail_as_malformed
tests/test_bughunt_wave6.py::test_broken_routing_yaml_is_a_structured_provider_failure
tests/test_bughunt_wave6.py::test_slate_cache_survives_a_failed_encode
tests/test_bughunt_wave6.py::test_bed_fade_in_is_applied_before_the_delay
tests/test_bughunt_wave6.py::test_multilocale_merged_report_carries_every_locale
tests/test_bughunt_wave6.py::test_must_show_auto_safe_item_maps_to_an_auto_repair
tests/test_bughunt_wave6.py::test_fcpxml_refuses_out_of_project_audio_sources
tests/test_bughunt_wave6.py::test_srt_and_vtt_never_emit_a_cue_splitting_blank_line
tests/test_bughunt_wave6.py::test_caption_style_non_numeric_size_fails_as_one_clean_line
tests/test_bughunt_wave6.py::test_buildlock_steals_a_dead_holders_lock
tests/test_bughunt_wave6.py::test_buildlock_respects_a_contenders_steal_mutex
tests/test_bughunt_wave6.py::test_torn_voice_timing_json_degrades_never_crashes_compile
tests/test_bughunt_wave6.py::test_perf_report_timestamps_never_mix_naive_and_aware
tests/test_bughunt_wave6.py::test_roundtrip_batch_records_never_overwrite_within_one_second
tests/test_bughunt_wave6.py::test_edl_import_refuses_non_utf8_and_missing_files_structurally
tests/test_bughunt_wave6.py::test_fcpxml_import_refuses_a_missing_file_structurally
tests/test_build_integrity_scan.py::test_read_attempts_counts_torn_multibyte_not_crash
tests/test_build_integrity_scan.py::test_other_attempt_readers_survive_torn_multibyte
tests/test_build_integrity_scan.py::test_register_manual_voice_take_unlinks_partial_on_failure
tests/test_build_integrity_scan.py::test_ranges_dict_entry_is_cutdown_error_not_keyerror
tests/test_build_integrity_scan.py::test_validate_cutdown_unhashable_reorder_no_typeerror[reorder0]
tests/test_build_integrity_scan.py::test_validate_cutdown_unhashable_reorder_no_typeerror[reorder1]
tests/test_build_integrity_scan.py::test_validate_cutdown_duplicate_dict_reorder_flags_identity
tests/test_build_integrity_scan.py::test_provider_semaphore_populated_once_under_concurrency
tests/test_buildlock.py::test_acquire_release_roundtrip
tests/test_buildlock.py::test_context_manager_releases_on_exception
tests/test_buildlock.py::test_second_acquire_raises_buildlocked_with_holder_info
tests/test_buildlock.py::test_stale_dead_pid_on_our_host_is_stolen
tests/test_buildlock.py::test_stale_by_age_alive_pid_other_host
tests/test_buildlock.py::test_corrupt_lock_file_is_treated_as_stale[]
tests/test_buildlock.py::test_corrupt_lock_file_is_treated_as_stale[not json {{{]
tests/test_buildlock.py::test_corrupt_lock_file_is_treated_as_stale[[1, 2, 3]]
tests/test_buildlock.py::test_fresh_corrupt_lock_is_not_stolen[]
tests/test_buildlock.py::test_fresh_corrupt_lock_is_not_stolen[not json]
tests/test_buildlock.py::test_fresh_corrupt_lock_is_not_stolen[[1, 2, 3]]
tests/test_buildlock.py::test_release_is_idempotent_and_never_deletes_foreign_lock
tests/test_buildlock.py::test_heartbeat_touches_mtime_and_release_stops_thread
tests/test_buildlock.py::test_heartbeat_auto_interval_formula
tests/test_buildlock_wiring.py::test_run_build_fails_cleanly_when_locked
tests/test_buildlock_wiring.py::test_dry_run_is_lockless
tests/test_buildlock_wiring.py::test_redo_raises_when_locked
tests/test_buildlock_wiring.py::test_build_works_after_release
tests/test_buildlock_wiring.py::test_status_surfaces_active_lock
tests/test_buildlock_wiring.py::test_cli_select_refuses_when_build_locked
tests/test_buildlock_wiring.py::test_cli_import_refuses_when_build_locked
tests/test_buildlock_wiring.py::test_cli_gc_refuses_when_build_locked
tests/test_buildlock_wiring.py::test_cli_lock_refuses_when_build_locked
tests/test_buildlock_wiring.py::test_cli_unlock_refuses_when_build_locked
tests/test_buildlock_wiring.py::test_cli_snapshot_refuses_when_build_locked
tests/test_buildlock_wiring.py::test_cli_rollback_shot_refuses_when_build_locked
tests/test_buildlock_wiring.py::test_cli_repair_op_refuses_when_build_locked
tests/test_buildlock_wiring.py::test_cli_read_commands_stay_lockless
tests/test_c07_baseline.py::test_1_approval_binds_exact_path_hash_bytes_and_final_key
tests/test_c07_baseline.py::test_2_modifying_same_name_final_bytes_makes_baseline_damaged
tests/test_c07_baseline.py::test_3_deleting_baseline_artifact_does_not_repoint_to_a_new_final
tests/test_c07_baseline.py::test_4_multiple_approvals_form_append_only_supersession_chain
tests/test_c07_baseline.py::test_5_malformed_event_does_not_swallow_valid_events
tests/test_c07_baseline.py::test_6_fsync_failure_is_not_reported_as_approval_success
tests/test_c07_baseline.py::test_7_unattended_cannot_approve
tests/test_c07_baseline.py::test_8_project_source_cannot_self_declare_approval
tests/test_c07_baseline.py::test_9_old_project_without_baseline_is_no_baseline
tests/test_c07_baseline.py::test_10_risk_acceptance_records_blockers_and_human_reason
tests/test_c07_baseline.py::test_11_against_baseline_uses_same_diff_as_explicit_compare
tests/test_c07_baseline.py::test_12_baseline_current_order_is_not_reversed
tests/test_c07_baseline.py::test_13_take_change_is_visible_against_baseline
tests/test_c07_baseline.py::test_14_legacy_missing_snapshot_is_unknown_not_unchanged
tests/test_c07_baseline.py::test_15_compare_against_baseline_writes_nothing
tests/test_c07_baseline.py::test_16_baseline_event_timestamp_does_not_affect_media_diff
tests/test_c07_baseline.py::test_17_current_final_missing_stale_hash_mismatch_block
tests/test_c07_baseline.py::test_18_incomplete_run_blocks
tests/test_c07_baseline.py::test_19_unresolved_paid_submission_blocks
tests/test_c07_baseline.py::test_20_evidence_corruption_blocks_scoped_to_relevant_shot
tests/test_c07_baseline.py::test_21_qc_unavailable_stale_rejected_block
tests/test_c07_baseline.py::test_22_required_export_stale_missing_problem_block
tests/test_c07_baseline.py::test_23_first_release_without_baseline_can_be_technical_ready
tests/test_c07_baseline.py::test_24_baseline_content_change_requires_human_review
tests/test_c07_baseline.py::test_25_next_action_uses_local_safety_projection
tests/test_c07_baseline.py::test_26_assessment_materializes_nothing
tests/test_c07_baseline.py::test_27_assessment_json_is_stable_relative_and_secret_free
tests/test_c07_baseline.py::test_28_collaborative_exports_default_has_no_regression
tests/test_c07_baseline.py::test_29_cli_reuses_the_same_core_service
tests/test_c07_baseline.py::test_cli_approve_baseline_and_show
tests/test_c081012_candidates.py::test_redo_records_lineage_on_sidecar
tests/test_c081012_candidates.py::test_families_group_by_source_revision_and_lineage
tests/test_c081012_candidates.py::test_one_request_n_candidates_share_family_and_indices
tests/test_c081012_candidates.py::test_view_is_pure_rebuildable_and_writes_nothing
tests/test_c081012_candidates.py::test_keeper_selected_and_disposition_separation
tests/test_c081012_continuation.py::test_accepted_observed_state_binds_current_media
tests/test_c081012_continuation.py::test_observed_state_goes_stale_on_media_replacement
tests/test_c081012_continuation.py::test_observed_state_never_writes_back
tests/test_c081012_continuation.py::test_continuation_gate_blocks_unaccepted_source
tests/test_c081012_continuation.py::test_continuation_gate_blocks_unobserved_endpoint
tests/test_c081012_continuation.py::test_continuation_gate_detects_pinned_hash_mismatch
tests/test_c081012_continuation.py::test_continuation_view_carries_real_ending_not_prompt_ending
tests/test_c081012_continuation.py::test_no_continuation_declared_returns_none
tests/test_c081012_continuation.py::test_repair_routes_map_to_existing_safe_paths_only
tests/test_c081012_prompt_checks.py::test_multiple_completed_actions_flagged
tests/test_c081012_prompt_checks.py::test_future_beat_leak_flagged
tests/test_c081012_prompt_checks.py::test_endpoint_missing_fires_only_for_continuation_sources
tests/test_c081012_prompt_checks.py::test_dict_binding_declares_transfer_and_conflict_rejected
tests/test_c081012_prompt_checks.py::test_legacy_string_ref_compatible_but_undeclared
tests/test_c081012_prompt_checks.py::test_transfer_fields_enter_spec_hash_and_trace
tests/test_c081012_prompt_checks.py::test_reference_source_stale_when_take_unselected
tests/test_c081012_prompt_checks.py::test_surface_profile_unknown_and_stale_visible
tests/test_c081012_prompt_checks.py::test_prompt_budget_exceeded_against_declared_profile
tests/test_c081012_prompt_checks.py::test_profile_id_change_moves_spec_hash
tests/test_c081012_prompt_checks.py::test_bundle_carries_production_checks_and_trace_additively
tests/test_c081012_prompt_checks.py::test_check_all_includes_production_findings
tests/test_c081012_prompt_checks.py::test_clean_project_stays_clean_under_check
tests/test_c081012_review.py::test_decision_and_observed_states_are_persisted
tests/test_c081012_review.py::test_all_five_dispositions_expressible[KEEP]
tests/test_c081012_review.py::test_all_five_dispositions_expressible[FIX_IN_POST]
tests/test_c081012_review.py::test_all_five_dispositions_expressible[EDIT_DONT_REGENERATE]
tests/test_c081012_review.py::test_all_five_dispositions_expressible[REROLL]
tests/test_c081012_review.py::test_all_five_dispositions_expressible[REWRITE_SOURCE]
tests/test_c081012_review.py::test_unknown_disposition_rejected_zero_write
tests/test_c081012_review.py::test_non_keep_requires_primary_repair_variable
tests/test_c081012_review.py::test_unknown_repair_variable_rejected
tests/test_c081012_review.py::test_multi_variable_marks_isolation_false
tests/test_c081012_review.py::test_bad_observed_state_rejected_zero_write
tests/test_c081012_review.py::test_unsafe_observed_state_evidence_ref_rejected
tests/test_c081012_review.py::test_keep_does_not_auto_select
tests/test_c081012_review.py::test_decision_never_writes_assurance_acceptance
tests/test_c081012_review.py::test_media_replacement_stales_decision_record
tests/test_c081012_review.py::test_legacy_v2_verdict_without_decision_still_intakes
tests/test_c081012_skills.py::test_skill_discovered_with_complete_frontmatter[direct-shot-source-patch]
tests/test_c081012_skills.py::test_skill_discovered_with_complete_frontmatter[review-take-and-route-repair]
tests/test_c081012_skills.py::test_skill_discovered_with_complete_frontmatter[continue-from-accepted-take]
tests/test_c081012_skills.py::test_skill_has_io_and_failure_sections[direct-shot-source-patch]
tests/test_c081012_skills.py::test_skill_has_io_and_failure_sections[review-take-and-route-repair]
tests/test_c081012_skills.py::test_skill_has_io_and_failure_sections[continue-from-accepted-take]
tests/test_c081012_skills.py::test_review_skill_data_pack_matches_code_vocabulary
tests/test_c081012_skills.py::test_continue_skill_names_the_gate_codes
tests/test_c081012_skills.py::test_direct_skill_maps_only_to_existing_fields
tests/test_c081012_skills.py::test_skills_never_instruct_direct_provider_calls[direct-shot-source-patch]
tests/test_c081012_skills.py::test_skills_never_instruct_direct_provider_calls[review-take-and-route-repair]
tests/test_c081012_skills.py::test_skills_never_instruct_direct_provider_calls[continue-from-accepted-take]
tests/test_c081012_skills.py::test_reroll_route_keeps_source_and_spend_gate
tests/test_c081012_skills.py::test_rewrite_source_route_is_proposal_first
tests/test_c081012_source_authority.py::test_directing_report_mutation_moves_nothing
tests/test_c081012_source_authority.py::test_continuation_capsule_under_reports_is_inert
tests/test_c081012_source_authority.py::test_applied_source_patch_moves_all_digests
tests/test_c081012_source_authority.py::test_derived_views_write_nothing_and_bundle_reads_no_reports
tests/test_c0911_gates.py::test_a0_resume_transcript_read_only_calls_answer_every_safety_question
tests/test_c0911_gates.py::test_a1_interrupted_run_recognized_after_restart
tests/test_c0911_gates.py::test_a2_unresolved_submission_blocks_before_any_build_or_redo
tests/test_c0911_gates.py::test_a3_stale_proposal_is_not_an_executable_next_action
tests/test_c0911_gates.py::test_a5_source_revision_is_accurate_and_read_only
tests/test_c0911_gates.py::test_a6_resume_read_set_is_pure_no_writes_no_network_no_spend
tests/test_c0911_gates.py::test_a7_next_actions_carry_local_safety_truth
tests/test_c0911_gates.py::test_a8_missing_or_corrupt_evidence_fails_closed_on_resume
tests/test_c0911_gates.py::test_a9_derived_projections_are_deletable_without_losing_resume
tests/test_c0911_gates.py::test_a10_status_json_shape_is_backward_compatible
tests/test_c0911_gates.py::test_b1_g11_1_two_processes_same_submission_exactly_one_claims
tests/test_c0911_gates.py::test_b2_g11_1_second_process_resumes_admitted_job_poll_only
tests/test_c0911_gates.py::test_b3_g11_1_dispatching_owned_elsewhere_fail_closes_here
tests/test_c0911_gates.py::test_b4_g11_5_two_processes_race_build_lock_single_owner
tests/test_c0911_gates.py::test_b5_g11_2_limiter_cap_holds_under_concurrency
tests/test_c0911_gates.py::test_b5b_g11_2_limiter_releases_after_exception_no_leak
tests/test_c0911_gates.py::test_b5c_g11_2_local_and_unknown_providers_are_uncapped_by_design
tests/test_c0911_gates.py::test_b6_g11_2_cache_hit_never_enters_the_dispatch_plan
tests/test_c0911_gates.py::test_b7_g11_3_process_gone_is_never_success_and_final_honestly_flagged
tests/test_c0911_gates.py::test_b8_g11_3_classification_survives_ledger_loss_and_rebuild
tests/test_c0911_gates.py::test_b9_g11_4_cancel_before_dispatch_has_no_remote_side_effect
tests/test_c0911_gates.py::test_b10_g11_4_stop_polling_is_not_remote_cancel
tests/test_c0911_gates.py::test_b11_g11_4_no_remote_cancel_hook_and_cli_refuses_to_pretend
tests/test_c0911_gates.py::test_b12_g11_shared_ids_across_tasks_manifest_failures
tests/test_c0911_gates.py::test_b13_g11_bad_task_never_blocks_unrelated_work
tests/test_c0911_gates.py::test_b14_wp6_two_full_subprocess_generates_single_transport
tests/test_c0911_gates.py::test_b15_wp6_delete_dot_manju_without_rebuild_still_fail_closes
tests/test_c0911_gates.py::test_b16_fresh_empty_lock_is_not_stolen
tests/test_c0911_gates.py::test_b17_lock_file_never_visible_empty
tests/test_c13_delivery.py::test_f1_master_and_format_only_share_timeline_semantic_digest
tests/test_c13_delivery.py::test_f2_format_only_dropped_segment_is_variant_kind_mismatch
tests/test_c13_delivery.py::test_f3_cutdown_requires_explicit_source_revision
tests/test_c13_delivery.py::test_f4_localized_stale_base_hash_blocks
tests/test_c13_delivery.py::test_f5_nle_references_old_selected_take_is_stale
tests/test_c13_delivery.py::test_f6_nle_missing_media_bytes_errors
tests/test_c13_delivery.py::test_f7_cover_stale
tests/test_c13_delivery.py::test_f8_required_captions_missing_blocks
tests/test_c13_delivery.py::test_f9_final_exists_but_run_incomplete_is_draft_not_ready
tests/test_c13_delivery.py::test_f10_metadata_with_token_sets_credentials_present
tests/test_c13_delivery.py::test_f11_bundle_rejects_traversal_and_duplicate_entries
tests/test_c13_delivery.py::test_f12_nle_opened_pending_editor_not_approved
tests/test_c13_delivery.py::test_manifest_deterministic_and_rematerialize_stable
tests/test_c13_delivery.py::test_artifact_path_hash_bytes_content_key_accurate
tests/test_c13_delivery.py::test_manifest_delete_and_hand_edit_are_inert
tests/test_c13_delivery.py::test_manifest_is_relative_and_secret_free
tests/test_c13_delivery.py::test_old_project_without_delivery_profiles_defaults_to_master
tests/test_c13_delivery.py::test_unknown_artifact_role_policy_is_explicit
tests/test_c13_delivery.py::test_manifest_uses_same_service_as_exports
tests/test_c13_delivery.py::test_nle_media_hash_matches_selected_take
tests/test_c13_delivery.py::test_nle_frame_timebase_precise_and_handles_zero
tests/test_c13_delivery.py::test_format_only_invariant_pure_function
tests/test_c13_delivery.py::test_platform_package_does_not_change_narrative_cut
tests/test_c13_delivery.py::test_localization_base_hash_current_is_not_stale
tests/test_c13_delivery.py::test_building_manifest_creates_no_translation_or_voice
tests/test_c13_delivery.py::test_platform_handoff_no_credentials_and_no_upload
tests/test_c13_delivery.py::test_unknown_platform_profile_freshness_is_visible
tests/test_c13_delivery.py::test_handoff_ready_is_not_published
tests/test_c13_delivery.py::test_bundle_contains_only_manifest_files_with_correct_sha256sums
tests/test_c13_delivery.py::test_bundle_is_reproducible
tests/test_c13_delivery.py::test_atomic_bundle_failure_keeps_old_output
tests/test_c13_delivery.py::test_delivery_bundle_is_not_project_pack
tests/test_c13_delivery.py::test_cli_and_core_service_agree
tests/test_c13_delivery.py::test_editor_approved_only_after_human_nle_verification
tests/test_c13_delivery.py::test_only_one_new_public_schema_no_parallel_objects
tests/test_c14_qualification.py::test_untested_and_config_floor_and_blocked
tests/test_c14_qualification.py::test_production_ready_needs_a_real_transport
tests/test_c14_qualification.py::test_check_date_is_never_in_the_identity
tests/test_c14_qualification.py::test_1_profile_digest_change_makes_qualification_stale
tests/test_c14_qualification.py::test_2_fixture_change_makes_qualification_stale
tests/test_c14_qualification.py::test_3_dry_run_never_touches_the_transport
tests/test_c14_qualification.py::test_4_run_refusals_never_reach_the_transport
tests/test_c14_qualification.py::test_5_canary_is_a_chain_of_one_no_fallback
tests/test_c14_qualification.py::test_6_definite_rejection_and_unknown_are_distinct_on_the_canary
tests/test_c14_qualification.py::test_7_poll_retries_do_not_resubmit
tests/test_c14_qualification.py::test_8_artifact_is_hashed_and_probed
tests/test_c14_qualification.py::test_9_corrupt_download_fails_closed
tests/test_c14_qualification.py::test_10_recovery_drill_delete_sqlite_resume_poll_only
tests/test_c14_qualification.py::test_11_malformed_evidence_never_yields_a_false_pass
tests/test_c14_qualification.py::test_11b_torn_submission_evidence_fails_closed
tests/test_c14_qualification.py::test_12_report_leaks_no_secret_or_absolute_path
tests/test_c14_qualification.py::test_13_report_binds_exact_profile_adapter_fixture_request
tests/test_c14_qualification.py::test_14_untested_boundary_is_not_claimed_supported
tests/test_c14_qualification.py::test_15_qualification_report_is_not_a_build_input
tests/test_c14_qualification.py::test_15b_deleting_the_report_changes_no_projection
tests/test_c14_qualification.py::test_16_response_schema_drift_makes_qualification_stale
tests/test_c14_qualification.py::test_17_health_probe_failure_never_triggers_a_submit
tests/test_c14_qualification.py::test_18_canary_inputs_are_deterministic_and_non_private
tests/test_c14_qualification.py::test_19_data_handling_is_reference_only_not_verified
tests/test_c14_qualification.py::test_cli_dry_run_and_matrix_and_run_refusal
tests/test_c14_qualification.py::test_matrix_cloud_ceiling_is_dry_run_without_a_real_account
tests/test_c15_color.py::test_color_stats_are_pure_and_hash_bound
tests/test_c15_color.py::test_color_stats_differ_for_a_warm_vs_cool_frame
tests/test_c15_color.py::test_color_metadata_untagged_is_unknown_never_guessed
tests/test_c15_color.py::test_color_metadata_reads_tagged_video
tests/test_c15_color.py::test_color_metadata_unreadable_is_unknown
tests/test_c15_color.py::test_reference_comparison_is_hash_bound_and_read_only
tests/test_c15_color.py::test_identical_frames_need_no_correction
tests/test_c15_color.py::test_preview_does_not_change_source_or_request_digest
tests/test_c15_color.py::test_adoption_is_append_only_and_binds_input_and_reference
tests/test_c15_reviewer.py::test_section6_dimension_observation_enums_are_the_contract_shape
tests/test_c15_reviewer.py::test_dimension_observations_ride_verdict_v2_additively
tests/test_c15_reviewer.py::test_not_visible_observation_is_first_class
tests/test_c15_reviewer.py::test_bad_dimension_enum_rejects_whole_batch_zero_writes
tests/test_c15_reviewer.py::test_bad_observed_and_severity_enums_reject
tests/test_c15_reviewer.py::test_unsafe_ref_and_secret_in_dimension_observation_reject
tests/test_c15_reviewer.py::test_dimension_observation_blocker_never_forces_acceptance
tests/test_c15_reviewer.py::test_confidence_never_participates_in_acceptance
tests/test_c15_reviewer.py::test_admission_predicate_enforces_closeout_floors
tests/test_c15_reviewer.py::test_stale_qualification_is_refused
tests/test_c15_reviewer.py::test_fabricated_unqualified_vision_manifest_is_refused
tests/test_c15_reviewer.py::test_admission_never_reaches_a_transport
tests/test_c15_reviewer.py::test_fake_reviewer_double_bypasses_the_gate
tests/test_c15_reviewer.py::test_multi_reviewer_blocker_disagreement_is_unknown
tests/test_c15_reviewer.py::test_reviewer_agreement_when_both_agree
tests/test_c15_reviewer.py::test_human_adjudication_appends_and_keeps_originals
tests/test_c15_reviewer.py::test_drift_trend_is_dimension_by_shot_order
tests/test_c15_reviewer.py::test_repair_routes_use_the_seven_route_vocabulary
tests/test_c15_reviewer.py::test_regenerate_reference_and_reshoot_are_route_level_not_dispositions
tests/test_c15_reviewer.py::test_drift_only_from_current_bound_evidence
tests/test_c15_reviewer.py::test_changed_reviewer_profile_makes_verdict_historical
tests/test_c15_reviewer.py::test_agreement_view_can_mark_superseded_profile_historical
tests/test_c15_reviewer.py::test_frame_plan_is_first_quarters_and_last
tests/test_c15_reviewer.py::test_frame_plan_is_deterministic_and_hash_bound
tests/test_c15_reviewer.py::test_frame_plan_scene_slots_skipped_with_evidence
tests/test_c15_reviewer.py::test_frame_plan_degrades_on_unknown_duration
tests/test_c15_reviewer.py::test_brief_row_carries_the_frame_plan
tests/test_c15_reviewer.py::test_frame_extraction_at_plan_positions_is_content_addressed
tests/test_c16_animatic.py::test_still_selection_prefers_adopted_keyframe
tests/test_c16_animatic.py::test_still_selection_none_without_keyframes
tests/test_c16_animatic.py::test_animatic_is_a_valid_target_and_plans_no_paid_video
tests/test_c16_animatic.py::test_animatic_render_is_derived_never_a_take_or_selected
tests/test_c16_animatic.py::test_animatic_is_deletable_and_rebuildable
tests/test_c16_board.py::test_blocking_svg_is_pure_and_deterministic
tests/test_c16_board.py::test_blocking_svg_reflects_shot_size
tests/test_c16_board.py::test_blocking_svg_unknown_movement_draws_no_guessed_arrow
tests/test_c16_board.py::test_ladder_chips_show_stage_and_pending_keyframe
tests/test_c16_board.py::test_ladder_chips_show_adopted
tests/test_c16_board.py::test_serve_board_carries_ladder_and_blocking
tests/test_c16_board.py::test_static_board_omits_the_serve_only_fields
tests/test_c16_ladder.py::test_ladder_stage_script_only
tests/test_c16_ladder.py::test_keyframe_candidates_are_image_takes
tests/test_c16_ladder.py::test_ladder_stage_final_video_with_video_take
tests/test_c16_ladder.py::test_no_candidates_is_unaffected
tests/test_c16_ladder.py::test_adoption_via_selected_take
tests/test_c16_ladder.py::test_adoption_via_promoted_ref_exact_bytes
tests/test_c16_ladder.py::test_promoted_ref_to_DIFFERENT_bytes_is_not_adoption
tests/test_c16_ladder.py::test_motion_reference_rides_existing_vocabulary
tests/test_c16_ladder.py::test_collaborative_check_is_advisory_never_blocks
tests/test_c16_ladder.py::test_collaborative_check_absent_when_no_candidates
tests/test_c16_ladder.py::test_collaborative_check_absent_after_adoption
tests/test_c16_ladder.py::test_adopted_keyframe_i2v_uses_exact_ref_bytes
tests/test_c16_ladder.py::test_motion_ref_absolute_path_never_crosses_boundary
tests/test_c16_ladder.py::test_canonical_style_frame_transfer_boundary
tests/test_c16_ladder.py::test_old_project_no_keyframes_is_ladder_inert
tests/test_c16_pullsheet.py::test_export_csv_has_all_columns_and_rows
tests/test_c16_pullsheet.py::test_export_md_is_a_table
tests/test_c16_pullsheet.py::test_export_writes_csv_and_md
tests/test_c16_pullsheet.py::test_csv_md_round_trip_parses_back
tests/test_c16_pullsheet.py::test_import_inspect_is_zero_write
tests/test_c16_pullsheet.py::test_unchanged_sheet_is_a_noop_plan
tests/test_c16_pullsheet.py::test_edit_existing_shot_is_a_cas_update_applied
tests/test_c16_pullsheet.py::test_edit_never_overwrites_selected_take_or_media
tests/test_c16_pullsheet.py::test_stale_source_fails_cas
tests/test_c16_pullsheet.py::test_locked_field_blocks_the_write
tests/test_c16_pullsheet.py::test_new_shot_row_creates_via_shotpackage
tests/test_c16_spend_gate.py::test_unattended_refuses_paid_build_transport_zero
tests/test_c16_spend_gate.py::test_unattended_no_keyframe_candidates_is_unaffected
tests/test_c16_spend_gate.py::test_unattended_adopted_keyframe_proceeds
tests/test_c16_spend_gate.py::test_collaborative_warns_but_never_blocks
tests/test_c16_spend_gate.py::test_default_profile_is_collaborative
tests/test_c16_spend_gate.py::test_dry_run_surfaces_the_gate_warning
tests/test_c16_spend_gate.py::test_free_local_plan_is_not_a_paid_video_gate
tests/test_c16_spend_gate.py::test_gen_off_never_gates
tests/test_c16_spend_gate.py::test_director_execute_unattended_refuses_paid_build
tests/test_c16_spend_gate.py::test_director_execute_collaborative_proceeds
tests/test_c16_transitions.py::test_transition_choice_is_a_timeline_source_fact
tests/test_c16_transitions.py::test_changing_source_transition_moves_the_compiled_fact
tests/test_c16_transitions.py::test_generative_bridge_is_proposal_only_transport_zero
tests/test_c17_packs.py::test_reference_pack_records_role_controls_provenance_hash
tests/test_c17_packs.py::test_reference_pack_refuses_unknown_vocab_and_conflicts
tests/test_c17_packs.py::test_reference_pack_missing_rights_flagged
tests/test_c17_packs.py::test_copy_on_import_external_mutation_is_inert
tests/test_c17_packs.py::test_import_refuses_tampered_pack
tests/test_c17_packs.py::test_cross_project_import_keeps_identity_and_voice_provenance
tests/test_c17_packs.py::test_outline_inspect_is_zero_write
tests/test_c17_packs.py::test_outline_apply_creates_episodes_via_existing_path
tests/test_c17_packs.py::test_outline_source_script_path_escape_refused
tests/test_c17_packs.py::test_outline_span_diagnostics_refuse_apply
tests/test_c17_packs.py::test_cliffhanger_hook_carried_verbatim_never_invented
tests/test_c17_packs.py::test_template_pack_voice_rights_gate_blocks_unlicensed
tests/test_c17_packs.py::test_template_pack_licensed_voice_profile_is_packed
tests/test_c17_packs.py::test_template_pack_import_conflict_handling_never_silent
tests/test_c17_packs.py::test_template_pack_tamper_refused_and_no_marketplace
tests/test_c17_series.py::test_basic_series_behaviour_unchanged
tests/test_c17_series.py::test_variant_episode_range_resolution
tests/test_c17_series.py::test_variant_overlap_merges_or_conflicts_never_single_pick
tests/test_c17_series.py::test_variant_overlap_and_contradiction_diagnostics
tests/test_c17_series.py::test_variant_range_and_reference_diagnostics
tests/test_c17_series.py::test_canonical_and_transient_never_confused
tests/test_c17_series.py::test_accepted_observation_never_writes_global_bible
tests/test_c17_series.py::test_world_state_validation_and_derived_view
tests/test_c17_series.py::test_season_health_aggregates_current_evidence
tests/test_c17_series.py::test_stale_episode_never_masked_by_season_ready
tests/test_c17_series.py::test_deleted_sqlite_is_explainable_not_fabricated
tests/test_c17_series.py::test_season_health_folds_into_series_status_cli
tests/test_c18_dialogue_masters.py::test_stems_render_with_full_mix_and_duration_sanity
tests/test_c18_dialogue_masters.py::test_mne_master_provably_lacks_dialogue
tests/test_c18_dialogue_masters.py::test_loudness_measured_as_facts
tests/test_c18_dialogue_masters.py::test_loudness_target_comes_from_profile_not_hardcoded
tests/test_c18_dialogue_masters.py::test_masters_fill_manifest_roles_with_technical_verification
tests/test_c18_dialogue_masters.py::test_master_stale_when_timeline_semantics_change
tests/test_c18_dialogue_masters.py::test_vtt_export_is_real_and_fills_captions_vtt_role
tests/test_c18_dialogue_masters.py::test_vtt_no_fabricated_word_karaoke
tests/test_c18_dialogue_masters.py::test_alignment_evidence_binds_exact_audio_and_aligner
tests/test_c18_dialogue_masters.py::test_same_name_audio_replacement_reads_stale
tests/test_c18_dialogue_masters.py::test_alignment_failure_is_unaligned_never_fabricated
tests/test_c18_dialogue_masters.py::test_align_shot_stamps_evidence
tests/test_c18_dialogue_masters.py::test_voice_profile_missing_rights_blocks_template_export
tests/test_c18_dialogue_masters.py::test_voice_profile_with_rights_is_shareable
tests/test_c18_dialogue_masters.py::test_voice_profile_change_stales_downstream
tests/test_c18_dialogue_masters.py::test_audition_is_preview_not_take
tests/test_c18_dialogue_masters.py::test_lipsync_multi_face_without_selector_refused
tests/test_c18_dialogue_masters.py::test_lipsync_requires_exact_hashes
tests/test_c18_dialogue_masters.py::test_lipsync_output_is_new_take_with_parent_lineage
tests/test_c18_dialogue_masters.py::test_lipsync_unknown_never_faked_and_no_self_score
tests/test_c18_dialogue_masters.py::test_lip_sync_capability_token_additive
tests/test_c18_dialogue_masters.py::test_drift_unknown_without_mouth_observation
tests/test_c18_dialogue_masters.py::test_drift_unknown_when_face_not_visible
tests/test_c18_dialogue_masters.py::test_drift_pass_and_fail_with_route_mapping
tests/test_c18_dialogue_masters.py::test_duration_advisor_never_mutates_text
tests/test_c18_dialogue_masters.py::test_duration_advisor_time_stretch_bounded_by_declared_cap
tests/test_c18_dialogue_masters.py::test_duration_advisor_within_tolerance_accepts
tests/test_c18_dialogue_masters.py::test_localize_skill_discovered_with_frontmatter
tests/test_c18_dialogue_masters.py::test_localize_skill_has_required_sections_and_flow
tests/test_c18_dialogue_masters.py::test_localize_skill_data_pack_matches_locale_and_route_vocabulary
tests/test_c18_dialogue_masters.py::test_no_local_acoustic_model_dependency
tests/test_c19_analysis.py::test_evidence_binds_exact_source_hash
tests/test_c19_analysis.py::test_report_round_trips_content_addressed
tests/test_c19_analysis.py::test_same_name_replacement_is_stale
tests/test_c19_analysis.py::test_missing_analysis_is_missing
tests/test_c19_analysis.py::test_deleting_report_is_inert_reanalyzable
tests/test_c19_analysis.py::test_low_confidence_axis_preserved_as_unknown
tests/test_c19_analysis.py::test_all_axes_optional
tests/test_c19_analysis.py::test_roi_tracks_extracted_for_reframe
tests/test_c19_analysis.py::test_exactly_one_new_public_schema
tests/test_c19_analysis.py::test_cloud_analyzer_refuses_when_not_qualified
tests/test_c19_analysis.py::test_report_dir_not_a_build_input
tests/test_c19_bridge.py::test_plan_binds_both_frame_hashes_and_refuses_empty
tests/test_c19_bridge.py::test_request_digest_is_deterministic_for_paid_recovery
tests/test_c19_bridge.py::test_real_bridge_is_qualification_gated
tests/test_c19_bridge.py::test_execute_rides_standard_path_append_only_binds_hashes
tests/test_c19_bridge.py::test_bridge_requires_current_bound_review_before_adoption
tests/test_c19_bridge.py::test_unapproved_bridge_never_reaches_final
tests/test_c19_cli.py::test_analyze_fixture_and_provider_gate
tests/test_c19_cli.py::test_reframe_and_tool_and_roughcut
tests/test_c19_orchestration.py::test_whitelist_is_exactly_the_contract_ops
tests/test_c19_orchestration.py::test_every_op_maps_to_an_existing_executor
tests/test_c19_orchestration.py::test_unknown_op_is_refused
tests/test_c19_orchestration.py::test_resolve_and_dry_run
tests/test_c19_orchestration.py::test_no_llm_planner_module_in_core
tests/test_c19_orchestration.py::test_c19_derived_modules_never_write_timeline_directly
tests/test_c19_orchestration.py::test_no_llm_import_in_derived_modules
tests/test_c19_orchestration.py::test_nle_section_binds_integer_frame_mapping
tests/test_c19_orchestration.py::test_manual_trim_marker_imports_as_reviewable_patch_zero_write
tests/test_c19_reframe.py::test_crop_keyframes_are_rate_limited
tests/test_c19_reframe.py::test_crop_window_matches_target_aspect_and_stays_in_source
tests/test_c19_reframe.py::test_safe_area_stays_inside_crop
tests/test_c19_reframe.py::test_infeasible_crop_falls_back_to_blanking
tests/test_c19_reframe.py::test_format_only_invariant_preserved
tests/test_c19_reframe.py::test_reframe_artifact_inert_until_adopted
tests/test_c19_reframe.py::test_multi_subject_conflict_is_needs_manual
tests/test_c19_reframe.py::test_ffmpeg_crop_expr_is_deterministic
tests/test_c19_reframe.py::test_execute_reframe_preserves_duration
tests/test_c19_roughcut.py::test_proposal_shape_and_default_annotate_only
tests/test_c19_roughcut.py::test_detects_filler_repetition_and_long_pause
tests/test_c19_roughcut.py::test_sensitive_ranges_optional_and_flagged
tests/test_c19_roughcut.py::test_reversible_apply_is_explicit_cutdown_not_timeline_write
tests/test_c19_roughcut.py::test_never_imports_timeline_writer
tests/test_c19_segments.py::test_segments_carry_contract_fields
tests/test_c19_segments.py::test_dialogue_completeness_from_word_timing
tests/test_c19_segments.py::test_cut_risk_from_boundary_adjacency_and_unknown
tests/test_c19_segments.py::test_cut_inside_no_cut_zone_blocks
tests/test_c19_segments.py::test_time_boundary_sanity
tests/test_c19_segments.py::test_edl_proposal_is_zero_write
tests/test_c19_segments.py::test_apply_is_cas
tests/test_c19_segments.py::test_cutdown_is_proposal_payload_not_a_schema
tests/test_c19_segments.py::test_cutdown_feeds_13c_editorial_cutdown_boundary
tests/test_c20a_corpus.py::test_manifest_top_level_shape
tests/test_c20a_corpus.py::test_partition_counts_match_cases
tests/test_c20a_corpus.py::test_no_duplicate_case_ids
tests/test_c20a_corpus.py::test_every_case_carries_the_required_annotation_fields
tests/test_c20a_corpus.py::test_all_licenses_are_self_made_synthetic
tests/test_c20a_corpus.py::test_expected_observations_use_the_real_section6_enums
tests/test_c20a_corpus.py::test_blocking_policy_and_repair_route_are_known_tokens
tests/test_c20a_corpus.py::test_no_absolute_paths_anywhere_in_the_manifest
tests/test_c20a_corpus.py::test_every_committed_image_sha256_matches_the_manifest
tests/test_c20a_corpus.py::test_committed_images_are_distinct_files
tests/test_c20a_corpus.py::test_committed_images_are_tiny_pngs_within_128px
tests/test_c20a_corpus.py::test_total_committed_corpus_is_under_300kb
tests/test_c20a_corpus.py::test_visual_builders_cover_exactly_the_manifest_visual_cases
tests/test_c20a_corpus.py::test_visual_generation_is_deterministic
tests/test_c20a_corpus.py::test_generator_produces_probe_conformant_media[technical.good]
tests/test_c20a_corpus.py::test_generator_produces_probe_conformant_media[technical.short]
tests/test_c20a_corpus.py::test_generator_produces_probe_conformant_media[technical.black_head_tail]
tests/test_c20a_corpus.py::test_generator_produces_probe_conformant_media[technical.freeze]
tests/test_c20a_corpus.py::test_generator_produces_probe_conformant_media[technical.bad_aspect]
tests/test_c20a_corpus.py::test_generator_produces_probe_conformant_media[technical.bad_fps]
tests/test_c20a_corpus.py::test_generator_produces_probe_conformant_media[technical.silent]
tests/test_c20a_corpus.py::test_generator_produces_probe_conformant_media[technical.clipped]
tests/test_c20a_corpus.py::test_generator_produces_probe_conformant_media[technical.audio_drift]
tests/test_c20a_corpus.py::test_corrupt_container_actually_fails_ffprobe
tests/test_c20a_corpus.py::test_black_and_freeze_fixtures_trip_the_production_detectors
tests/test_c20a_corpus.py::test_audio_drift_carries_a_real_stream_offset
tests/test_c20a_corpus.py::test_subtitle_overlap_fixture_has_overlapping_cues
tests/test_c20a_corpus.py::test_text_mutation_frames_differ
tests/test_c20a_corpus.py::test_generation_facts_are_deterministic
tests/test_c20a_corpus.py::test_provider_manifests_load_through_the_real_registry
tests/test_c20a_corpus.py::test_primary_and_twin_have_distinct_profile_digests
tests/test_c20a_corpus.py::test_reviewer_observation_is_deterministic
tests/test_c20a_corpus.py::test_reviewer_default_fallback_is_unknown
tests/test_c20a_corpus.py::test_twin_disagrees_exactly_where_declared
tests/test_c20a_corpus.py::test_twin_misses_a_blocker_the_primary_catches
tests/test_c20a_corpus.py::test_brief_packet_binds_the_reviewed_golden_bytes
tests/test_c20a_corpus.py::test_reviewer_verdict_drives_assurance_accepted
tests/test_c20a_corpus.py::test_reviewer_verdict_drives_assurance_rejected
tests/test_c20a_corpus.py::test_reviewer_verdict_drives_assurance_unknown
tests/test_c20a_corpus.py::test_twin_misses_the_blocker_end_to_end
tests/test_c20a_corpus.py::test_reviewer_maps_avoid_polarity_expectations
tests/test_c20a_corpus.py::test_reviewer_default_fallback_on_generated_media
tests/test_c20a_corpus.py::test_runtime_code_never_reads_the_golden_corpus
tests/test_c20a_corpus.py::test_verdict_schema_is_the_real_v2_contract
tests/test_c20b_corpus.py::test_calibration_primary_is_perfectly_calibrated
tests/test_c20b_corpus.py::test_calibration_twin_rates_match_the_declared_conflicts
tests/test_c20b_corpus.py::test_calibration_disagreement_is_the_declared_seven_of_eighteen
tests/test_c20b_corpus.py::test_calibration_blocker_disagreement_via_the_real_agreement_surface
tests/test_c20b_corpus.py::test_calibration_engages_drift_and_route_surfaces
tests/test_c20b_corpus.py::test_calibration_is_deterministic
tests/test_c20b_corpus.py::test_calibration_report_is_written_and_honest
tests/test_c20b_corpus.py::test_runtime_never_reads_the_calibration_output
tests/test_c20b_corpus.py::test_card_from_scripted_qualification
tests/test_c20b_corpus.py::test_card_goes_stale_when_the_profile_moves
tests/test_c20b_corpus.py::test_card_without_report_is_the_honest_config_floor
tests/test_c20b_corpus.py::test_card_is_a_deletable_derived_view
tests/test_c20b_corpus.py::test_card_never_carries_an_aggregate_score
tests/test_c20b_corpus.py::test_prompt_director_cases_trigger_their_declared_codes[pd.multi_beat.too_many_actions]
tests/test_c20b_corpus.py::test_prompt_director_cases_trigger_their_declared_codes[pd.clip_scope.multiple_completed]
tests/test_c20b_corpus.py::test_prompt_director_cases_trigger_their_declared_codes[pd.future_leak]
tests/test_c20b_corpus.py::test_prompt_director_cases_trigger_their_declared_codes[pd.ref.control_conflict]
tests/test_c20b_corpus.py::test_prompt_director_cases_trigger_their_declared_codes[pd.ref.transfer_undeclared]
tests/test_c20b_corpus.py::test_prompt_director_cases_trigger_their_declared_codes[pd.camera_action.motion_overload]
tests/test_c20b_corpus.py::test_prompt_director_cases_trigger_their_declared_codes[pd.continuation.endpoint_missing]
tests/test_c20b_corpus.py::test_prompt_director_cases_trigger_their_declared_codes[pd.clean.single_action]
tests/test_c20b_corpus.py::test_pd_one_variable_rule_enforced_by_the_real_intake
tests/test_c20b_corpus.py::test_pd_restart_row_is_an_honest_index_not_an_invented_check
tests/test_c20b_corpus.py::test_dp_platform_profile_checks_incl_disclosure_wording
tests/test_c20b_corpus.py::test_dp_platform_credential_leak_blocks
tests/test_c20b_corpus.py::test_dp_format_only_invariant_pure
tests/test_c20b_corpus.py::test_dp_cutdown_boundary_codes
tests/test_c20b_corpus.py::test_dp_reframe_crop_jump_and_safe_area_statuses
tests/test_c20b_corpus.py::test_dp_wordlist_is_deterministic_advisory_annotate_only
tests/test_c20b_corpus.py::test_dp_voice_provenance_gate
tests/test_c20b_corpus.py::test_dp_known_roles_and_the_textless_honest_gap
tests/test_c20b_corpus.py::test_dp_gap_row_is_recorded_honestly
tests/test_c20b_corpus.py::test_pr_live_preflight_reject_is_not_dispatched
tests/test_c20b_corpus.py::test_pr_live_post_send_timeout_is_outcome_unknown
tests/test_c20b_corpus.py::test_pr_partition_covers_the_contract_fault_list
tests/test_c20b_corpus.py::test_skill_eval_contract[sk.direct_shot_source_patch]
tests/test_c20b_corpus.py::test_skill_eval_contract[sk.review_take_and_route_repair]
tests/test_c20b_corpus.py::test_skill_eval_contract[sk.continue_from_accepted_take]
tests/test_c20b_corpus.py::test_skill_eval_contract[sk.localize_dialogue]
tests/test_c20b_corpus.py::test_skill_review_vocabulary_matches_the_code_enums
tests/test_c20b_corpus.py::test_skill_localize_data_pack_fields
tests/test_c20b_corpus.py::test_skill_continue_names_the_gate_codes
tests/test_c20b_corpus.py::test_every_evidence_ref_in_the_whole_corpus_is_fresh
tests/test_c20b_corpus.py::test_xp_core_imports_no_provider_sdk_or_llm
tests/test_c20b_corpus.py::test_xp_cross_platform_gates_are_split_into_dedicated_workflow_files
tests/test_c20b_corpus.py::test_xp_statuses_are_known_tokens
tests/test_c20b_corpus.py::test_20b_partition_counts_and_kinds
tests/test_c20b_corpus.py::test_20b_committed_golden_tree_stays_under_one_megabyte
tests/test_c20b_corpus.py::test_20b_wordlist_fixture_is_committed_and_licensed
tests/test_c21g_gates.py::test_a_board_expresses_the_visual_review_core
tests/test_c21g_gates.py::test_a_board_does_not_render_the_specialized_views
tests/test_c21g_gates.py::test_a_delegated_views_have_working_cli_service_owners
tests/test_c21g_gates.py::test_a_review_and_fix_transcript_and_surface_count
tests/test_c21g_gates.py::test_b_default_build_is_serial_so_order_is_irrelevant
tests/test_c21g_gates.py::test_b_reordering_ready_nodes_changes_only_wallclock_not_outcome
tests/test_c21g_gates.py::test_b_current_scheduler_dispatches_in_plan_order
tests/test_c21g_gates.py::test_b_benchmark_current_vs_oracle_5runs
tests/test_cancel_billing_disposition.py::test_paid_kind_self_reported_cancel_is_uncertain
tests/test_cancel_billing_disposition.py::test_provider_canceled_records_remote_job_id
tests/test_cancel_billing_disposition.py::test_non_paid_kind_cancel_has_no_billing_uncertainty
tests/test_cancel_billing_disposition.py::test_explicit_confirmed_canceled_disposition_is_preserved
tests/test_cancel_billing_disposition.py::test_job_to_dict_exposes_billing
tests/test_cancel_billing_disposition.py::test_runner_records_uncertain_billing_on_paid_cancel
tests/test_cancel_billing_disposition.py::test_runner_no_billing_on_non_paid_cancel
tests/test_cancel_billing_disposition.py::test_runner_records_provider_job_id_on_provider_canceled
tests/test_caption_breaks.py::test_break_lines_budget_and_losslessness
tests/test_caption_breaks.py::test_break_lines_prefers_punctuation
tests/test_caption_breaks.py::test_break_lines_hard_cut_without_punctuation
tests/test_caption_breaks.py::test_break_lines_respects_author_newlines
tests/test_caption_breaks.py::test_break_lines_noop_cases
tests/test_caption_breaks.py::test_compile_srt_breaks_at_budget
tests/test_caption_breaks.py::test_compile_srt_without_budget_is_unchanged
tests/test_caption_breaks.py::test_compile_ass_breaks_to_hard_N
tests/test_caption_breaks.py::test_compile_ass_manual_mode_passthrough
tests/test_caption_breaks.py::test_escape_ass_text_defeats_override_block
tests/test_caption_breaks.py::test_escape_ass_text_defeats_bare_hard_break_and_alpha
tests/test_caption_breaks.py::test_escape_ass_text_noop_on_plain_text
tests/test_caption_breaks.py::test_compile_ass_neutralizes_override_tag_in_cue
tests/test_caption_breaks.py::test_compile_ass_injection_guard_survives_manual_passthrough
tests/test_caption_breaks.py::test_compile_srt_is_unaffected_by_injection_guard
tests/test_card_visual_fixes.py::test_short_dialogue_stays_on_one_line[1080-1920]
tests/test_card_visual_fixes.py::test_short_dialogue_stays_on_one_line[1920-1080]
tests/test_card_visual_fixes.py::test_long_dialogue_still_wraps
tests/test_card_visual_fixes.py::test_card_paints_the_full_frame[1080-1920-caption]
tests/test_card_visual_fixes.py::test_card_paints_the_full_frame[1080-1920-chapter]
tests/test_card_visual_fixes.py::test_card_paints_the_full_frame[1920-1080-caption]
tests/test_card_visual_fixes.py::test_card_paints_the_full_frame[1920-1080-chapter]
tests/test_card_visual_fixes.py::test_gradient_actually_reaches_the_pixels
tests/test_card_visual_fixes.py::test_edge_pushed_text_keeps_a_margin
tests/test_check.py::test_healthy_project_passes
tests/test_check.py::test_scene_not_in_bible
tests/test_check.py::test_character_not_in_bible
tests/test_check.py::test_selected_take_nonexistent
tests/test_check.py::test_lock_violation_after_tampering_yaml_on_disk
tests/test_check.py::test_unsealed_lock_written_as_bare_list
tests/test_check.py::test_index_references_missing_shot
tests/test_check.py::test_secret_pattern_in_story_markdown
tests/test_check.py::test_unregistered_gen_media_flagged
tests/test_check.py::test_bible_cross_file_duplicate_id_is_error
tests/test_check.py::test_bible_no_duplicate_ids_passes
tests/test_check.py::test_unindexed_shot_warning_names_build_exclusion
tests/test_check.py::test_build_excludes_unindexed_shot_from_timeline
tests/test_check.py::test_cli_build_include_unindexed_flag_parses
tests/test_check.py::test_music_source_missing_is_error
tests/test_check.py::test_sfx_source_missing_is_error
tests/test_check.py::test_ambient_and_transition_sound_missing_are_errors
tests/test_check.py::test_asset_present_on_disk_passes
tests/test_check.py::test_logo_missing_is_error_when_enabled_warning_when_disabled
tests/test_check.py::test_watermark_missing_is_error_when_enabled
tests/test_check.py::test_asset_path_escaping_project_is_error
tests/test_check.py::test_routing_unknown_active_strategy_is_error
tests/test_check.py::test_routing_rule_unknown_provider_is_error
tests/test_check.py::test_routing_valid_file_passes
tests/test_check.py::test_shot_explicit_disabled_provider_is_error
tests/test_check.py::test_shot_explicit_unregistered_provider_is_not_a_check_error
tests/test_check.py::test_style_look_bad_shape_is_warning_not_error
tests/test_check.py::test_style_look_valid_passes_with_no_warning
tests/test_check.py::test_continuity_prop_ref_missing_is_error
tests/test_check.py::test_continuity_prop_ref_present_passes
tests/test_cli.py::test_status_json_has_shots_total_and_run_log
tests/test_cli.py::test_check_json_ok
tests/test_cli.py::test_select_json_selects_take_and_logs_event
tests/test_cli.py::test_select_refuses_traversal_shot_id_cleanly
tests/test_cli.py::test_lock_json_returns_hash_and_tamper_fails_check
tests/test_cli.py::test_lock_change_gate_requires_yes
tests/test_cli.py::test_import_json_copies_and_never_overwrites
tests/test_cli.py::test_gc_json_reports_freed_bytes
tests/test_cli.py::test_gc_hard_removes_sidecar_too_no_ghost_takes
tests/test_cli.py::test_takes_skip_ghosts_filters_media_less_sidecar
tests/test_cli.py::test_doctor_json_has_checks_list
tests/test_cli.py::test_rebuild_index_json_reports_runs
tests/test_cli.py::test_propose_creates_numbered_markdown
tests/test_cli.py::test_propose_shares_counter_with_core_helper
tests/test_cli.py::test_propose_concurrent_processes_get_distinct_numbers
tests/test_cli.py::test_auto_without_any_agent_cli_errors
tests/test_cli.py::test_redo_json_generates_local_take
tests/test_cli.py::test_redo_from_take_reuses_recipe
tests/test_cli.py::test_pack_excludes_rebuildable_caches
tests/test_cli.py::test_pack_never_follows_symlink_to_outside_file
tests/test_cli_conventions.py::test_dash_h_works_like_help[args0]
tests/test_cli_conventions.py::test_dash_h_works_like_help[args1]
tests/test_cli_conventions.py::test_dash_h_works_like_help[args2]
tests/test_cli_conventions.py::test_dash_h_and_help_agree
tests/test_cli_conventions.py::test_no_color_is_honoured_on_a_real_terminal
tests/test_cli_conventions.py::test_no_color_applies_to_command_output_not_just_help
tests/test_cli_conventions.py::test_progress_reporter_writes_to_stderr_only
tests/test_cli_conventions.py::test_progress_is_silent_under_json
tests/test_cli_conventions.py::test_progress_is_silent_when_not_interactive
tests/test_cli_conventions.py::test_progress_clears_its_line_when_finished
tests/test_cli_conventions.py::test_build_wires_the_reporter_into_the_engine
tests/test_closeout_c1.py::test_q01_disabled_provider_cannot_admit
tests/test_closeout_c1.py::test_q02_undeclared_capability_cannot_admit
tests/test_closeout_c1.py::test_q03_missing_profile_anchor_is_stale_or_blocked
tests/test_closeout_c1.py::test_q04_missing_adapter_anchor_is_stale_or_blocked
tests/test_closeout_c1.py::test_q05_missing_fixture_request_response_anchor_after_canary_is_stale
tests/test_closeout_c1.py::test_q06_forged_report_cannot_admit
tests/test_closeout_c1.py::test_q07_edited_report_level_cannot_admit
tests/test_closeout_c1.py::test_q08_deleting_report_does_not_erase_durable_authority
tests/test_closeout_c1.py::test_q09_malformed_durable_evidence_fails_closed
tests/test_closeout_c1.py::test_q10_dry_run_valid_cannot_launch_real_reviewer
tests/test_closeout_c1.py::test_q11_dry_run_valid_cannot_launch_real_analyzer
tests/test_closeout_c1.py::test_q12_dry_run_valid_cannot_launch_paid_bridge
tests/test_closeout_c1.py::test_q13_real_canary_with_current_anchors_admits_that_capability
tests/test_closeout_c1.py::test_q13b_stale_anchor_revokes_the_real_canary_admission
tests/test_closeout_c1.py::test_q14_qualification_for_a_never_admits_b
tests/test_closeout_c2.py::test_b01_description_change_changes_request_digest
tests/test_closeout_c2.py::test_b02_direction_params_and_endpoint_bytes_change_digest
tests/test_closeout_c2.py::test_b03_provider_receives_actual_endpoint_media
tests/test_closeout_c2.py::test_b04_endpoint_hash_mismatch_is_transport_zero
tests/test_closeout_c2.py::test_b05_direct_execute_unqualified_is_transport_zero
tests/test_closeout_c2.py::test_b06_cli_and_direct_share_the_same_gate
tests/test_closeout_c2.py::test_b07_fixed_bridge_spec_hash_forbidden
tests/test_closeout_c2.py::test_b08_arbitrary_review_dict_cannot_adopt
tests/test_closeout_c2.py::test_b09_stale_packet_or_verdict_cannot_adopt
tests/test_closeout_c2.py::test_b10_current_assurance_and_exact_bytes_propose_adoption
tests/test_closeout_c2.py::test_b11_unadopted_actual_source_path_hash_cannot_enter_final
tests/test_closeout_c2.py::test_b12_restart_resumes_same_submission_never_resubmits
tests/test_closeout_c3.py::test_m01_missing_media_does_not_read_analyzed
tests/test_closeout_c3.py::test_m02_malformed_report_not_consumed
tests/test_closeout_c3.py::test_m03_low_confidence_roi_not_auto_consumed
tests/test_closeout_c3.py::test_m04_key_moment_cut_is_blocked
tests/test_closeout_c3.py::test_m07_inverted_cutdown_apply_is_refused
tests/test_closeout_c3.py::test_m08_apply_refuses_blocking_no_cut_diagnostic
tests/test_closeout_c3.py::test_m09_apply_refuses_analysis_digest_mismatch
tests/test_closeout_c3.py::test_m05_open_tail_validates_after_duration_resolution
tests/test_closeout_c3.py::test_m06_overlapping_remove_ranges_normalize_deterministically
tests/test_closeout_c3.py::test_roughcut_to_cutdown_validate_apply_on_real_media
tests/test_closeout_c3.py::test_m10_unsorted_reframe_input_normalized_deterministically
tests/test_closeout_c3.py::test_m11_unequal_track_sampling_aligns_by_timestamp
tests/test_closeout_c3.py::test_m12_no_roi_is_explicit_fallback_not_smart_ok
tests/test_closeout_c3.py::test_m13_low_confidence_roi_is_needs_manual
tests/test_closeout_c3.py::test_m14_output_keyframe_time_strictly_increases
tests/test_closeout_c4.py::test_s01_wardrobe_and_voice_overlapping_variants_both_active
tests/test_closeout_c4.py::test_s02_same_field_contradiction_blocks
tests/test_closeout_c4.py::test_s03_stable_merge_independent_of_yaml_ordering
tests/test_closeout_c4.py::test_s04_scene_specific_changes_do_not_conflict_across_scenes
tests/test_closeout_c4.py::test_s05_shot_specific_state_does_not_leak_episode_wide
tests/test_closeout_c4.py::test_s06_missing_runtime_projection_makes_season_not_ready
tests/test_closeout_c5.py::test_a01_missing_voice_source_blocks_dialogue_full_not_mne
tests/test_closeout_c5.py::test_a02_dropped_clip_appears_in_index_with_reason
tests/test_closeout_c5.py::test_a03_two_hot_buses_do_not_clip_silently
tests/test_closeout_c5.py::test_a04_raw_stem_sum_not_mislabeled_program_master
tests/test_closeout_c5.py::test_a05_program_master_absent_with_recorded_reason
tests/test_closeout_c5.py::test_a06_mne_claim_is_bus_exclusion_not_content_proof
tests/test_cloud_estimate.py::test_cloud_generate_persists_estimate_on_ledger_row
tests/test_cloud_estimate.py::test_spend_report_includes_cloud_estimate_in_total_and_delta
tests/test_cloud_estimate.py::test_generation_request_default_estimate_is_none
tests/test_cloud_estimate.py::test_cloud_generate_without_estimate_records_none
tests/test_cockpit.py::test_cockpit_fresh_project_leads_with_onboarding
tests/test_cockpit.py::test_cockpit_stale_shot_is_a_risk_with_redo
tests/test_cockpit.py::test_cockpit_budget_near_limit_is_a_risk
tests/test_cockpit.py::test_cockpit_healthy_project_has_no_risks
tests/test_cockpit.py::test_cockpit_approvals_pending_counts_unapproved_selected
tests/test_cockpit.py::test_cockpit_degrades_per_block
tests/test_cockpit.py::test_cockpit_never_raises_on_broken_project
tests/test_cockpit.py::test_api_cockpit_over_http
tests/test_cockpit.py::test_api_cockpit_is_a_read_no_token_needed
tests/test_cockpit.py::test_api_cockpit_host_guarded
tests/test_cockpit.py::test_home_renders_cockpit_hero_and_blocks
tests/test_cockpit.py::test_home_cockpit_is_csp_and_xss_safe
tests/test_cockpit.py::test_home_cockpit_is_mode_aware
tests/test_cockpit_activity_row.py::test_the_detail_cell_may_actually_shrink
tests/test_cockpit_activity_row.py::test_the_detail_cell_does_not_break_mid_word
tests/test_cockpit_activity_row.py::test_the_overflow_becomes_an_ellipsis_not_a_clip
tests/test_cockpit_activity_row.py::test_the_fixed_cells_do_not_shrink[.ck-ev .badge]
tests/test_cockpit_activity_row.py::test_the_fixed_cells_do_not_shrink[.ck-ev .eaction]
tests/test_cockpit_activity_row.py::test_the_fixed_cells_do_not_shrink[.ck-ev .etime]
tests/test_cockpit_activity_row.py::test_the_shared_edetail_rule_still_wraps_elsewhere
tests/test_cockpit_activity_row.py::test_the_row_carries_the_full_text_as_a_tooltip
tests/test_cockpit_activity_row.py::test_the_activity_block_spans_two_columns
tests/test_cockpit_activity_row.py::test_span2_exists_as_a_real_rule
tests/test_color_tag_filter_w4.py::test_no_opt_in_adds_nothing_to_the_graph
tests/test_color_tag_filter_w4.py::test_opting_in_stamps_all_four_axes_on_the_frames
tests/test_color_tag_filter_w4.py::test_the_two_axes_ffmpeg_dropped_are_the_ones_covered
tests/test_color_tag_filter_w4.py::test_the_output_options_are_kept_as_well
tests/test_color_tag_filter_w4.py::test_a_project_that_never_opted_in_keeps_its_key
tests/test_color_tag_filter_w4.py::test_opting_in_re_keys_so_a_half_tagged_final_cannot_survive
tests/test_color_tag_filter_w4.py::test_turning_it_back_off_returns_the_original_key
tests/test_comfyui.py::test_input_mapping_poll_to_success_and_lineage
tests/test_comfyui.py::test_download_rejects_html_error_page
tests/test_comfyui.py::test_node_error_surfaces_node_id
tests/test_comfyui.py::test_workflow_validation_error_is_surfaced
tests/test_comfyui.py::test_submit_5xx_stays_provider_error
tests/test_comfyui.py::test_poll_5xx_is_transient_keeps_polling
tests/test_comfyui.py::test_poll_4xx_stays_terminal
tests/test_comfyui.py::test_poll_5xx_forever_hits_poll_timeout_not_infinite_loop
tests/test_comfyui.py::test_connection_refused_names_base_url
tests/test_comfyui.py::test_missing_workflow_file_is_invalid
tests/test_comfyui.py::test_output_selection_prefers_video_then_gif_then_image
tests/test_comfyui.py::test_output_node_pins_the_pick
tests/test_comfyui.py::test_fallback_chain_routes_image_to_video
tests/test_compare.py::test_take_change_names_old_and_new_take_with_providers_and_cause
tests/test_compare.py::test_added_removed_moved_and_duration_changes
tests/test_compare.py::test_caption_cue_diff
tests/test_compare.py::test_audio_and_packaging_diff
tests/test_compare.py::test_degrades_when_a_final_has_no_snapshot
tests/test_compare.py::test_identical_content_keys_reported
tests/test_compare.py::test_resolve_and_default_pair_errors
tests/test_compare.py::test_cli_compare_json_and_human
tests/test_compare.py::test_e2e_snapshot_persisted_idempotent_and_compare
tests/test_compiler.py::test_same_input_yields_byte_identical_json
tests/test_compiler.py::test_fingerprint_changes_when_take_source_changes
tests/test_compiler.py::test_empty_shots_raises_compile_error
tests/test_compiler.py::test_numeric_duration_wins_exactly_without_clamping
tests/test_compiler.py::test_auto_with_voice_uses_voice_plus_padding_clamped
tests/test_compiler.py::test_auto_without_voice_uses_take_duration_clamped
tests/test_compiler.py::test_auto_with_nothing_uses_default_shot_ms
tests/test_compiler.py::test_frame_grid_snap_rule
tests/test_compiler.py::test_last_clip_has_no_transition_others_carry_default
tests/test_compiler.py::test_clips_are_laid_out_sequentially
tests/test_compiler.py::test_captions_follow_voice_window_and_split_long_cjk
tests/test_compiler.py::test_captions_span_shot_when_no_voice
tests/test_compiler.py::test_no_captions_when_dialogue_empty
tests/test_compiler.py::test_music_clip_present_only_when_source_set_and_spans_full_duration
tests/test_compiler.py::test_no_music_clip_when_source_unset
tests/test_compiler.py::test_build_timeline_compiled_then_manual_takeover
tests/test_container.py::test_create_scaffolds_all_dirs_and_truth_files
tests/test_container.py::test_gitignore_covers_every_media_ext_under_gen
tests/test_container.py::test_create_preserves_chinese_directory_name
tests/test_container.py::test_create_appends_manju_suffix
tests/test_container.py::test_create_refuses_to_overwrite_existing_project
tests/test_container.py::test_find_walks_up_from_a_subdirectory
tests/test_container.py::test_find_raises_when_no_project_above
tests/test_container.py::test_register_take_is_append_only
tests/test_container.py::test_next_final_path_increments
tests/test_container.py::test_resolve_rejects_escape_above_root
tests/test_container.py::test_load_shot_missing_file_raises
tests/test_container.py::test_shot_path_refuses_unsafe_id[../../etc/passwd]
tests/test_container.py::test_shot_path_refuses_unsafe_id[..]
tests/test_container.py::test_shot_path_refuses_unsafe_id[a/b]
tests/test_container.py::test_shot_path_refuses_unsafe_id[a\\b]
tests/test_container.py::test_shot_path_refuses_unsafe_id[/etc/passwd]
tests/test_container.py::test_shot_path_refuses_unsafe_id[.hidden]
tests/test_container.py::test_shot_path_refuses_unsafe_id[]
tests/test_container.py::test_shot_path_refuses_unsafe_id[sssssssssssssssssssssssssssssssssssssssssssssssssssssssssssssssss]
tests/test_container.py::test_takes_dir_refuses_unsafe_id[../../etc/passwd]
tests/test_container.py::test_takes_dir_refuses_unsafe_id[..]
tests/test_container.py::test_takes_dir_refuses_unsafe_id[a/b]
tests/test_container.py::test_takes_dir_refuses_unsafe_id[a\\b]
tests/test_container.py::test_takes_dir_refuses_unsafe_id[/etc/passwd]
tests/test_container.py::test_takes_dir_refuses_unsafe_id[.hidden]
tests/test_container.py::test_takes_dir_refuses_unsafe_id[]
tests/test_container.py::test_takes_dir_refuses_unsafe_id[sssssssssssssssssssssssssssssssssssssssssssssssssssssssssssssssss]
tests/test_container.py::test_shot_path_never_escapes_project_root_for_traversal_id
tests/test_container.py::test_shot_path_accepts_ordinary_ids
tests/test_container.py::test_shot_spec_rejects_unsafe_id_at_model_validation
tests/test_container.py::test_shot_index_rejects_unsafe_order_entry
tests/test_container.py::test_provider_manifest_dir_refuses_unsafe_id
tests/test_container.py::test_provider_manifest_dir_accepts_ordinary_id
tests/test_container.py::test_save_load_shot_roundtrip_preserves_chinese
tests/test_container.py::test_register_take_from_imports_copies_even_with_move_true
tests/test_container.py::test_new_scaffolds_story_templates
tests/test_container.py::test_new_scaffolds_parseable_contract_examples_without_narrative_opt_in
tests/test_content_qc.py::test_parse_assertions_tiers
tests/test_content_qc.py::test_parse_assertions_empty
tests/test_content_qc.py::test_ocr_assertion_pass
tests/test_content_qc.py::test_ocr_assertion_fail
tests/test_content_qc.py::test_ocr_unknown_without_frames
tests/test_content_qc.py::test_must_show_violation_caught_by_machine
tests/test_content_qc.py::test_must_show_satisfied_passes
tests/test_content_qc.py::test_agent_tier_recorded
tests/test_content_qc.py::test_deep_qc_unknown_detectors_surface_as_info_never_silent
tests/test_core_integrity_scan.py::test_read_failures_survives_torn_multibyte_line
tests/test_core_integrity_scan.py::test_recents_lock_serializes_same_process_threads
tests/test_core_integrity_scan.py::test_touch_recent_keeps_newest_over_full_pinned_store
tests/test_core_integrity_scan.py::test_hash_value_handles_yaml_date
tests/test_core_integrity_scan.py::test_verify_locks_over_date_field_does_not_crash
tests/test_core_integrity_scan.py::test_register_take_advances_past_orphan_media
tests/test_core_integrity_scan.py::test_refs_report_survives_symlink_escaping_root
tests/test_crash_safety_campaign.py::test_frame_grid_roundtrip_is_identity
tests/test_crash_safety_campaign.py::test_frame_to_ms_error_stays_under_half_frame
tests/test_crash_safety_campaign.py::test_event_brief_is_bounded_and_never_a_repr
tests/test_crash_safety_campaign.py::test_line_state_machine_answers_exactly_one_honest_state
tests/test_crash_safety_campaign.py::test_sigkill_mid_build_never_breaks_the_disciplines
tests/test_create_page.py::test_rail_renders_all_seven_stages_fresh_current_brief
tests/test_create_page.py::test_rail_advances_current_when_brief_written
tests/test_create_page.py::test_workbench_textarea_loads_current_file
tests/test_create_page.py::test_workbench_save_writes_file_and_event
tests/test_create_page.py::test_workbench_save_creates_absent_file
tests/test_create_page.py::test_workbench_save_refuses_path_escape
tests/test_create_page.py::test_workbench_save_readonly_403
tests/test_create_page.py::test_workbench_save_token_guard
tests/test_create_page.py::test_scaffold_endpoint_matches_cli_template
tests/test_create_page.py::test_scaffold_endpoint_refuses_non_scaffoldable
tests/test_create_page.py::test_skill_endpoint_serves_body
tests/test_create_page.py::test_skill_endpoint_unknown_404
tests/test_create_page.py::test_skill_body_is_rendered_escaped_client_side
tests/test_create_page.py::test_plan_stage_lists_proposals_no_approve_button
tests/test_create_page.py::test_nav_entry_present
tests/test_create_page.py::test_page_is_csp_safe_no_inline_js
tests/test_create_page.py::test_state_endpoint_matches_funnel
tests/test_cut_membership.py::test_set_cut_order_drops_a_shot_without_touching_its_file
tests/test_cut_membership.py::test_a_dropped_shot_goes_back
tests/test_cut_membership.py::test_set_cut_order_refuses_ids_that_are_not_shots
tests/test_cut_membership.py::test_set_cut_order_refuses_duplicates
tests/test_cut_membership.py::test_set_cut_order_records_what_moved
tests/test_cut_membership.py::test_permute_index_still_refuses_a_subset
tests/test_cut_membership.py::test_cut_lists_the_cut_and_what_is_out
tests/test_cut_membership.py::test_cut_drop_and_restore_round_trip
tests/test_cut_membership.py::test_cut_drop_is_forgiving_about_a_shot_already_out
tests/test_cut_membership.py::test_cut_drop_rejects_an_unknown_shot
tests/test_cut_membership.py::test_cut_json_is_machine_readable
tests/test_cut_membership.py::test_cut_drop_accepts_the_shorthand
tests/test_cut_membership.py::test_gui_index_accepts_a_subset_only_with_the_cas_token
tests/test_cut_membership.py::test_the_edit_strip_offers_drop_and_a_way_back
tests/test_cut_membership.py::test_the_strip_renders_the_cut_not_every_file_on_disk
tests/test_cycle100_milestone_20260715.py::test_continuous_work_c100_marker
tests/test_cycle101_locale_build_cancel_map_20260715.py::test_locale_build_maps_provider_canceled
tests/test_cycle102_comfyui_cancel_source_20260715.py::test_comfyui_source_has_cancel
tests/test_cycle103_ledger_themes_20260715.py::test_continuous_ledger_mentions_cancel_and_locale
tests/test_cycle104_edge_tts_cancel_source_20260715.py::test_edge_tts_cancel_source
tests/test_cycle105_asr_cancel_source_20260715.py::test_asr_cancel_source
tests/test_cycle106_local_cmd_cancel_source_20260715.py::test_local_cmd_cancel_source
tests/test_cycle107_run_qc_cancel_source_20260715.py::test_run_qc_cancel_source
tests/test_cycle108_status_build_locale_source_20260715.py::test_status_build_locale_source
tests/test_cycle109_cockpit_build_locale_source_20260715.py::test_cockpit_build_locale_source
tests/test_cycle10_gate_tooltip_20260715.py::test_update_gates_job_running_tooltip
tests/test_cycle110_roundtrip_cancel_source_20260715.py::test_roundtrip_cancel_source
tests/test_cycle111_handle_rebuild_cancel_source_20260715.py::test_handle_rebuild_cancel_source
tests/test_cycle113_tts_cancel_source_20260715.py::test_tts_provider_canceled_source
tests/test_cycle11_locale_export_rows_20260715.py::test_deliverables_includes_locale_final_row
tests/test_cycle12_tts_cancel_20260715.py::test_tts_poll_accepts_should_cancel
tests/test_cycle12_tts_cancel_20260715.py::test_tts_synthesize_accepts_should_cancel
tests/test_cycle13_status_locale_20260715.py::test_status_locale_finals_and_note
tests/test_cycle14_gui_locale_finals_20260715.py::test_page_js_renders_locale_finals
tests/test_cycle14_gui_locale_finals_20260715.py::test_build_state_includes_locale_finals_key
tests/test_cycle15_cockpit_locale_20260715.py::test_phase_not_render_when_locale_finals
tests/test_cycle15_cockpit_locale_20260715.py::test_final_summary_falls_back_to_locale
tests/test_cycle16_board_locale_20260715.py::test_board_status_mentions_locale_finals
tests/test_cycle17_job_kind_zh_20260715.py::test_job_kind_zh_map
tests/test_cycle19_locale_budget_skip_20260715.py::test_graph_source_skips_locale_voice_on_budget
tests/test_cycle1_bugfix_20260715.py::test_locale_build_hard_fails_when_text_without_voice
tests/test_cycle1_bugfix_20260715.py::test_lang_exports_refused
tests/test_cycle1_bugfix_20260715.py::test_review_redo_sends_assume_yes
tests/test_cycle1_bugfix_20260715.py::test_storyboard_batch_assume_yes
tests/test_cycle1_bugfix_20260715.py::test_edit_trim_treats_canceled_as_failure
tests/test_cycle1_bugfix_20260715.py::test_kbd_hint_includes_n
tests/test_cycle1_bugfix_20260715.py::test_job_badge_waiting_user_label
tests/test_cycle22_comfyui_cancel_20260715.py::test_comfyui_poll_signature_accepts_should_cancel
tests/test_cycle22_comfyui_cancel_20260715.py::test_comfyui_poll_cancel_raises_provider_canceled
tests/test_cycle22_comfyui_cancel_20260715.py::test_comfyui_poll_no_cancel_still_succeeds
tests/test_cycle23_asr_cancel_20260715.py::test_asr_transcribe_signature_accepts_should_cancel
tests/test_cycle23_asr_cancel_20260715.py::test_asr_async_poll_cancel
tests/test_cycle23_asr_cancel_20260715.py::test_asr_async_poll_succeeds_without_cancel
tests/test_cycle24_voice_cancel_20260715.py::test_voice_in_cancelable_running_kinds
tests/test_cycle24_voice_cancel_20260715.py::test_act_voice_source_threads_should_cancel
tests/test_cycle25_redo_cancel_20260715.py::test_redo_shot_accepts_should_cancel
tests/test_cycle25_redo_cancel_20260715.py::test_redo_in_cancelable_running_kinds
tests/test_cycle25_redo_cancel_20260715.py::test_gui_redo_wires_should_cancel
tests/test_cycle26_cancelable_kinds_zh_20260715.py::test_cancelable_kinds_match_real_submit_names
tests/test_cycle26_cancelable_kinds_zh_20260715.py::test_ingest_running_is_cancelable
tests/test_cycle26_cancelable_kinds_zh_20260715.py::test_kind_zh_covers_ingest_and_series
tests/test_cycle27_tts_provider_canceled_20260715.py::test_tts_poll_cancel_raises_provider_canceled
tests/test_cycle27_tts_provider_canceled_20260715.py::test_locale_build_maps_provider_canceled
tests/test_cycle28_voice_batch_cancel_20260715.py::test_voice_batch_source_threads_should_cancel
tests/test_cycle28_voice_batch_cancel_20260715.py::test_voice_batch_signature_still_accepts_should_cancel
tests/test_cycle28_voice_batch_cancel_20260715.py::test_voice_batch_mid_poll_cancel_is_canceled_not_failed
tests/test_cycle29_edge_tts_cancel_20260715.py::test_edge_synthesize_accepts_should_cancel
tests/test_cycle29_edge_tts_cancel_20260715.py::test_edge_prestart_cancel_raises_provider_canceled
tests/test_cycle29_edge_tts_cancel_20260715.py::test_jkind_css_wider_for_zh_labels
tests/test_cycle2_bugfix_20260715.py::test_iter_voice_media_includes_locale
tests/test_cycle2_bugfix_20260715.py::test_rebuild_counts_voice_spend
tests/test_cycle2_bugfix_20260715.py::test_synthesize_locale_voices_accepts_should_cancel
tests/test_cycle2_bugfix_20260715.py::test_create_skill_has_catch
tests/test_cycle2_bugfix_20260715.py::test_series_timeout_clears_sticky_status
tests/test_cycle2_bugfix_20260715.py::test_funnel_locale_honesty_message
tests/test_cycle30_noncancel_note_20260715.py::test_running_noncancel_note_in_page
tests/test_cycle30_noncancel_note_20260715.py::test_asr_poll_raises_provider_canceled_signature
tests/test_cycle31_voice_preview_cancel_20260715.py::test_voice_preview_in_cancelable_kinds
tests/test_cycle31_voice_preview_cancel_20260715.py::test_preview_voice_accepts_should_cancel
tests/test_cycle31_voice_preview_cancel_20260715.py::test_gui_preview_wires_should_cancel
tests/test_cycle31_voice_preview_cancel_20260715.py::test_kind_zh_voice_preview
tests/test_cycle32_local_cmd_cancel_20260715.py::test_local_cmd_cancel_kills_long_process
tests/test_cycle32_local_cmd_cancel_20260715.py::test_local_cmd_source_has_cancel_poll_loop
tests/test_cycle33_export_cancel_20260715.py::test_export_in_cancelable_running_kinds
tests/test_cycle33_export_cancel_20260715.py::test_export_fn_uses_cancel_scope
tests/test_cycle34_repair_cancel_20260715.py::test_repair_in_cancelable_running_kinds
tests/test_cycle34_repair_cancel_20260715.py::test_repair_fn_uses_cancel_scope
tests/test_cycle35_loopback_no_proxy_20260715.py::test_is_loopback_host
tests/test_cycle35_loopback_no_proxy_20260715.py::test_default_transport_loopback_uses_empty_proxy
tests/test_cycle35_loopback_no_proxy_20260715.py::test_default_transport_remote_keeps_the_system_proxy
tests/test_cycle35_loopback_no_proxy_20260715.py::test_source_documents_c35
tests/test_cycle36_reachability_loopback_20260715.py::test_reachability_source_uses_loopback_no_proxy
tests/test_cycle36_reachability_loopback_20260715.py::test_reachability_comfyui_loopback_uses_empty_proxy
tests/test_cycle37_gui_qc_lang_20260715.py::test_act_qc_source_handles_lang
tests/test_cycle38_qc_button_lang_20260715.py::test_qc_button_uses_locale_finals
tests/test_cycle39_gui_build_lang_20260715.py::test_act_build_source_handles_lang
tests/test_cycle40_build_lang_select_20260715.py::test_build_panel_has_lang_select
tests/test_cycle41_plan_modal_lang_20260715.py::test_plan_modal_passes_lang
tests/test_cycle42_job_lang_chip_20260715.py::test_job_row_lang_chip
tests/test_cycle43_retry_build_lang_20260715.py::test_retry_build_fn_preserves_lang
tests/test_cycle45_locales_state_20260715.py::test_state_source_lists_locales
tests/test_cycle45_locales_state_20260715.py::test_page_lang_select_uses_last_locales
tests/test_cycle46_qc_cancel_20260715.py::test_run_qc_accepts_should_cancel
tests/test_cycle46_qc_cancel_20260715.py::test_qc_in_cancelable_kinds
tests/test_cycle46_qc_cancel_20260715.py::test_gui_qc_wires_should_cancel
tests/test_cycle47_build_qc_cancel_20260715.py::test_graph_qc_phase_passes_should_cancel
tests/test_cycle49_next_step_locale_20260715.py::test_status_source_build_locale_next_step
tests/test_cycle4_ux_20260715.py::test_director_run_has_catch
tests/test_cycle4_ux_20260715.py::test_job_row_shows_canceling_hint
tests/test_cycle4_ux_20260715.py::test_exports_accepts_job_envelope
tests/test_cycle50_cockpit_locale_next_20260715.py::test_cockpit_honors_build_locale_key
tests/test_cycle51_handle_rebuild_cancel_20260715.py::test_handle_rebuild_accepts_should_cancel
tests/test_cycle51_handle_rebuild_cancel_20260715.py::test_handle_rebuild_in_cancelable_kinds
tests/test_cycle51_handle_rebuild_cancel_20260715.py::test_gui_wires_handle_rebuild_cancel
tests/test_cycle51_handle_rebuild_cancel_20260715.py::test_kind_zh_handle_rebuild
tests/test_cycle52_roundtrip_cancel_20260715.py::test_apply_roundtrip_accepts_should_cancel
tests/test_cycle52_roundtrip_cancel_20260715.py::test_roundtrip_in_cancelable_kinds
tests/test_cycle52_roundtrip_cancel_20260715.py::test_gui_roundtrip_wires_cancel
tests/test_cycle53_next_step_locale_func_20260715.py::test_next_step_build_locale_when_lines_no_final
tests/test_cycle55_hero_build_lang_20260715.py::test_hero_build_passes_lang
tests/test_cycle56_roundtrip_cancel_func_20260715.py::test_apply_roundtrip_cancel_mid_selected_rows
tests/test_cycle57_kind_zh_covers_cancelable_20260715.py::test_kind_zh_covers_all_cancelable_kinds
tests/test_cycle57_kind_zh_covers_cancelable_20260715.py::test_endpoint_metadata_covers_all_cancelable_kinds
tests/test_cycle58_run_qc_cancel_func_20260715.py::test_run_qc_cancel_early
tests/test_cycle62_gui_waiting_user_20260715.py::test_gui_redo_voice_waiting_user
tests/test_cycle62_gui_waiting_user_20260715.py::test_job_strip_waiting_user_any_kind
tests/test_cycle63_batch_waiting_user_20260715.py::test_batch_jobs_catch_waiting_user
tests/test_cycle67_spend_banner_multi_kind_20260715.py::test_spend_kinds_map
tests/test_cycle69_switch_dismiss_waiting_20260715.py::test_project_switch_dismisses_any_waiting_user
tests/test_cycle71_multi_locale_qc_toast_20260715.py::test_qc_multi_locale_toast
tests/test_cycle73_voice_preview_waiting_20260715.py::test_voice_preview_spend_path
tests/test_cycle75_handle_rebuild_spend_20260715.py::test_spend_kinds_handle_rebuild
tests/test_cycle77_handle_rebuild_params_20260715.py::test_handle_rebuild_job_params_full
tests/test_cycle78_handle_rebuild_shot_key_20260715.py::test_handle_rebuild_accepts_shot_key
tests/test_cycle79_spend_gate_waiting_20260715.py::test_spend_gate_with_ask_before
tests/test_cycle79_spend_gate_waiting_20260715.py::test_spend_gate_assume_yes_skips
tests/test_cycle7_cancel_honesty_20260715.py::test_done_after_cancel_sets_honest_error
tests/test_cycle81_voice_provider_canceled_20260715.py::test_voice_maps_provider_canceled
tests/test_cycle86_redo_provider_canceled_20260715.py::test_redo_maps_provider_canceled
tests/test_cycle87_batch_result_canceled_20260715.py::test_batch_result_canceled_in_to_dict
tests/test_cycle88_cancelable_complete_20260715.py::test_jobrunner_pattern_canceled_dict
tests/test_cycle88_cancelable_complete_20260715.py::test_cancelable_kinds_complete
tests/test_cycle89_spend_kinds_complete_20260715.py::test_spend_kinds_complete
tests/test_cycle8_funnel_locale_20260715.py::test_plan_done_true_when_only_locale_final
tests/test_cycle8_funnel_locale_20260715.py::test_produce_done_still_false_without_base
tests/test_cycle93_ledger_exists_20260715.py::test_continuous_ledger_exists
tests/test_cycle94_voice_preview_handlers_20260715.py::test_voice_preview_handlers
tests/test_cycle95_series_new_not_cancelable_20260715.py::test_series_new_episode_not_running_cancelable
tests/test_cycle96_no_shell_true_20260715.py::test_no_shell_true_in_src
tests/test_cycle97_loopback_export_20260715.py::test_loopback_helper_exported
tests/test_cycle98_many_cycle_tests_20260715.py::test_continuous_cycle_tests_exist_many
tests/test_cycle99_residual_scan_doc_20260715.py::test_residual_scan_doc_exists
tests/test_cycle9_director_locale_20260715.py::test_director_locale_only_not_raw_missing_final
tests/test_director.py::test_propose_persists_annotated_proposal
tests/test_director.py::test_propose_rejects_unknown_action_type
tests/test_director.py::test_propose_rejects_bad_shape
tests/test_director.py::test_confirm_is_a_separate_explicit_step
tests/test_director.py::test_reject_is_terminal
tests/test_director.py::test_expiry_on_change_at_confirm
tests/test_director.py::test_expiry_on_change_between_confirm_and_execute
tests/test_director.py::test_list_marks_current_flag
tests/test_director.py::test_cost_figures_equal_action_plan
tests/test_director.py::test_local_ops_price_zero
tests/test_director.py::test_execute_snapshot_before_mutating_enables_one_step_rollback
tests/test_director.py::test_execute_ordering_stops_at_first_failure
tests/test_director.py::test_execute_build_passes_assume_yes_from_confirmed_state
tests/test_director.py::test_execute_diff_and_outcome_persisted
tests/test_director.py::test_execute_failure_in_nongit_snapshot_is_clean
tests/test_director.py::test_suggest_missing_shot_generates
tests/test_director.py::test_suggest_stale_shot_redo
tests/test_director.py::test_suggest_qc_errors_to_repair_action
tests/test_director.py::test_suggest_budget_near_limit
tests/test_director.py::test_suggest_action_payloads_round_trip_into_propose
tests/test_director.py::test_gui_page_and_assets_render
tests/test_director.py::test_gui_state_endpoint_shape
tests/test_director.py::test_gui_post_requires_token
tests/test_director.py::test_gui_host_guard
tests/test_director.py::test_gui_full_roundtrip_over_http
tests/test_director.py::test_gui_confirm_expired_is_409
tests/test_director.py::test_gui_readonly_blocks_mutation
tests/test_docs_closeout.py::test_readme_carries_a_table_of_contents_for_every_section
tests/test_docs_closeout.py::test_the_table_of_contents_is_reachable_without_scrolling
tests/test_docs_closeout.py::test_every_readme_anchor_is_unique
tests/test_docs_closeout.py::test_the_command_reference_moved_into_its_own_doc
tests/test_docs_closeout.py::test_the_superseded_design_doc_is_archived_and_says_so
tests/test_docs_closeout.py::test_no_live_doc_points_at_the_retired_design_path
tests/test_docs_closeout.py::test_last_green_never_claims_success_without_the_evidence[ubuntu]
tests/test_docs_closeout.py::test_last_green_never_claims_success_without_the_evidence[windows]
tests/test_docs_closeout.py::test_the_stamping_claim_matches_what_the_workflows_actually_do
tests/test_docs_closeout.py::test_last_green_is_never_a_build_input
tests/test_docs_closeout.py::test_the_generator_still_matches_the_files_shape
tests/test_docs_reachability.py::test_the_numbering_scopes_really_do_collide
tests/test_docs_reachability.py::test_every_bare_decision_reference_resolves_to_a_top_level_entry
tests/test_docs_reachability.py::test_every_named_section_entry_is_in_the_index
tests/test_docs_reachability.py::test_the_index_rule_is_stated_where_a_reader_will_hit_it
tests/test_docs_reachability.py::test_the_zero_cost_demo_is_documented_where_a_beginner_looks
tests/test_docs_reachability.py::test_the_quickstart_selects_a_file_it_actually_imported
tests/test_docs_reachability.py::test_the_owner_facing_docs_point_at_the_repo_state_file[README.md]
tests/test_docs_reachability.py::test_the_owner_facing_docs_point_at_the_repo_state_file[CLAUDE.md]
tests/test_doctor.py::test_run_doctor_none_shape_and_env_tools
tests/test_doctor.py::test_present_tool_lines_start_with_check_glyph
tests/test_doctor.py::test_run_doctor_with_project
tests/test_doctor.py::test_failing_project_check_gates_ok
tests/test_doctor.py::test_provider_manifest_entry_when_manifests_exist
tests/test_doctor.py::test_failing_manifest_validation_flips_ok
tests/test_doctor.py::test_manifest_load_errors_gate_ok_and_dedupe
tests/test_doctor.py::test_doctor_reports_build_lock_and_caches
tests/test_dr01_binding_pins.py::test_dr01_pin1_final_key_is_byte_sensitive
tests/test_dr01_binding_pins.py::test_dr01_pin2_final_key_is_selection_sensitive
tests/test_dr01_binding_pins.py::test_dr01_pin3_single_source_resolution
tests/test_dr01_plan_projection.py::test_dr01_p1_semantic_determinism
tests/test_dr01_plan_projection.py::test_dr01_p2_evidence_noise_independence
tests/test_dr01_plan_projection.py::test_dr01_p3_targeted_invalidation
tests/test_dr01_plan_projection.py::test_dr01_p4_explainability_union
tests/test_dr01_plan_projection.py::test_dr01_p5_stable_node_identity
tests/test_dr01_plan_projection.py::test_dr01_p6_plan_build_provider_parity
tests/test_dr01_plan_projection.py::test_dr01_p7_project_relative_timeline_path
tests/test_dr01_run_evidence.py::test_dr01_e1_sidecar_records_output_sha256
tests/test_dr01_run_evidence.py::test_dr01_e2_sidecar_inputs_reconstruct_final_key
tests/test_dr01_run_evidence.py::test_dr01_e3_run_id_correlates_final_to_run
tests/test_dr02_assurance.py::test_diff_truth_table
tests/test_dr02_assurance.py::test_01_execution_done_without_review_is_not_accepted
tests/test_dr02_assurance.py::test_02_all_pass_is_accepted
tests/test_dr02_assurance.py::test_03_any_fail_is_rejected
tests/test_dr02_assurance.py::test_04_no_fail_but_unknown_is_unknown
tests/test_dr02_assurance.py::test_05_only_legacy_is_legacy_reviewed
tests/test_dr02_assurance.py::test_06_no_explicit_expectations
tests/test_dr02_assurance.py::test_07_any_binding_change_is_stale[media-media]
tests/test_dr02_assurance.py::test_07_any_binding_change_is_stale[spec-spec]
tests/test_dr02_assurance.py::test_07_any_binding_change_is_stale[expectations-expectations]
tests/test_dr02_assurance.py::test_08_human_review_is_independent_of_assurance
tests/test_dr02_assurance.py::test_09_proposal_cites_exact_expectation_ids
tests/test_dr02_assurance.py::test_10_proposal_has_no_side_effects
tests/test_dr02_assurance.py::test_11_assurance_survives_manju_deletion
tests/test_dr02_assurance.py::test_12_output_is_deterministic
tests/test_dr02_assurance.py::test_13_policy_blocking_qc_error_blocks_acceptance_per_shot
tests/test_dr02_expectations.py::test_must_show_compiles_present_external_visual
tests/test_dr02_expectations.py::test_avoid_compiles_absent_external_visual
tests/test_dr02_expectations.py::test_lock_compiles_present_external_consistency
tests/test_dr02_expectations.py::test_all_three_sources_coexist
tests/test_dr02_expectations.py::test_exact_duplicate_collapses_to_one_id
tests/test_dr02_expectations.py::test_whitespace_and_nfc_variants_are_the_same_expectation
tests/test_dr02_expectations.py::test_no_explicit_constraints_yields_empty_set
tests/test_dr02_expectations.py::test_legacy_shot_without_quality_or_continuity_section
tests/test_dr02_expectations.py::test_reorder_must_show_keeps_ids_and_digest
tests/test_dr02_expectations.py::test_yaml_key_order_does_not_change_digest
tests/test_dr02_expectations.py::test_unicode_nfc_and_nfd_yield_the_same_id
tests/test_dr02_expectations.py::test_source_text_change_moves_digest
tests/test_dr02_expectations.py::test_must_show_edit_moves_both_spec_hash_and_digest
tests/test_dr02_expectations.py::test_lock_edit_moves_digest_only_not_spec_hash
tests/test_dr02_expectations.py::test_two_calls_deep_equal
tests/test_dr02_expectations.py::test_read_only_compile_does_not_touch_sources
tests/test_dr02_intake.py::test_brief_issues_a_persisted_content_addressed_packet
tests/test_dr02_intake.py::test_media_replacement_stores_stale_bound_to_A_not_B
tests/test_dr02_intake.py::test_clean_submit_is_bound
tests/test_dr02_intake.py::test_spec_change_stales_via_spec_binding_only
tests/test_dr02_intake.py::test_lock_change_stales_via_expectations_binding_only
tests/test_dr02_intake.py::test_missing_packet_rejects_whole_batch
tests/test_dr02_intake.py::test_forged_packet_content_id_mismatch_rejected
tests/test_dr02_intake.py::test_subject_mismatch_rejected
tests/test_dr02_intake.py::test_unknown_expectation_id_rejects_whole_batch
tests/test_dr02_intake.py::test_bad_observed_enum_rejected
tests/test_dr02_intake.py::test_partially_invalid_batch_writes_nothing
tests/test_dr02_intake.py::test_valid_batch_writes_all
tests/test_dr02_intake.py::test_path_traversal_in_evidence_refs_rejected
tests/test_dr02_intake.py::test_oversized_verdict_rejected
tests/test_dr02_intake.py::test_secret_bearing_verdict_rejected_not_stored
tests/test_dr02_intake.py::test_concurrent_appends_keep_lines_atomic
tests/test_dr02_intake.py::test_consistency_unit_member_change_stales_unit_evidence
tests/test_dr02_intake.py::test_legacy_v2_and_malformed_lines_coexist_in_one_log
tests/test_dr02_intake.py::test_echoed_binding_fields_must_match_the_packet
tests/test_dr02_race.py::test_dr02_wp0_same_name_media_replacement_race
tests/test_dr02_surfaces.py::test_qc_json_envelope_carries_assurance_states
tests/test_dr02_surfaces.py::test_qc_exit_code_unaffected_by_assurance
tests/test_dr02_surfaces.py::test_qc_json_and_md_on_disk_carry_assurance
tests/test_dr02_surfaces.py::test_repair_plan_yaml_unchanged_by_assurance
tests/test_dr02_surfaces.py::test_rejected_shot_yields_advisory_repair_suggestion
tests/test_dr02_surfaces.py::test_unknown_shot_points_at_brief_re_review
tests/test_dr02_surfaces.py::test_old_qc_json_without_assurance_block_suggest_works
tests/test_dr02_surfaces.py::test_write_reports_without_assurance_is_additive
tests/test_dr03a_shotpackage.py::test_01_key_order_digest_stability
tests/test_dr03a_shotpackage.py::test_02_created_at_and_package_id_excluded_from_digest
tests/test_dr03a_shotpackage.py::test_03_duplicate_draft_and_proposed_ids_rejected
tests/test_dr03a_shotpackage.py::test_04_path_traversal_and_absolute_rejected
tests/test_dr03a_shotpackage.py::test_05_unknown_schema_major_rejected
tests/test_dr03a_shotpackage.py::test_06_missing_bible_ref_is_unresolved_never_silently_created
tests/test_dr03a_shotpackage.py::test_07_creative_suggestions_never_become_hard_constraints
tests/test_dr03a_shotpackage.py::test_08_draft_ids_never_mint_shot_identity
tests/test_dr03a_shotpackage.py::test_09_inspect_is_zero_write
tests/test_dr03a_shotpackage.py::test_10_cas_index_mutation_between_plan_and_apply_refuses
tests/test_dr03a_shotpackage.py::test_11_locked_existing_shot_stays_conflict_unrelated_create_untouched
tests/test_dr03a_shotpackage.py::test_12_half_state_impossible_on_index_write_failure
tests/test_dr03a_shotpackage.py::test_13_check_failure_rolls_back_and_returns_evidence
tests/test_dr03a_shotpackage.py::test_14_reapply_is_idempotent_no_duplicate_index_entries
tests/test_dr03a_shotpackage.py::test_15_stale_source_revision_warns_current_does_not
tests/test_dr03a_shotpackage.py::test_16_plan_json_is_stable_and_paths_are_project_relative
tests/test_dr03a_shotpackage.py::test_17_cli_and_service_share_one_plan
tests/test_dr03a_shotpackage.py::test_18_events_carry_no_secrets_or_prompt_text
tests/test_dr03a_shotpackage.py::test_schema_constants_are_v1
tests/test_dr03a_shotpackage.py::test_14b_reapply_with_empty_proposed_ids_is_refused_not_duplicated
tests/test_dr03b_characterization.py::test_c1_final_build_refuses_when_a_required_shot_has_no_usable_take
tests/test_dr03b_characterization.py::test_c1_audition_target_tolerates_missing_take_via_slate_by_design
tests/test_dr03b_characterization.py::test_c2_no_multiparent_handoff_concept_in_manju
tests/test_dr03b_characterization.py::test_c2_no_explicit_dependency_edge_graph
tests/test_dr03b_graphdiag.py::test_01_cycle_path_stable_regardless_of_insertion_order
tests/test_dr03b_graphdiag.py::test_02_unknown_duplicate_and_self_edges_flagged
tests/test_dr03b_graphdiag.py::test_03_failed_required_predecessor_blocks_successor
tests/test_dr03b_graphdiag.py::test_04_canceled_waiting_unknown_do_not_unlock[CANCELED-BLOCKED_BY_CANCELED_ANCESTOR-BLOCKED]
tests/test_dr03b_graphdiag.py::test_04_canceled_waiting_unknown_do_not_unlock[UNKNOWN-UNKNOWN_ANCESTOR-BLOCKED]
tests/test_dr03b_graphdiag.py::test_04_canceled_waiting_unknown_do_not_unlock[WAITING_USER-WAITING_ANCESTOR-WAITING]
tests/test_dr03b_graphdiag.py::test_05_valid_cache_hit_satisfies_invalid_does_not
tests/test_dr03b_graphdiag.py::test_06_optional_edge_does_not_block
tests/test_dr03b_graphdiag.py::test_07_blocked_ancestry_root_cause_path_multi_hop
tests/test_dr03b_graphdiag.py::test_08_state_flip_to_succeeded_makes_successor_ready
tests/test_dr03b_graphdiag.py::test_09_multiparent_without_handoff_flagged_and_unknown_parent
tests/test_dr03b_graphdiag.py::test_10_predecessor_order_permutation_changes_nothing
tests/test_dr03b_graphdiag.py::test_11_functions_do_not_mutate_inputs
tests/test_dr03b_graphdiag.py::test_12_dict_insertion_order_irrelevant
tests/test_dr03b_graphdiag.py::test_13_canonical_json_byte_stable_across_runs
tests/test_dr03b_graphdiag.py::test_14_explain_graph_json_and_human
tests/test_dr03b_graphdiag.py::test_15_derive_build_graph_models_only_real_dependencies
tests/test_dr03b_graphdiag.py::test_15b_derive_is_read_only
tests/test_dr03b_graphdiag.py::test_16_diagnose_carries_no_scheduling_directive
tests/test_dr03b_graphdiag.py::test_schema_constant_is_v1
tests/test_dr03b_graphdiag.py::test_merge_policy_satisfies_handoff_rule_and_real_projects_are_clean
tests/test_dr03c_attempts.py::test_attempt_has_stable_identity_and_schema
tests/test_dr03c_attempts.py::test_states_are_the_eleven_and_never_a_done_boolean
tests/test_dr03c_attempts.py::test_unknown_state_normalises_to_unknown_legacy
tests/test_dr03c_attempts.py::test_one_event_per_attempt_no_begin_end_pairs
tests/test_dr03c_attempts.py::test_redaction_drops_credentials_prompts_and_signed_urls
tests/test_dr03c_attempts.py::test_provider_request_evidence_digests_over_redacted_params
tests/test_dr03c_attempts.py::test_paths_are_project_relative_never_absolute
tests/test_dr03c_attempts.py::test_concurrent_appends_never_lose_or_tear_a_line
tests/test_dr03c_attempts.py::test_torn_tail_line_reports_malformed_but_projection_survives
tests/test_dr03c_attempts.py::test_reader_ignores_non_attempt_and_foreign_lines
tests/test_dr03c_attempts.py::test_manifest_is_deterministic_for_the_same_event_set
tests/test_dr03c_attempts.py::test_manifest_is_derived_atomic_and_deletable
tests/test_dr03c_attempts.py::test_manifest_never_claims_a_file_without_an_attempt
tests/test_dr03c_attempts.py::test_manifest_costs_prefer_actual_and_never_double_count
tests/test_dr03c_attempts.py::test_verify_outputs_flags_mutated_bytes
tests/test_dr03c_attempts.py::test_semantic_digest_excludes_incidentals
tests/test_dr03c_lifecycle.py::test_fallback_chain_records_abc_parentage_and_preserves_failures
tests/test_dr03c_lifecycle.py::test_invalid_before_submit_is_rejected_precheck
tests/test_dr03c_lifecycle.py::test_evidence_none_emits_nothing
tests/test_dr03c_lifecycle.py::test_succeeded_record_lands_only_after_media_is_committed_and_hashed
tests/test_dr03c_lifecycle.py::test_evidence_append_failure_after_commit_warns_never_deletes_media
tests/test_dr03c_lifecycle.py::test_cancel_emits_canceled_run_attempt_and_manifest
tests/test_dr03c_lifecycle.py::test_spend_gate_emits_waiting_user_with_no_provider_submission
tests/test_dr03c_lifecycle.py::test_dry_run_emits_no_attempts
tests/test_dr03c_lifecycle.py::test_build_run_id_on_result_and_to_dict
tests/test_dr03c_lifecycle.py::test_build_emits_cache_hit_render_and_run_attempts
tests/test_dr03c_lifecycle.py::test_render_output_sha_reuses_the_dr01_sidecar
tests/test_dr03c_lifecycle.py::test_second_build_render_is_skipped_cache_hit
tests/test_dr03c_lifecycle.py::test_manifest_terminal_status_and_verify_outputs
tests/test_dr03c_lifecycle.py::test_tasks_attempt_id_equals_events_attempt_id
tests/test_dr03c_lifecycle.py::test_rebuild_index_works_from_sidecars_after_manju_and_manifests_deleted
tests/test_dr03c_lifecycle.py::test_build_still_succeeds_after_its_manifest_is_deleted
tests/test_dr03c_lifecycle.py::test_cli_tasks_manifest_rematerializes
tests/test_dr03c_lifecycle.py::test_cloud_self_recorded_ledger_rows_share_the_attempt_id
tests/test_dr03c_lifecycle.py::test_manifest_names_the_invocation_command_target_mode
tests/test_dr04_catalog.py::test_01_schema_string
tests/test_dr04_catalog.py::test_02_digest_deterministic_across_calls
tests/test_dr04_catalog.py::test_03_digest_excludes_credential_presence
tests/test_dr04_catalog.py::test_04_digest_excludes_mtime
tests/test_dr04_catalog.py::test_05_no_secrets_or_absolute_paths
tests/test_dr04_catalog.py::test_06_credential_requirements_names_only
tests/test_dr04_catalog.py::test_07_broken_manifest_surfaced_healthy_retained
tests/test_dr04_catalog.py::test_08_providers_sorted
tests/test_dr04_catalog.py::test_09_profile_id_format
tests/test_dr04_catalog.py::test_10_projection_is_pure_delete_rebuild_safe
tests/test_dr04_catalog.py::test_11_builtins_present_local_empty_caps
tests/test_dr04_catalog.py::test_12_disabled_reflected
tests/test_dr04_catalog.py::test_13_max_resolution_surfaced_verbatim
tests/test_dr04_catalog.py::test_14_structured_limits_not_invented
tests/test_dr04_catalog.py::test_15_capability_profiles_overlay_absent
tests/test_dr04_catalog.py::test_16_profile_digest_stable
tests/test_dr04_catalog.py::test_17_profile_digest_moves_on_semantic_change
tests/test_dr04_catalog.py::test_18_source_digest_and_free_probe
tests/test_dr04_catalog.py::test_18b_iter_descriptors_returns_errors
tests/test_dr04_catalog.py::test_36_providers_catalog_json_and_output
tests/test_dr04_catalog.py::test_36b_providers_catalog_human_no_secrets
tests/test_dr04_catalog.py::test_37_providers_check_structured_sections
tests/test_dr04_characterization.py::test_char_catalog_projects_manifest_facts
tests/test_dr04_characterization.py::test_char_catalog_marks_disabled
tests/test_dr04_characterization.py::test_char_catalog_includes_builtins_as_local
tests/test_dr04_characterization.py::test_char_broken_manifest_excluded_healthy_retained
tests/test_dr04_characterization.py::test_char_duplicate_id_is_a_load_error
tests/test_dr04_characterization.py::test_char_default_strategy_matches_fallback_chain
tests/test_dr04_characterization.py::test_char_cheapest_orders_by_real_price
tests/test_dr04_characterization.py::test_char_duration_over_limit_rejected_zero_submits
tests/test_dr04_characterization.py::test_char_duration_within_limit_allows_submit
tests/test_dr04_characterization.py::test_char_placeholder_map_vocabulary
tests/test_dr04_characterization.py::test_char_render_body_unknown_placeholder_is_invalid
tests/test_dr04_characterization.py::test_char_refbudget_no_budget_keeps_all_refs
tests/test_dr04_preflight.py::test_19_compatible_happy_path
tests/test_dr04_preflight.py::test_20_not_registered_is_incompatible
tests/test_dr04_preflight.py::test_21_disabled_is_incompatible
tests/test_dr04_preflight.py::test_22_capability_mismatch_is_incompatible
tests/test_dr04_preflight.py::test_23_duration_over_max_is_incompatible
tests/test_dr04_preflight.py::test_24_preflight_failure_means_zero_transport_submits
tests/test_dr04_preflight.py::test_25_unknown_body_placeholder_is_incompatible
tests/test_dr04_preflight.py::test_26_known_placeholders_incl_params_are_compatible
tests/test_dr04_preflight.py::test_27_refs_over_capacity_is_omission_not_incompatible
tests/test_dr04_preflight.py::test_28_same_effective_refs_preflight_vs_submit
tests/test_dr04_preflight.py::test_29_builtin_no_facts_is_unknown_legacy_never_skipped
tests/test_dr04_preflight.py::test_30_max_resolution_warns_never_blocks
tests/test_dr04_preflight.py::test_31_first_last_unsupported_is_omission
tests/test_dr04_preflight.py::test_32_never_infers_from_prompt_or_shot_size
tests/test_dr04_preflight.py::test_33_routing_skips_duration_incompatible_with_visible_reason
tests/test_dr04_preflight.py::test_34_explicit_incompatible_pin_fails_before_submit
tests/test_dr04_preflight.py::test_35_cheapest_compares_only_compatible_candidates
tests/test_dr04_preflight.py::test_38_regression_default_order_and_explain_surfaces_skip
tests/test_dr04_preflight.py::test_placeholder_vocabulary_is_single_source
tests/test_dr06_admission.py::test_write_order_prepared_dispatching_admitted_success
tests/test_dr06_admission.py::test_prepared_and_dispatching_persist_before_submit
tests/test_dr06_admission.py::test_admitted_event_lands_before_the_sqlite_job_projection
tests/test_dr06_admission.py::test_prepared_persist_failure_blocks_the_paid_submit
tests/test_dr06_admission.py::test_claim_failure_blocks_the_paid_submit
tests/test_dr06_admission.py::test_atomic_claim_rowcount_is_the_cas
tests/test_dr06_admission.py::test_two_racing_runtimestates_only_one_claims
tests/test_dr06_admission.py::test_crash_after_prepared_before_claim_recovers_as_unresolved
tests/test_dr06_admission.py::test_crash_after_claim_before_submit_leaves_dispatching_fail_closed_next
tests/test_dr06_admission.py::test_crash_between_admitted_event_and_projection_recovers_from_evidence
tests/test_dr06_admission.py::test_dns_failure_is_not_dispatched_and_may_retry
tests/test_dr06_admission.py::test_definite_4xx_is_remote_rejected_and_stops_but_fallback_eligible
tests/test_dr06_admission.py::test_submit_timeout_after_send_is_outcome_unknown_no_retry
tests/test_dr06_admission.py::test_unparseable_2xx_receipt_is_outcome_unknown
tests/test_dr06_admission.py::test_5xx_submit_is_outcome_unknown_not_definite
tests/test_dr06_admission.py::test_pre_transport_invalid_is_not_dispatched
tests/test_dr06_admission.py::test_registry_stops_fallback_on_outcome_unknown
tests/test_dr06_admission.py::test_registry_still_falls_back_on_definite_rejection
tests/test_dr06_admission.py::test_definite_poll_failure_after_admitted_is_terminal_failure
tests/test_dr06_admission.py::test_local_providers_never_create_a_submission
tests/test_dr06_admission.py::test_failed_attempt_is_never_overwritten_by_a_later_success
tests/test_dr06_admission.py::test_28b_raw_unclassified_submit_exception_defaults_to_unknown
tests/test_dr06_characterization.py::test_char_dangling_intent_is_advisory_not_blocking
tests/test_dr06_characterization.py::test_char_pending_lookup_now_requires_digest_correlation
tests/test_dr06_characterization.py::test_char_submit_timeout_is_now_outcome_unknown_no_retry
tests/test_dr06_characterization.py::test_char_unparseable_submit_ok_is_now_outcome_unknown
tests/test_dr06_characterization.py::test_char_intent_params_hash_is_bare_params_not_full_semantics
tests/test_dr06_characterization.py::test_char_intents_table_gains_submission_columns_additively
tests/test_dr06_characterization.py::test_char_broken_runtime_state_now_fails_closed_on_cloud_submit
tests/test_dr06_characterization.py::test_char_fresh_cache_hit_never_reaches_the_cloud_provider
tests/test_dr06_characterization.py::test_char_clean_cloud_success_records_one_succeeded_run
tests/test_dr06_identity.py::test_submission_id_format_and_uniqueness
tests/test_dr06_identity.py::test_submission_id_is_not_the_request_digest
tests/test_dr06_identity.py::test_identity_schema_and_included_fields
tests/test_dr06_identity.py::test_compiled_prompt_is_digested_never_stored
tests/test_dr06_identity.py::test_digest_is_stable_for_same_semantics
tests/test_dr06_identity.py::test_digest_moves_when_profile_digest_changes
tests/test_dr06_identity.py::test_digest_moves_on_any_semantic_field[shot_id-S002]
tests/test_dr06_identity.py::test_digest_moves_on_any_semantic_field[spec_hash-sha256:other]
tests/test_dr06_identity.py::test_digest_moves_on_any_semantic_field[capability-image_to_video]
tests/test_dr06_identity.py::test_digest_moves_on_any_semantic_field[duration_ms-5000]
tests/test_dr06_identity.py::test_digest_moves_on_any_semantic_field[candidates-2]
tests/test_dr06_identity.py::test_digest_moves_on_any_semantic_field[seed-8]
tests/test_dr06_identity.py::test_digest_moves_on_any_semantic_field[first_frame-True]
tests/test_dr06_identity.py::test_digest_moves_on_any_semantic_field[last_frame-True]
tests/test_dr06_identity.py::test_digest_moves_when_params_change
tests/test_dr06_identity.py::test_digest_excludes_secrets_and_signed_urls_in_params
tests/test_dr06_identity.py::test_canonical_params_bool_is_distinct_from_int
tests/test_dr06_identity.py::test_canonical_params_key_order_irrelevant
tests/test_dr06_identity.py::test_canonical_params_path_is_project_relative
tests/test_dr06_identity.py::test_ref_fact_shape_and_delivery_order_matters
tests/test_dr06_identity.py::test_ref_fact_strips_signed_url_logical_id
tests/test_dr06_identity.py::test_states_and_legal_transitions_map_is_complete
tests/test_dr06_identity.py::test_happy_path_transitions_are_legal
tests/test_dr06_identity.py::test_recovery_transitions_are_legal
tests/test_dr06_identity.py::test_illegal_transitions_are_rejected
tests/test_dr06_identity.py::test_unknown_state_normalizes_to_legacy_never_invented
tests/test_dr06_identity.py::test_disposition_for_status_undeclared[400-OUTCOME_UNKNOWN]
tests/test_dr06_identity.py::test_disposition_for_status_undeclared[401-OUTCOME_UNKNOWN]
tests/test_dr06_identity.py::test_disposition_for_status_undeclared[403-OUTCOME_UNKNOWN]
tests/test_dr06_identity.py::test_disposition_for_status_undeclared[404-OUTCOME_UNKNOWN]
tests/test_dr06_identity.py::test_disposition_for_status_undeclared[409-OUTCOME_UNKNOWN]
tests/test_dr06_identity.py::test_disposition_for_status_undeclared[422-OUTCOME_UNKNOWN]
tests/test_dr06_identity.py::test_disposition_for_status_undeclared[429-OUTCOME_UNKNOWN]
tests/test_dr06_identity.py::test_disposition_for_status_undeclared[500-OUTCOME_UNKNOWN]
tests/test_dr06_identity.py::test_disposition_for_status_undeclared[502-OUTCOME_UNKNOWN]
tests/test_dr06_identity.py::test_disposition_for_status_undeclared[503-OUTCOME_UNKNOWN]
tests/test_dr06_identity.py::test_disposition_for_status_undeclared[408-OUTCOME_UNKNOWN]
tests/test_dr06_identity.py::test_disposition_for_status_undeclared[200-ADMITTED]
tests/test_dr06_identity.py::test_disposition_for_status_declared_is_definite[400]
tests/test_dr06_identity.py::test_disposition_for_status_declared_is_definite[401]
tests/test_dr06_identity.py::test_disposition_for_status_declared_is_definite[403]
tests/test_dr06_identity.py::test_disposition_for_status_declared_is_definite[404]
tests/test_dr06_identity.py::test_disposition_for_status_declared_is_definite[409]
tests/test_dr06_identity.py::test_disposition_for_status_declared_is_definite[422]
tests/test_dr06_identity.py::test_disposition_for_status_declared_is_definite[429]
tests/test_dr06_identity.py::test_disposition_for_transport_error_only_dns_and_refused_are_not_dispatched
tests/test_dr06_identity.py::test_disposition_to_state_mapping
tests/test_dr06_identity.py::test_idempotency_key_is_stable_and_secret_free
tests/test_dr06_identity.py::test_intact_chain_verifies
tests/test_dr06_identity.py::test_tampered_event_breaks_the_chain
tests/test_dr06_identity.py::test_dropped_event_breaks_the_chain
tests/test_dr06_identity.py::test_redact_reason_strips_signed_url_and_bounds
tests/test_dr06_recovery.py::test_admitted_resume_requires_digest_match
tests/test_dr06_recovery.py::test_dispatching_unknown_same_shot_provider_fails_closed
tests/test_dr06_recovery.py::test_digest_mismatched_admitted_is_a_conflict_not_a_silent_poll
tests/test_dr06_recovery.py::test_no_ttl_dispatching_never_expires
tests/test_dr06_recovery.py::test_rebuild_restores_unresolved_and_ignores_terminal
tests/test_dr06_recovery.py::test_corrupt_chain_fails_closed_only_that_shot_provider
tests/test_dr06_recovery.py::test_tasks_json_lists_unresolved_submissions
tests/test_dr06_recovery.py::test_abandon_subcommand_records_terminal_and_preserves_history
tests/test_dr06_recovery.py::test_attach_remote_job_admits_and_is_poll_only
tests/test_dr06_recovery.py::test_attach_rejects_wrong_expected_state
tests/test_dr06_recovery.py::test_no_retry_unknown_subcommand_exists
tests/test_dr06_recovery.py::test_declared_idempotency_injects_stable_header
tests/test_dr06_recovery.py::test_undeclared_provider_injects_no_idempotency_header
tests/test_dr06_recovery.py::test_idempotent_recovery_redispatches_same_submission_and_key
tests/test_dr06_recovery.py::test_legacy_intent_row_reads_as_unknown_legacy
tests/test_e2e_m0.py::test_m0_full_build
tests/test_e2e_m0.py::test_m0_reopen_state_intact
tests/test_e2e_m0.py::test_m0_runtime_dir_disposable
tests/test_e2e_m0.py::test_m0_incremental_rerender
tests/test_e2e_m0.py::test_m0_missing_media_detected
tests/test_e2e_m0.py::test_m0_pack_roundtrip
tests/test_edge_tts.py::test_module_class_escape_hatch_resolves
tests/test_edge_tts.py::test_unloadable_adapter_is_actionable
tests/test_edge_tts.py::test_voice_resolution_bible_wins
tests/test_edge_tts.py::test_live_synthesis_registers_real_voice_take
tests/test_edit_v3.py::test_playback_manifest_orders_clips_with_source_in_offsets
tests/test_edit_v3.py::test_playback_manifest_honest_empty_before_any_timeline
tests/test_edit_v3.py::test_playback_manifest_marks_missing_source_unavailable
tests/test_edit_v3.py::test_playback_manifest_pending_row_lazy_generation_and_dedup
tests/test_edit_v3.py::test_playback_manifest_resolves_to_ready_after_real_transcode
tests/test_edit_v3.py::test_edit_page_neither_tier_available_keeps_original_honest_empty_state
tests/test_edit_v3.py::test_edit_page_defaults_to_tier2_when_only_timeline_exists
tests/test_edit_v3.py::test_edit_page_defaults_to_tier1_with_toggle_when_final_exists
tests/test_edit_v3.py::test_edit_js_carries_tier2_pool_sequencing_structure
tests/test_edit_v3.py::test_caption_style_default_is_byte_identical_to_pre_change
tests/test_edit_v3.py::test_caption_rules_new_fields_default_to_none
tests/test_edit_v3.py::test_caption_style_round_trips_rules_write_into_ass_output
tests/test_edit_v3.py::test_caption_style_clear_resets_every_field_to_none
tests/test_edit_v3.py::test_caption_style_rejects_invalid_values
tests/test_edit_v3.py::test_edit_page_renders_caption_style_panel_with_hints
tests/test_edit_v3.py::test_caption_style_preview_serves_an_image
tests/test_edit_v3.py::test_packaging_card_hash_default_preset_is_byte_identical_to_pre_change
tests/test_edit_v3.py::test_packaging_card_style_preset_validates_known_names
tests/test_edit_v3.py::test_caption_card_default_style_matches_explicit_defaults
tests/test_edit_v3.py::test_caption_card_preset_knobs_change_the_command
tests/test_edit_v3.py::test_html_card_preset_changes_background_default_is_byte_identical
tests/test_edit_v3.py::test_cardprev_render_card_preview_threads_preset
tests/test_edit_v3.py::test_render_packaging_card_preset_changes_rendered_bytes
tests/test_edit_v3.py::test_packaging_page_renders_preset_select_with_labels
tests/test_edit_v3.py::test_packaging_apply_writes_and_validates_style_preset
tests/test_edit_v3.py::test_card_preview_endpoint_accepts_preset_param
tests/test_edit_v3.py::test_v3_dangerous_surface_still_guarded
tests/test_edit_v3.py::test_v3_readonly_blocks_writes_but_keeps_reads
tests/test_edit_v3.py::test_cardprev_cache_rekeys_when_the_look_changes
tests/test_error_protocol_contract.py::test_every_documented_code_is_really_emitted
tests/test_error_protocol_contract.py::test_every_emitted_code_is_documented
tests/test_error_protocol_contract.py::test_the_docs_do_not_understate_how_common_the_default_is
tests/test_error_protocol_contract.py::test_both_skills_say_json_stays_json_on_failure
tests/test_error_protocol_contract.py::test_the_provider_failure_kinds_are_not_confused_with_cli_codes
tests/test_error_protocol_contract.py::test_the_core_protocol_points_at_the_full_table
tests/test_error_protocol_contract.py::test_an_unknown_shot_is_unknown_shot_everywhere[argv0]
tests/test_error_protocol_contract.py::test_an_unknown_shot_is_unknown_shot_everywhere[argv1]
tests/test_error_protocol_contract.py::test_an_unknown_shot_is_unknown_shot_everywhere[argv2]
tests/test_error_protocol_contract.py::test_an_unknown_shot_is_unknown_shot_everywhere[argv3]
tests/test_error_protocol_contract.py::test_the_unknown_shot_message_still_names_the_remedies
tests/test_evaluate.py::test_empty_project_is_all_zeros
tests/test_evaluate.py::test_seeded_events_roll_up_correctly
tests/test_evaluate.py::test_qc_verdicts_and_malformed_lines
tests/test_evaluate.py::test_malformed_events_line_is_skipped_not_fatal
tests/test_evaluate.py::test_cli_evaluate_json_roundtrip_and_deterministic
tests/test_evaluate.py::test_cli_skills_show_lands_skill_used_event
tests/test_evaluate_gui.py::test_api_evaluate_roundtrips_empty_project
tests/test_evaluate_gui.py::test_api_evaluate_roundtrips_seeded_project
tests/test_events_follow.py::test_max_events_bounds_and_terminates_list
tests/test_events_follow.py::test_invalid_json_line_is_skipped
tests/test_events_follow.py::test_from_end_skips_history_yields_only_new
tests/test_events_follow.py::test_torn_trailing_line_yields_once_when_completed
tests/test_events_follow.py::test_truncation_recovers_and_yields_subsequent_events
tests/test_events_human_digest.py::test_a_heavy_record_becomes_a_scannable_line
tests/test_events_human_digest.py::test_the_digest_says_what_it_left_out
tests/test_events_human_digest.py::test_structural_noise_is_not_what_gets_shown
tests/test_events_human_digest.py::test_a_long_value_is_truncated_visibly
tests/test_events_human_digest.py::test_a_short_detail_is_shown_whole_with_no_noise
tests/test_events_human_digest.py::test_an_empty_detail_adds_nothing
tests/test_events_human_digest.py::test_an_all_noise_detail_still_shows_something
tests/test_events_human_digest.py::test_the_human_view_is_bounded
tests/test_events_human_digest.py::test_the_human_view_still_says_who_did_what_when
tests/test_events_human_digest.py::test_json_still_carries_the_complete_record
tests/test_execution_context.py::test_never_token_is_never_canceled
tests/test_execution_context.py::test_from_callable_none_is_never
tests/test_execution_context.py::test_from_callable_reflects_predicate
tests/test_execution_context.py::test_from_event_reflects_event_state
tests/test_execution_context.py::test_should_cancel_is_usable_by_existing_apis
tests/test_execution_context.py::test_context_carries_all_fields
tests/test_execution_context.py::test_context_defaults_are_safe
tests/test_execution_context.py::test_from_job_bridges_cancel_event
tests/test_execution_context.py::test_from_job_without_event_is_never_canceled
tests/test_execution_context.py::test_with_locale_copies_and_preserves_token
tests/test_experience.py::test_not_in_project_error_names_the_two_ways_out
tests/test_experience.py::test_select_missing_take_names_available_takes
tests/test_experience.py::test_voice_without_dialogue_points_at_the_field
tests/test_experience.py::test_missing_ffmpeg_message_is_a_triple
tests/test_experience.py::test_fail_under_json_emits_error_object
tests/test_experience.py::test_not_in_project_json_has_stable_machine_code
tests/test_experience.py::test_json_success_still_parses
tests/test_experience.py::test_check_exits_zero_when_clean
tests/test_experience.py::test_check_exits_nonzero_on_error
tests/test_experience.py::test_prompt_check_clean_project_exits_zero
tests/test_experiment_memory.py::test_legacy_verdict_without_experiment_loads
tests/test_experiment_memory.py::test_experiment_binds_to_exact_media
tests/test_experiment_memory.py::test_invalid_tested_variable_rejected
tests/test_experiment_memory.py::test_tested_variable_cannot_be_held_constant
tests/test_experiment_memory.py::test_usable_range_must_be_ordered_and_within_known_media[usable_ranges0]
tests/test_experiment_memory.py::test_usable_range_must_be_ordered_and_within_known_media[usable_ranges1]
tests/test_experiment_memory.py::test_usable_range_must_be_ordered_and_within_known_media[usable_ranges2]
tests/test_experiment_memory.py::test_usable_range_must_be_ordered_and_within_known_media[usable_ranges3]
tests/test_experiment_memory.py::test_unknown_media_duration_allows_range_with_warning
tests/test_experiment_memory.py::test_stale_experiment_remains_history_only
tests/test_experiment_memory.py::test_experiment_does_not_change_assurance
tests/test_experiment_memory.py::test_experiment_does_not_change_spec_hash
tests/test_experiment_memory.py::test_experiment_does_not_enter_execution_attempt_log
tests/test_experiment_memory.py::test_manju_check_rejects_tampered_usable_range
tests/test_explain.py::test_explain_fresh_project_says_skip
tests/test_explain.py::test_explain_names_the_change
tests/test_explain.py::test_explain_is_read_only
tests/test_explain.py::test_explain_cli_human_and_json
tests/test_explain.py::test_explain_empty_project_degrades
tests/test_export_center.py::test_empty_project_all_missing
tests/test_export_center.py::test_deliverables_data_shape_and_counts
tests/test_export_center.py::test_final_up_to_date
tests/test_export_center.py::test_final_stale_on_wrong_key
tests/test_export_center.py::test_final_problematic_without_sidecar
tests/test_export_center.py::test_final_problematic_zero_bytes
tests/test_export_center.py::test_final_higher_version_wins
tests/test_export_center.py::test_caption_freshness_auto_mode
tests/test_export_center.py::test_caption_manual_mode_is_truth
tests/test_export_center.py::test_manual_ass_up_to_date_when_it_matches_current_srt_and_style
tests/test_export_center.py::test_manual_ass_stale_when_srt_edited_without_reexport
tests/test_export_center.py::test_manual_ass_needs_manual_when_srt_missing
tests/test_export_center.py::test_otio_mtime_freshness
tests/test_export_center.py::test_cover_up_to_date_and_stale
tests/test_export_center.py::test_cover_problematic_without_sidecar
tests/test_export_center.py::test_draft_needs_manual_then_verified_roundtrip
tests/test_export_center.py::test_verified_flips_back_when_referenced_media_replaced
tests/test_export_center.py::test_draft_problematic_on_missing_media
tests/test_export_center.py::test_mark_verified_rejects_non_draft
tests/test_export_center.py::test_mark_verified_rejects_missing_draft
tests/test_export_center.py::test_verifications_jsonl_is_append_only
tests/test_export_center.py::test_cli_exports_human_and_json
tests/test_export_center.py::test_cli_and_engine_agree
tests/test_export_center.py::test_page_renders_with_chips
tests/test_export_center.py::test_api_exports_matches_engine
tests/test_export_center.py::test_post_requires_token
tests/test_export_center.py::test_post_readonly_forbidden
tests/test_export_center.py::test_generate_final_is_refused
tests/test_export_center.py::test_generate_srt_over_http
tests/test_export_center.py::test_verify_draft_over_http_roundtrip
tests/test_export_center.py::test_verify_missing_draft_over_http
tests/test_export_containment.py::test_export_refuses_absolute_video_source[export_otio]
tests/test_export_containment.py::test_export_refuses_absolute_video_source[export_jianying]
tests/test_export_containment.py::test_export_refuses_absolute_video_source[export_openclap]
tests/test_export_containment.py::test_export_refuses_escaping_relative_video_source[export_otio]
tests/test_export_containment.py::test_export_refuses_escaping_relative_video_source[export_jianying]
tests/test_export_containment.py::test_export_refuses_escaping_relative_video_source[export_openclap]
tests/test_export_containment.py::test_export_refuses_absolute_audio_source[export_otio]
tests/test_export_containment.py::test_export_refuses_absolute_audio_source[export_jianying]
tests/test_export_containment.py::test_export_refuses_absolute_audio_source[export_openclap]
tests/test_export_containment.py::test_export_still_works_for_contained_sources
tests/test_export_sfx_ambient.py::test_otio_exports_sfx_and_ambient
tests/test_export_sfx_ambient.py::test_otio_without_sfx_ambient_is_unchanged
tests/test_export_sfx_ambient.py::test_jianying_skeleton_exports_sfx_and_ambient
tests/test_export_sfx_ambient.py::test_jianying_skeleton_without_sfx_ambient_is_unchanged
tests/test_export_sfx_ambient.py::test_otio_source_range_honors_source_in_ms
tests/test_export_sfx_ambient.py::test_otio_zero_source_in_ms_is_byte_identical
tests/test_export_sfx_ambient.py::test_jianying_skeleton_source_timerange_honors_source_in_ms
tests/test_export_sfx_ambient.py::test_jianying_skeleton_zero_source_in_ms_is_byte_identical
tests/test_exporters_robustness_scan.py::test_parse_edl_unicode_digit_row_is_unknown_not_a_crash
tests/test_exporters_robustness_scan.py::test_parse_edl_unicode_digit_transition_token_is_not_a_crash
tests/test_exporters_robustness_scan.py::test_compile_vtt_escapes_lt_and_amp
tests/test_exporters_robustness_scan.py::test_compile_vtt_plain_cjk_has_no_new_entities
tests/test_exporters_robustness_scan.py::test_fcpxml_comment_is_always_well_formed[audio a--b clamped ]
tests/test_exporters_robustness_scan.py::test_fcpxml_comment_is_always_well_formed[shot name ends-]
tests/test_exporters_robustness_scan.py::test_fcpxml_comment_is_always_well_formed[a---b---c]
tests/test_exporters_robustness_scan.py::test_fcpxml_comment_is_always_well_formed[ MANJU: transition at scene--2 ]
tests/test_exporters_robustness_scan.py::test_fcpxml_comment_without_dashes_is_unchanged
tests/test_exporters_robustness_scan.py::test_parse_fcpxml_non_utf8_raises_structured_error
tests/test_exporters_robustness_scan.py::test_otio_audio_available_range_contains_source_range[0]
tests/test_exporters_robustness_scan.py::test_otio_audio_available_range_contains_source_range[2000]
tests/test_exporters_robustness_scan.py::test_jianying_audio_material_duration_covers_source_window[0]
tests/test_exporters_robustness_scan.py::test_jianying_audio_material_duration_covers_source_window[2000]
tests/test_exporters_robustness_scan.py::test_lint_draft_survives_malformed_scalars
tests/test_exports_table_alignment.py::test_every_status_word_starts_at_the_same_column
tests/test_exports_table_alignment.py::test_the_longest_label_still_has_a_gap_before_its_status
tests/test_exports_table_alignment.py::test_a_long_ascii_label_is_present_to_make_the_check_real
tests/test_exports_table_alignment.py::test_rows_carry_no_trailing_whitespace
tests/test_exports_table_alignment.py::test_the_version_suffix_survives
tests/test_failures.py::test_record_failure_is_wellformed_and_mirrored_to_events
tests/test_failures.py::test_unknown_step_normalises_and_info_level_kept
tests/test_failures.py::test_unknown_step_is_a_real_step_not_a_crash
tests/test_failures.py::test_record_failure_rotates_at_threshold
tests/test_failures.py::test_record_failure_concurrent_processes_no_interleaved_or_lost_lines
tests/test_failures.py::test_read_failures_newest_first_and_level_filter
tests/test_failures.py::test_failures_since_last_build_counts_only_after_green_build
tests/test_failures.py::test_run_ffmpeg_bad_filter_records_failure
tests/test_failures.py::test_run_ffmpeg_without_project_records_nothing
tests/test_failures.py::test_moderation_rejection_records_failure_and_links_ledger
tests/test_failures.py::test_http_error_records_status_in_evidence
tests/test_failures.py::test_missing_key_records_invalid_failure
tests/test_failures.py::test_comfyui_missing_workflow_records_failure
tests/test_failures.py::test_local_cmd_missing_binary_records_failure
tests/test_failures.py::test_build_records_degradation_when_fallback_fires
tests/test_failures.py::test_cli_failures_renders_rustc_style
tests/test_failures.py::test_cli_failures_json_shape
tests/test_failures.py::test_cli_failures_empty
tests/test_failures.py::test_status_line_and_json_reflect_recent_failures
tests/test_ffmpeg_cancel_unit.py::test_cancel_is_requested_and_phase_stops
tests/test_ffmpeg_cancel_unit.py::test_terminate_precedes_kill_when_process_survives_sigterm
tests/test_ffmpeg_cancel_unit.py::test_no_kill_when_sigterm_is_enough
tests/test_ffmpeg_cancel_unit.py::test_child_processes_reaped_before_terminate_on_windows
tests/test_ffmpeg_cancel_unit.py::test_no_final_asset_published_on_cancel
tests/test_ffmpeg_cancel_unit.py::test_default_path_used_when_no_cancel_check
tests/test_ffmpeg_cancel_unit.py::test_runner_canceled_state_is_terminal_and_single
tests/test_ffmpeg_cancel_unit.py::test_real_ffmpeg_cancel_integration
tests/test_ffmpeg_offpin.py::test_parse_major_is_honest[ffmpeg version 6.1.1-3ubuntu5 Copyright (c) 2000-2023 the FFmpeg developers-6]
tests/test_ffmpeg_offpin.py::test_parse_major_is_honest[ffmpeg version 7.1-static http<ABS_PATH>  Copyright (c) 2000-2024-7]
tests/test_ffmpeg_offpin.py::test_parse_major_is_honest[ffmpeg version n8.0 Copyright (c) 2000-2025 the FFmpeg developers-8]
tests/test_ffmpeg_offpin.py::test_parse_major_is_honest[ffmpeg version 7.0.2-full_build-www.gyan.dev-7]
tests/test_ffmpeg_offpin.py::test_parse_major_is_honest[ffmpeg version N-112437-g8b4babcc02 Copyright (c) 2000-2023-None]
tests/test_ffmpeg_offpin.py::test_parse_major_is_honest[missing-None]
tests/test_ffmpeg_offpin.py::test_parse_major_is_honest[-None]
tests/test_ffmpeg_offpin.py::test_pinned_version_gets_no_advisory
tests/test_ffmpeg_offpin.py::test_seven_names_the_measured_acrossfade_regression
tests/test_ffmpeg_offpin.py::test_eight_notes_probe_drift_without_inventing_a_regression
tests/test_ffmpeg_offpin.py::test_unknown_versions_are_never_guessed_into_a_warning[ffmpeg version N-112437-g8b4babcc02 Copyright (c) 2000-2023]
tests/test_ffmpeg_offpin.py::test_unknown_versions_are_never_guessed_into_a_warning[missing]
tests/test_ffmpeg_offpin.py::test_unknown_versions_are_never_guessed_into_a_warning[]
tests/test_ffmpeg_offpin.py::test_older_than_pin_is_not_a_recorded_regression
tests/test_ffmpeg_offpin.py::test_doctor_states_version_and_stays_quiet_on_pin
tests/test_ffmpeg_offpin.py::test_doctor_warns_on_seven_but_never_gates
tests/test_ffmpeg_offpin.py::test_doctor_off_pin_without_recorded_issue_is_an_info_line
tests/test_ffmpeg_offpin.py::test_doctor_missing_ffmpeg_adds_no_version_row
tests/test_ffmpeg_offpin.py::test_signature_plus_seven_names_regression_and_steer
tests/test_ffmpeg_offpin.py::test_signature_on_pin_still_names_the_association_honestly
tests/test_ffmpeg_offpin.py::test_no_signature_no_note
tests/test_ffmpeg_offpin.py::test_raise_on_bad_exit_appends_the_note
tests/test_ffmpeg_offpin.py::test_raise_on_bad_exit_without_signature_is_byte_identical
tests/test_final_acceptance.py::test_f1_malformed_only_evidence_fresh_sqlite_blocks_transport
tests/test_final_acceptance.py::test_f1_valid_terminal_prefix_plus_malformed_tail_blocks
tests/test_final_acceptance.py::test_f1_admitted_resume_with_torn_stream_fail_closes_not_polls
tests/test_final_acceptance.py::test_f1_release_gate_blocks_on_malformed_evidence
tests/test_final_acceptance.py::test_f1_unpaid_local_project_stays_unblocked
tests/test_final_acceptance.py::test_f2_final_without_run_id_is_run_not_proven
tests/test_final_acceptance.py::test_f2_run_proven_final_stays_ready
tests/test_final_acceptance.py::test_f2_legacy_final_approval_requires_human_risk_acceptance
tests/test_final_acceptance.py::test_f3_missing_output_sha256_blocks
tests/test_final_acceptance.py::test_f3_unreadable_final_bytes_block
tests/test_final_acceptance.py::test_f3_candidate_sha_none_is_never_ready
tests/test_final_acceptance.py::test_f3_hash_mismatch_still_blocks_pin
tests/test_final_acceptance.py::test_f5_valid_baseline_plus_torn_line_release_blocks
tests/test_final_acceptance.py::test_f5_baseline_path_escape_is_damaged_never_fallback
tests/test_final_acceptance.py::test_f5_nle_project_file_without_hash_blocks
tests/test_final_acceptance.py::test_f5_bundle_members_are_read_exactly_once
tests/test_final_acceptance.py::test_f5_mutation_between_manifest_and_bundle_refused_cleanly
tests/test_final_acceptance.py::test_f5_racing_writer_never_yields_internally_inconsistent_bundle
tests/test_final_trust_round.py::test_locale_captions_stale_when_shot_order_changes
tests/test_final_trust_round.py::test_locale_final_freshness_no_silent_ok_on_error
tests/test_final_trust_round.py::test_roundtrip_volume_and_transition_plan_apply
tests/test_final_trust_round.py::test_jy_reorder_only_no_false_volume_transition
tests/test_final_trust_round.py::test_jy_reorder_plus_s002_volume_identity
tests/test_final_trust_round.py::test_smoke_audition_build
tests/test_final_trust_round.py::test_smoke_jianying_roundtrip_reorder_caption
tests/test_final_trust_round.py::test_smoke_locale_final_content_key_path
tests/test_fp_archive_meta.py::test_pack_writes_three_meta_members_before_fixity_and_fixity_covered
tests/test_fp_archive_meta.py::test_restore_note_content_is_honest_and_self_consistent
tests/test_fp_archive_meta.py::test_contracts_snapshot_is_byte_copy_of_engine_registry
tests/test_fp_archive_meta.py::test_toolchain_snapshot_reuses_the_toolchain_manifest_document
tests/test_fp_archive_meta.py::test_two_packs_same_tree_identical_meta_member_bytes
tests/test_fp_archive_meta.py::test_tampered_restore_note_fails_unpack_and_removes_dest
tests/test_fp_archive_meta.py::test_fixity_cli_detects_tampered_toolchain_snapshot
tests/test_fp_archive_meta.py::test_unpack_drops_all_meta_members_restore_equals_original_tree
tests/test_fp_archive_meta.py::test_old_pack_without_meta_members_unchanged
tests/test_fp_archive_meta.py::test_registry_path_absent_omits_contracts_snapshot_honestly
tests/test_fp_archive_meta.py::test_fixity_info_surfaces_summary_readonly
tests/test_fp_archive_meta.py::test_fixity_json_without_info_flag_has_no_info_key
tests/test_fp_archive_meta.py::test_fixity_info_on_old_pack_reports_absent_members
tests/test_fp_bagit.py::test_default_mode_deterministic_and_bag_absent
tests/test_fp_bagit.py::test_default_mode_still_has_fixity_bagit_omits_it
tests/test_fp_bagit.py::test_bagit_exact_member_set
tests/test_fp_bagit.py::test_bagit_txt_exact_bytes
tests/test_fp_bagit.py::test_bagit_manifest_line_format_and_digests
tests/test_fp_bagit.py::test_bagit_payload_oxum_math
tests/test_fp_bagit.py::test_bagit_baginfo_deterministic_fields_no_bagging_date
tests/test_fp_bagit.py::test_bagit_tagmanifest_covers_tag_files_including_transport
tests/test_fp_bagit.py::test_bagit_restore_note_states_bag_and_omissions_honestly
tests/test_fp_bagit.py::test_bagit_two_packs_same_tree_byte_identical
tests/test_fp_bagit.py::test_seed_is_idempotent_no_mtime_churn
tests/test_fp_bagit.py::test_bagit_cjk_filename_in_payload
tests/test_fp_bagit.py::test_bagit_round_trip_restore_equals_source
tests/test_fp_bagit.py::test_bagit_tampered_payload_fails_unpack_and_removes_dest
tests/test_fp_bagit.py::test_bagit_tampered_tag_file_fails_unpack_and_removes_dest
tests/test_fp_bagit.py::test_bagit_fixity_verifies_without_extract
tests/test_fp_bagit.py::test_bagit_fixity_detects_payload_tamper
tests/test_fp_bagit.py::test_bagit_fixity_detects_tag_tamper
tests/test_fp_bagit.py::test_bagit_fixity_info_reports_format
tests/test_fp_bagit.py::test_bagit_pack_json_reports_bag
tests/test_fp_board_compare.py::test_compare_carries_mode_toggles_wipe_and_diff
tests/test_fp_board_compare.py::test_compare_extends_the_existing_grid_not_a_rebuild
tests/test_fp_board_compare.py::test_wipe_and_diff_need_two_media_takes_honest_note
tests/test_fp_board_compare.py::test_frame_step_buttons_carry_exact_integer_period
tests/test_fp_board_compare.py::test_frame_step_rational_echo_carries_num_den
tests/test_fp_board_compare.py::test_duration_mismatch_is_labelled_never_silent
tests/test_fp_board_compare.py::test_equal_durations_render_no_mismatch_fact
tests/test_fp_board_compare.py::test_boundary_section_renders_adjacent_pairs
tests/test_fp_board_compare.py::test_boundary_honest_slot_no_selected_take
tests/test_fp_board_compare.py::test_boundary_honest_slot_media_gone
tests/test_fp_board_compare.py::test_boundary_absent_for_single_shot
tests/test_fp_board_compare.py::test_boundary_stills_extracted_and_served_e2e
tests/test_fp_board_compare.py::test_media_route_serves_frames_cache_but_truth_stays_403
tests/test_fp_board_compare.py::test_static_board_carries_none_of_it
tests/test_fp_board_compare.py::test_serve_render_writes_only_under_derived_runtime
tests/test_fp_board_compare2.py::test_onion_is_a_fourth_ab_mode_with_opacity_slider
tests/test_fp_board_compare2.py::test_onion_extends_the_ab_stack_not_a_rebuild
tests/test_fp_board_compare2.py::test_onion_unavailable_without_two_media_takes
tests/test_fp_board_compare2.py::test_boundary_row_gains_onion_toggle_and_stacked_stage
tests/test_fp_board_compare2.py::test_boundary_onion_absent_when_stills_cannot_be_extracted
tests/test_fp_board_compare2.py::test_scopes_panel_has_both_canvases_and_the_toggle
tests/test_fp_board_compare2.py::test_scopes_carries_the_permanent_honesty_label
tests/test_fp_board_compare2.py::test_scopes_luma_is_rec709_in_the_drawing_code_too
tests/test_fp_board_compare2.py::test_scopes_collapsed_by_default
tests/test_fp_board_compare2.py::test_scopes_absent_without_the_ab_stack
tests/test_fp_board_compare2.py::test_static_board_carries_none_of_the_new_markers
tests/test_fp_board_compare2.py::test_onion_and_scopes_write_nothing_outside_runtime
tests/test_fp_board_compare2.py::test_serve_smoke_carries_onion_and_scopes_over_http
tests/test_fp_board_hardening.py::test_oversize_post_sends_connection_close_and_no_desync
tests/test_fp_board_hardening.py::test_normal_post_still_keeps_the_connection
tests/test_fp_board_hardening.py::test_served_board_carries_security_headers
tests/test_fp_board_hardening.py::test_csp_script_hash_matches_the_inline_script
tests/test_fp_board_hardening.py::test_static_board_bytes_unchanged_by_csp
tests/test_fp_board_hardening.py::test_board_media_gate_routes_through_shared_helper
tests/test_fp_board_transport.py::test_transport_keys_extend_the_one_keydown_handler
tests/test_fp_board_transport.py::test_l_cycles_native_playbackrate_1_2_4
tests/test_fp_board_transport.py::test_j_is_the_honest_single_step_back_never_a_fake_reverse
tests/test_fp_board_transport.py::test_arrows_and_j_share_one_frameperiod_helper_no_duplicated_math
tests/test_fp_board_transport.py::test_shift_arrow_is_exact_one_second
tests/test_fp_board_transport.py::test_keys_active_only_inside_an_open_compare_wrap
tests/test_fp_board_transport.py::test_keys_never_stolen_from_a_form_field_tagname_guard
tests/test_fp_board_transport.py::test_scopes_redraw_rides_the_existing_seeked_hook_not_rewired
tests/test_fp_board_transport.py::test_compare_head_carries_bilingual_transport_hint_and_rate_label
tests/test_fp_board_transport.py::test_transport_reaches_the_browser_over_http
tests/test_fp_board_transport.py::test_static_board_carries_none_of_the_transport
tests/test_fp_board_transport.py::test_transport_writes_nothing_outside_runtime
tests/test_fp_board_transport.py::test_board_never_carries_the_edit_rate_token
tests/test_fp_board_transport.py::test_transport_introduces_no_forbidden_specialized_view_marker
tests/test_fp_board_transport.py::test_served_js_passes_node_syntax_check
tests/test_fp_captions.py::test_caption_role_default_none_serialization_is_byte_identical
tests/test_fp_captions.py::test_caption_role_default_none_timeline_json_byte_identical
tests/test_fp_captions.py::test_caption_role_set_round_trips_through_timeline_json
tests/test_fp_captions.py::test_old_timeline_dict_without_role_parses_as_none
tests/test_fp_captions.py::test_caption_roles_vocabulary_constant
tests/test_fp_captions.py::test_unknown_role_is_lenient_at_the_model_layer
tests/test_fp_captions.py::test_unknown_role_yields_structured_warn_and_never_blocks
tests/test_fp_captions.py::test_known_roles_and_none_produce_no_role_item
tests/test_fp_captions.py::test_char_weights_east_asian_width_rule
tests/test_fp_captions.py::test_weighted_len_exact
tests/test_fp_captions.py::test_cps_exact_ascii
tests/test_fp_captions.py::test_cps_exact_cjk_doubling
tests/test_fp_captions.py::test_cps_exact_mixed
tests/test_fp_captions.py::test_cps_non_positive_duration_is_none_never_a_crash
tests/test_fp_captions.py::test_line_weights_author_newlines
tests/test_fp_captions.py::test_line_weights_compiled_mode_applies_declared_budget
tests/test_fp_captions.py::test_cps_high_advisory
tests/test_fp_captions.py::test_line_too_long_advisory
tests/test_fp_captions.py::test_too_many_lines_advisory
tests/test_fp_captions.py::test_duration_floor_and_ceiling_advisories
tests/test_fp_captions.py::test_gap_too_short_advisory_exact
tests/test_fp_captions.py::test_overlap_advisory_exact
tests/test_fp_captions.py::test_forced_overlapping_nonforced_advisory
tests/test_fp_captions.py::test_unknown_role_advisory_in_report
tests/test_fp_captions.py::test_every_advisory_row_is_severity_advisory
tests/test_fp_captions.py::test_reading_speed_distribution_summary
tests/test_fp_captions.py::test_role_coverage_summary
tests/test_fp_captions.py::test_report_schema_and_digest_deterministic
tests/test_fp_captions.py::test_write_accessibility_is_content_addressed_and_deletable
tests/test_fp_captions.py::test_advisories_never_change_qc_outcome
tests/test_fp_captions.py::test_ass_dialogue_roleless_is_byte_identical
tests/test_fp_captions.py::test_role_lands_verbatim_in_ass_name_field
tests/test_fp_captions.py::test_hostile_role_cannot_break_the_dialogue_field_grid
tests/test_fp_captions.py::test_srt_and_vtt_bytes_identical_with_and_without_roles
tests/test_fp_captions.py::test_caption_artifact_rows_carry_role_counts_additively
tests/test_fp_captions.py::test_roleless_manifest_has_no_caption_roles_key_and_same_digest
tests/test_fp_captions.py::test_qc_captions_cli_exits_zero_with_advisories
tests/test_fp_captions.py::test_qc_captions_cli_write_materializes_report
tests/test_fp_captions.py::test_qc_captions_cli_empty_project_still_exits_zero
tests/test_fp_cli_snapshot.py::test_snapshot_file_exists
tests/test_fp_cli_snapshot.py::test_no_snapshotted_command_removed_or_renamed
tests/test_fp_cli_snapshot.py::test_no_snapshotted_command_dropped_a_required_param
tests/test_fp_cli_snapshot.py::test_no_new_unsnapshotted_command
tests/test_fp_cli_snapshot.py::test_snapshot_did_not_gain_a_new_required_param
tests/test_fp_cli_snapshot.py::test_snapshot_meets_the_audited_floor
tests/test_fp_colorstats_wall.py::test_missing_pillow_raises_structured_unavailable
tests/test_fp_colorstats_wall.py::test_wall_message_is_bilingual_and_names_the_extra
tests/test_fp_colorstats_wall.py::test_compare_path_also_walls
tests/test_fp_colorstats_wall.py::test_unavailable_is_a_runtimeerror_family_member
tests/test_fp_colorstats_wall.py::test_doctor_pillow_row_present_when_installed
tests/test_fp_colorstats_wall.py::test_doctor_pillow_row_is_informational_never_gates
tests/test_fp_colorstats_wall.py::test_doctor_cli_reports_pillow_as_structured_data
tests/test_fp_colorstats_wall.py::test_doctor_cli_no_traceback_when_pillow_absent
tests/test_fp_compat.py::test_project_yaml_loads_without_rewrite
tests/test_fp_compat.py::test_shot_yaml_loads_without_rewrite
tests/test_fp_compat.py::test_timeline_json_loads_without_rewrite
tests/test_fp_compat.py::test_take_sidecar_loads_without_rewrite
tests/test_fp_compat.py::test_verdict_v1_reads_as_legacy_without_rewrite
tests/test_fp_compat.py::test_delivery_manifest_is_readable_recognized_and_inert
tests/test_fp_compat.py::test_no_fixture_bytes_changed_after_all_loads
tests/test_fp_compat.py::test_torn_json_is_rejected_structurally
tests/test_fp_compat.py::test_torn_line_in_log_is_skipped_not_crashed
tests/test_fp_compat.py::test_unknown_future_major_verdict_is_refused_at_intake
tests/test_fp_compat.py::test_unknown_future_major_is_never_surfaced_as_evidence
tests/test_fp_conform.py::test_inventory_lists_only_present_features
tests/test_fp_conform.py::test_inventory_rows_are_structured
tests/test_fp_conform.py::test_inventory_full_fixture_features
tests/test_fp_conform.py::test_otio_every_feature_classified_exactly_once
tests/test_fp_conform.py::test_otio_classification_is_the_audited_truth
tests/test_fp_conform.py::test_otio_export_bytes_unchanged_by_report
tests/test_fp_conform.py::test_frame_drift_all_zero_on_snapped_timeline
tests/test_fp_conform.py::test_frame_drift_detects_constructed_off_grid_boundary
tests/test_fp_conform.py::test_frame_drift_jianying_includes_caption_boundaries
tests/test_fp_conform.py::test_ntsc_source_rate_grid_drift_and_one_frame_point
tests/test_fp_conform.py::test_source_rate_equal_to_grid_yields_no_row
tests/test_fp_conform.py::test_source_rate_unknown_is_reported_not_guessed
tests/test_fp_conform.py::test_source_rate_unmatched_key_is_noted
tests/test_fp_conform.py::test_srt_ass_frame_drift_not_checked
tests/test_fp_conform.py::test_jianying_transition_approximated_as_metadata
tests/test_fp_conform.py::test_srt_ass_is_caption_only_and_says_so
tests/test_fp_conform.py::test_native_draft_classification
tests/test_fp_conform.py::test_openclap_classification
tests/test_fp_conform.py::test_unknown_target_is_refused
tests/test_fp_conform.py::test_unknown_feature_hard_fails_classification
tests/test_fp_conform.py::test_write_read_delete_and_tamper
tests/test_fp_conform.py::test_report_is_byte_deterministic
tests/test_fp_conform.py::test_reports_conform_is_never_a_build_input
tests/test_fp_conform.py::test_reimport_changes_unedited_export_is_unchanged
tests/test_fp_conform.py::test_reimport_changes_detects_trim_via_plan_roundtrip
tests/test_fp_conform.py::test_every_exporter_module_is_classified_or_declared_unsupported
tests/test_fp_conformance.py::test_valid_package_all_pass_or_not_applicable
tests/test_fp_conformance.py::test_wrong_codec_is_fail_row
tests/test_fp_conformance.py::test_missing_caption_file_is_fail
tests/test_fp_conformance.py::test_checksum_mismatch_after_tamper_is_fail
tests/test_fp_conformance.py::test_absent_technical_profile_is_unknown_never_pass
tests/test_fp_conformance.py::test_color_unknown_media_is_unknown_with_detail
tests/test_fp_conformance.py::test_true_peak_over_ceiling_is_fail
tests/test_fp_conformance.py::test_loudness_and_true_peak_unknown_without_masters
tests/test_fp_conformance.py::test_frame_rate_match_and_mismatch
tests/test_fp_conformance.py::test_absent_technical_block_is_not_applicable_but_integrity_still_runs
tests/test_fp_conformance.py::test_blocking_diagnostic_makes_unresolved_issues_fail
tests/test_fp_conformance.py::test_no_single_aggregate_score
tests/test_fp_conformance.py::test_deterministic_same_inputs_byte_identical
tests/test_fp_conformance.py::test_write_read_delete_and_tamper
tests/test_fp_conformance.py::test_builtin_presets_are_copyable_technical_dicts
tests/test_fp_conformance.py::test_conformance_is_never_a_build_or_release_input
tests/test_fp_conformance.py::test_release_assessment_verdict_is_independent_of_conformance
tests/test_fp_contracts.py::test_every_src_schema_literal_is_registered
tests/test_fp_contracts.py::test_no_ghost_schema_entries
tests/test_fp_contracts.py::test_registry_schema_ids_match_src_exactly
tests/test_fp_contracts.py::test_schema_id_count_meets_the_audited_floor
tests/test_fp_contracts.py::test_all_statuses_are_valid_levels
tests/test_fp_contracts.py::test_stable_entries_declare_read_older
tests/test_fp_contracts.py::test_latest_version_matches_schema_id_major
tests/test_fp_contracts.py::test_colorstats_projections_stay_experimental
tests/test_fp_contracts.py::test_write_older_is_false_everywhere
tests/test_fp_contracts.py::test_ownership_table_is_complete
tests/test_fp_contracts.py::test_ownership_owners_are_non_empty
tests/test_fp_contracts.py::test_every_owner_resolves_to_real_code
tests/test_fp_contracts.py::test_first_migration_is_recorded_and_now_implemented
tests/test_fp_contracts.py::test_loader_rejects_unknown_status
tests/test_fp_contracts.py::test_loader_rejects_missing_fields
tests/test_fp_contracts.py::test_loader_rejects_duplicate_ids
tests/test_fp_contracts.py::test_entry_unknown_id_raises_keyerror
tests/test_fp_docs.py::test_command_table_spans_are_found
tests/test_fp_docs.py::test_every_documented_command_resolves
tests/test_fp_docs.py::test_completion_report_has_correction_block_heading
tests/test_fp_docs.py::test_toolmap_row_says_resolver
tests/test_fp_docs.py::test_corrected_claims_have_live_code_anchors
tests/test_fp_doctor_locale.py::test_new_rows_obey_the_frozen_doctor_grammar
tests/test_fp_doctor_locale.py::test_healthy_locale_and_interchange_rows
tests/test_fp_doctor_locale.py::test_broken_meta_row_carries_message_verbatim
tests/test_fp_doctor_locale.py::test_corrupt_fcpxml_is_flagged_but_advisory
tests/test_fp_doctor_locale.py::test_absent_exports_are_absent_not_errors
tests/test_fp_doctor_locale.py::test_exit_code_policy_unchanged_even_with_broken_advisory
tests/test_fp_edl.py::test_golden_three_clip_edl_exact_bytes
tests/test_fp_edl.py::test_lf_endings_and_trailing_newline
tests/test_fp_edl.py::test_record_tc_continuity_no_gaps
tests/test_fp_edl.py::test_source_tc_zero_based_and_length_matches_record
tests/test_fp_edl.py::test_untrimmed_clip_source_starts_at_zero
tests/test_fp_edl.py::test_reel_truncated_to_eight_ascii_chars
tests/test_fp_edl.py::test_reel_collision_disambiguated_deterministically
tests/test_fp_edl.py::test_same_take_reuses_same_reel
tests/test_fp_edl.py::test_cjk_take_name_ascii_reel_utf8_comment
tests/test_fp_edl.py::test_all_cjk_take_name_still_ascii_reel
tests/test_fp_edl.py::test_clean_dissolve_becomes_two_line_D_event
tests/test_fp_edl.py::test_non_dissolve_transition_degrades_to_cut_with_note[fade]
tests/test_fp_edl.py::test_non_dissolve_transition_degrades_to_cut_with_note[xfade_wipeleft]
tests/test_fp_edl.py::test_non_dissolve_transition_degrades_to_cut_with_note[xfade_slideright]
tests/test_fp_edl.py::test_non_dissolve_transition_degrades_to_cut_with_note[bogus_type]
tests/test_fp_edl.py::test_explicit_cut_and_none_emit_no_note
tests/test_fp_edl.py::test_drop_frame_ntsc_header_and_separator
tests/test_fp_edl.py::test_auto_ndf_for_integer_rate
tests/test_fp_edl.py::test_drop_frame_refused_on_non_df_legal_rate
tests/test_fp_edl.py::test_determinism_byte_identical
tests/test_fp_edl.py::test_empty_video_timeline_is_header_only
tests/test_fp_edl.py::test_export_edl_writes_file_under_exports
tests/test_fp_edl.py::test_export_edl_dest_override
tests/test_fp_edl.py::test_export_edl_honors_project_declared_ntsc_df_rate
tests/test_fp_edl.py::test_edl_conform_every_feature_classified_exactly_once
tests/test_fp_edl.py::test_edl_conform_audio_is_unsupported_video_is_preserved
tests/test_fp_edl.py::test_edl_conform_report_and_drift_and_crosscheck
tests/test_fp_edl.py::test_ntsc_source_rate_drift_surfaces_on_edl
tests/test_fp_edl_audio.py::test_golden_av_edl_exact_bytes
tests/test_fp_edl_audio.py::test_video_only_timeline_byte_identical_to_v_only
tests/test_fp_edl_audio.py::test_audio_source_tc_zero_based_from_start_offset
tests/test_fp_edl_audio.py::test_untrimmed_audio_source_starts_at_zero
tests/test_fp_edl_audio.py::test_voice_is_A1_music_is_A2_channel_tokens
tests/test_fp_edl_audio.py::test_event_numbering_single_monotone_across_tracks
tests/test_fp_edl_audio.py::test_looped_bed_is_omission_note_not_an_event
tests/test_fp_edl_audio.py::test_open_ended_none_duration_clip_is_omission_note
tests/test_fp_edl_audio.py::test_gain_on_placed_clip_gets_note
tests/test_fp_edl_audio.py::test_fades_on_placed_clip_get_note
tests/test_fp_edl_audio.py::test_clean_placed_clip_emits_no_loss_note
tests/test_fp_edl_audio.py::test_sfx_and_ambient_omitted_with_notes_never_squeezed
tests/test_fp_edl_audio.py::test_audio_reel_disambiguated_against_video_reels
tests/test_fp_edl_audio.py::test_cjk_audio_source_ascii_reel_utf8_comment
tests/test_fp_edl_audio.py::test_determinism_byte_identical_with_audio
tests/test_fp_edl_audio.py::test_rational_2397_audio_is_non_drop
tests/test_fp_edl_audio.py::test_drop_frame_audio_uses_semicolon_separator
tests/test_fp_edl_import.py::test_roundtrip_ndf_windows_recovered_exactly
tests/test_fp_edl_import.py::test_roundtrip_ndf_record_continuity_no_gaps
tests/test_fp_edl_import.py::test_roundtrip_ndf_source_length_matches_record
tests/test_fp_edl_import.py::test_roundtrip_ndf_dissolve_is_xfade_fade_candidate
tests/test_fp_edl_import.py::test_manju_note_surfaced_verbatim
tests/test_fp_edl_import.py::test_drop_frame_document_math_and_inference
tests/test_fp_edl_import.py::test_drop_frame_explicit_rate_agrees_with_inference
tests/test_fp_edl_import.py::test_generic_channels_video_and_audio_split
tests/test_fp_edl_import.py::test_v_only_document_has_no_audio_events
tests/test_fp_edl_import.py::test_unknown_lines_counted_never_crash
tests/test_fp_edl_import.py::test_malformed_event_row_does_not_crash
tests/test_fp_edl_import.py::test_every_source_is_needs_relink
tests/test_fp_edl_import.py::test_needs_relink_deduped_by_source
tests/test_fp_edl_import.py::test_wipe_event_is_unsupported_not_faked
tests/test_fp_edl_import.py::test_cjk_clip_name_verbatim
tests/test_fp_edl_import.py::test_digest_present_and_verifies
tests/test_fp_edl_import.py::test_tampered_plan_rejected
tests/test_fp_edl_import.py::test_dropped_digest_rejected
tests/test_fp_edl_import.py::test_wrong_schema_rejected
tests/test_fp_edl_import.py::test_determinism_byte_identical
tests/test_fp_edl_import.py::test_module_exposes_no_apply_or_write_surface
tests/test_fp_edl_import.py::test_import_plan_never_writes
tests/test_fp_edl_import.py::test_parse_accepts_path_and_string_equivalently
tests/test_fp_events_tail.py::test_parity_synthetic_50k[0]
tests/test_fp_events_tail.py::test_parity_synthetic_50k[1]
tests/test_fp_events_tail.py::test_parity_synthetic_50k[5]
tests/test_fp_events_tail.py::test_parity_synthetic_50k[100]
tests/test_fp_events_tail.py::test_parity_synthetic_50k[100000]
tests/test_fp_events_tail.py::test_parity_50k_matches_expected_slice
tests/test_fp_events_tail.py::test_parity_torn_last_line[1]
tests/test_fp_events_tail.py::test_parity_torn_last_line[2]
tests/test_fp_events_tail.py::test_parity_torn_last_line[5]
tests/test_fp_events_tail.py::test_parity_torn_last_line[100]
tests/test_fp_events_tail.py::test_parity_torn_middle_line[1]
tests/test_fp_events_tail.py::test_parity_torn_middle_line[2]
tests/test_fp_events_tail.py::test_parity_torn_middle_line[5]
tests/test_fp_events_tail.py::test_parity_torn_middle_line[100]
tests/test_fp_events_tail.py::test_parity_empty_lines[1]
tests/test_fp_events_tail.py::test_parity_empty_lines[3]
tests/test_fp_events_tail.py::test_parity_empty_lines[100]
tests/test_fp_events_tail.py::test_missing_file_returns_empty
tests/test_fp_events_tail.py::test_empty_file_returns_empty
tests/test_fp_events_tail.py::test_single_line_file[True]
tests/test_fp_events_tail.py::test_single_line_file[False]
tests/test_fp_events_tail.py::test_n_larger_than_file
tests/test_fp_events_tail.py::test_partial_first_line_parses
tests/test_fp_events_tail.py::test_first_line_torn_is_skipped
tests/test_fp_events_tail.py::test_parity_cjk_tiny_blocks[1-1]
tests/test_fp_events_tail.py::test_parity_cjk_tiny_blocks[1-2]
tests/test_fp_events_tail.py::test_parity_cjk_tiny_blocks[1-3]
tests/test_fp_events_tail.py::test_parity_cjk_tiny_blocks[1-4]
tests/test_fp_events_tail.py::test_parity_cjk_tiny_blocks[1-7]
tests/test_fp_events_tail.py::test_parity_cjk_tiny_blocks[1-8]
tests/test_fp_events_tail.py::test_parity_cjk_tiny_blocks[1-16]
tests/test_fp_events_tail.py::test_parity_cjk_tiny_blocks[1-64]
tests/test_fp_events_tail.py::test_parity_cjk_tiny_blocks[3-1]
tests/test_fp_events_tail.py::test_parity_cjk_tiny_blocks[3-2]
tests/test_fp_events_tail.py::test_parity_cjk_tiny_blocks[3-3]
tests/test_fp_events_tail.py::test_parity_cjk_tiny_blocks[3-4]
tests/test_fp_events_tail.py::test_parity_cjk_tiny_blocks[3-7]
tests/test_fp_events_tail.py::test_parity_cjk_tiny_blocks[3-8]
tests/test_fp_events_tail.py::test_parity_cjk_tiny_blocks[3-16]
tests/test_fp_events_tail.py::test_parity_cjk_tiny_blocks[3-64]
tests/test_fp_events_tail.py::test_parity_cjk_tiny_blocks[50-1]
tests/test_fp_events_tail.py::test_parity_cjk_tiny_blocks[50-2]
tests/test_fp_events_tail.py::test_parity_cjk_tiny_blocks[50-3]
tests/test_fp_events_tail.py::test_parity_cjk_tiny_blocks[50-4]
tests/test_fp_events_tail.py::test_parity_cjk_tiny_blocks[50-7]
tests/test_fp_events_tail.py::test_parity_cjk_tiny_blocks[50-8]
tests/test_fp_events_tail.py::test_parity_cjk_tiny_blocks[50-16]
tests/test_fp_events_tail.py::test_parity_cjk_tiny_blocks[50-64]
tests/test_fp_events_tail.py::test_parity_cjk_tiny_blocks[10000-1]
tests/test_fp_events_tail.py::test_parity_cjk_tiny_blocks[10000-2]
tests/test_fp_events_tail.py::test_parity_cjk_tiny_blocks[10000-3]
tests/test_fp_events_tail.py::test_parity_cjk_tiny_blocks[10000-4]
tests/test_fp_events_tail.py::test_parity_cjk_tiny_blocks[10000-7]
tests/test_fp_events_tail.py::test_parity_cjk_tiny_blocks[10000-8]
tests/test_fp_events_tail.py::test_parity_cjk_tiny_blocks[10000-16]
tests/test_fp_events_tail.py::test_parity_cjk_tiny_blocks[10000-64]
tests/test_fp_events_tail.py::test_parity_cjk_real_block_multi_block_file[1]
tests/test_fp_events_tail.py::test_parity_cjk_real_block_multi_block_file[5]
tests/test_fp_events_tail.py::test_parity_cjk_real_block_multi_block_file[1500]
tests/test_fp_events_tail.py::test_parity_cjk_real_block_multi_block_file[100000]
tests/test_fp_events_tail.py::test_cjk_char_split_exactly_on_block_boundary
tests/test_fp_events_tail.py::test_parity_lone_cr_separator
tests/test_fp_events_tail.py::test_parity_lone_cr_across_blocks[1]
tests/test_fp_events_tail.py::test_parity_lone_cr_across_blocks[2]
tests/test_fp_events_tail.py::test_parity_lone_cr_across_blocks[3]
tests/test_fp_events_tail.py::test_parity_lone_cr_across_blocks[4]
tests/test_fp_events_tail.py::test_parity_lone_cr_across_blocks[8]
tests/test_fp_events_tail.py::test_parity_lone_cr_across_blocks[64]
tests/test_fp_events_tail.py::test_parity_crlf_separator
tests/test_fp_events_tail.py::test_parity_crlf_straddling_block_boundary[1]
tests/test_fp_events_tail.py::test_parity_crlf_straddling_block_boundary[2]
tests/test_fp_events_tail.py::test_parity_crlf_straddling_block_boundary[3]
tests/test_fp_events_tail.py::test_parity_crlf_straddling_block_boundary[4]
tests/test_fp_events_tail.py::test_parity_crlf_straddling_block_boundary[8]
tests/test_fp_events_tail.py::test_parity_crlf_straddling_block_boundary[64]
tests/test_fp_events_tail.py::test_parity_cr_as_last_byte
tests/test_fp_events_tail.py::test_unicode_line_separators_do_not_tear_records[\u2028]
tests/test_fp_events_tail.py::test_unicode_line_separators_do_not_tear_records[\u2029]
tests/test_fp_events_tail.py::test_unicode_line_separators_do_not_tear_records[\x85]
tests/test_fp_events_tail.py::test_bounded_read_touches_at_most_one_block
tests/test_fp_events_tail.py::test_bounded_read_scales_with_n_not_filesize
tests/test_fp_events_tail.py::test_undecodable_bytes_skipped_not_raised
tests/test_fp_events_tail.py::test_undecodable_torn_final_line_skipped
tests/test_fp_fcpxml.py::test_golden_three_clip_fcpxml_exact_bytes
tests/test_fp_fcpxml.py::test_lf_endings_trailing_newline_and_xml_declaration
tests/test_fp_fcpxml.py::test_dtd_less_parse_and_structure
tests/test_fp_fcpxml.py::test_int_frame_duration_is_one_over_fps
tests/test_fp_fcpxml.py::test_rational_frame_duration_is_native_1001_over_24000
tests/test_fp_fcpxml.py::test_all_times_are_whole_frame_multiples_of_frameduration
tests/test_fp_fcpxml.py::test_int_offgrid_boundary_has_zero_drift_by_construction
tests/test_fp_fcpxml.py::test_rational_boundaries_have_zero_drift_by_construction
tests/test_fp_fcpxml.py::test_source_rate_drift_still_surfaces_against_the_edit_grid
tests/test_fp_fcpxml.py::test_determinism_byte_identical
tests/test_fp_fcpxml.py::test_cjk_names_ride_natively_and_parse
tests/test_fp_fcpxml.py::test_special_chars_in_source_are_xml_escaped
tests/test_fp_fcpxml.py::test_empty_timeline_is_format_only_valid_doc
tests/test_fp_fcpxml.py::test_clean_cross_dissolve_is_native_transition_with_overlap
tests/test_fp_fcpxml.py::test_non_dissolve_degrades_to_cut_with_note_no_transition[fade]
tests/test_fp_fcpxml.py::test_non_dissolve_degrades_to_cut_with_note_no_transition[xfade_wipeleft]
tests/test_fp_fcpxml.py::test_non_dissolve_degrades_to_cut_with_note_no_transition[xfade_slideright]
tests/test_fp_fcpxml.py::test_non_dissolve_degrades_to_cut_with_note_no_transition[bogus]
tests/test_fp_fcpxml.py::test_dissolve_too_long_for_clips_degrades_not_wrong
tests/test_fp_fcpxml.py::test_clean_dissolve_on_last_clip_has_no_next_so_degrades
tests/test_fp_fcpxml.py::test_explicit_cut_and_none_emit_no_note_no_transition
tests/test_fp_fcpxml.py::test_source_in_point_is_asset_clip_start_and_widens_asset_duration
tests/test_fp_fcpxml.py::test_untrimmed_clip_start_is_zero
tests/test_fp_fcpxml.py::test_shared_source_is_one_asset_referenced_twice
tests/test_fp_fcpxml.py::test_fcpxml_conform_every_feature_classified_exactly_once
tests/test_fp_fcpxml.py::test_fcpxml_conform_video_preserved_captions_dropped_audio_classified
tests/test_fp_fcpxml.py::test_fcpxml_module_is_classified
tests/test_fp_fcpxml.py::test_export_fcpxml_writes_file_under_exports
tests/test_fp_fcpxml.py::test_export_fcpxml_dest_override
tests/test_fp_fcpxml.py::test_export_fcpxml_uses_project_rational_edit_rate
tests/test_fp_fcpxml.py::test_export_fcpxml_refuses_source_outside_project
tests/test_fp_fcpxml.py::test_fcpxml_conform_report_drift_and_crosscheck
tests/test_fp_fcpxml.py::test_writer_exposes_no_import_surface
tests/test_fp_fcpxml_audio.py::test_golden_audio_lanes_exact_bytes
tests/test_fp_fcpxml_audio.py::test_audio_golden_parses_dtd_less_and_nests_connected_clips
tests/test_fp_fcpxml_audio.py::test_empty_buses_are_byte_identical_to_t2_video_only_golden
tests/test_fp_fcpxml_audio.py::test_placement_absolute_position_equals_F_for_every_connected_clip
tests/test_fp_fcpxml_audio.py::test_connected_clip_across_dissolve_uses_pulled_back_parent_geometry
tests/test_fp_fcpxml_audio.py::test_connected_clip_may_extend_past_parent_end_as_single_clip
tests/test_fp_fcpxml_audio.py::test_tie_in_dissolve_overlap_attaches_to_earlier_clip
tests/test_fp_fcpxml_audio.py::test_clip_past_last_clip_end_attaches_to_last_clip
tests/test_fp_fcpxml_audio.py::test_lane_and_role_map_is_fixed_and_deterministic
tests/test_fp_fcpxml_audio.py::test_gain_becomes_adjust_volume_with_g_formatting[-6.0--6dB]
tests/test_fp_fcpxml_audio.py::test_gain_becomes_adjust_volume_with_g_formatting[-6.5--6.5dB]
tests/test_fp_fcpxml_audio.py::test_gain_becomes_adjust_volume_with_g_formatting[3.0-3dB]
tests/test_fp_fcpxml_audio.py::test_zero_gain_emits_no_adjust_volume
tests/test_fp_fcpxml_audio.py::test_loop_bed_is_omitted_with_honest_note_not_written
tests/test_fp_fcpxml_audio.py::test_none_duration_clip_is_skipped_with_honest_note
tests/test_fp_fcpxml_audio.py::test_ducking_clip_is_written_but_ducking_relationship_noted
tests/test_fp_fcpxml_audio.py::test_fades_take_gain_only_branch_no_fade_elements
tests/test_fp_fcpxml_audio.py::test_audio_assets_declared_hasaudio_after_video_assets
tests/test_fp_fcpxml_audio.py::test_shared_audio_source_is_one_asset_widened_to_longest_use
tests/test_fp_fcpxml_audio.py::test_determinism_byte_identical_with_audio
tests/test_fp_fcpxml_audio.py::test_cjk_audio_source_names_ride_natively
tests/test_fp_fcpxml_audio.py::test_audio_without_video_spine_is_not_attachable_and_does_not_crash
tests/test_fp_fcpxml_fades.py::test_golden_real_fades_exact_bytes
tests/test_fp_fcpxml_fades.py::test_fade_containment_chain_matches_the_dtd
tests/test_fp_fcpxml_fades.py::test_fade_type_is_linear_render_parity
tests/test_fp_fcpxml_fades.py::test_fade_durations_are_exact_rational_frames
tests/test_fp_fcpxml_fades.py::test_zero_fade_clip_is_byte_identical_drop_when_absent
tests/test_fp_fcpxml_fades.py::test_zero_fade_and_fade_differ_only_in_the_volume_container
tests/test_fp_fcpxml_fades.py::test_zero_gain_with_fades_still_emits_0db_container
tests/test_fp_fcpxml_fades.py::test_zero_gain_zero_fades_still_emits_no_adjust_volume
tests/test_fp_fcpxml_fades.py::test_only_fade_in_emits_only_fadein
tests/test_fp_fcpxml_fades.py::test_only_fade_out_emits_only_fadeout
tests/test_fp_fcpxml_fades.py::test_over_long_fade_clamps_to_clip_length_with_note
tests/test_fp_fcpxml_fades.py::test_fade_exactly_clip_length_is_not_clamped_no_note
tests/test_fp_fcpxml_fades.py::test_materialized_loop_passes_carry_no_fade_elements
tests/test_fp_fcpxml_fades.py::test_determinism_byte_identical_with_fades
tests/test_fp_fcpxml_fades.py::test_fade_frame_math_many_shapes[250-500-6-12]
tests/test_fp_fcpxml_fades.py::test_fade_frame_math_many_shapes[125-125-3-3]
tests/test_fp_fcpxml_fades.py::test_fade_frame_math_many_shapes[1000-0-24-0]
tests/test_fp_fcpxml_fades.py::test_fade_frame_math_many_shapes[0-2000-0-48]
tests/test_fp_fcpxml_import.py::test_roundtrip_windows_reproduced_exactly
tests/test_fp_fcpxml_import.py::test_roundtrip_windows_keep_exact_fraction_seconds
tests/test_fp_fcpxml_import.py::test_roundtrip_transition_is_xfade_fade_candidate
tests/test_fp_fcpxml_import.py::test_roundtrip_audio_bus_suggestions_reproduced_exactly
tests/test_fp_fcpxml_import.py::test_roundtrip_full_t2_v1_reproduces_every_suggestion
tests/test_fp_fcpxml_import.py::test_ambient_role_inverts_to_ambient_bus
tests/test_fp_fcpxml_import.py::test_rational_1001_family_parses_exact_fractions
tests/test_fp_fcpxml_import.py::test_no_float_anywhere_in_time_fields
tests/test_fp_fcpxml_import.py::test_fcp_native_extra_attrs_and_unknown_elements_are_tolerated
tests/test_fp_fcpxml_import.py::test_fcp_native_plan_lists_unknown_elements
tests/test_fp_fcpxml_import.py::test_external_src_becomes_needs_relink_pointing_at_relink_machinery
tests/test_fp_fcpxml_import.py::test_needs_relink_deduped_by_src
tests/test_fp_fcpxml_import.py::test_unknown_audio_role_is_an_honest_row_not_dropped
tests/test_fp_fcpxml_import.py::test_known_version_is_verified
tests/test_fp_fcpxml_import.py::test_unknown_version_recorded_verbatim_with_unverified_note
tests/test_fp_fcpxml_import.py::test_missing_version_is_unverified_but_still_parses
tests/test_fp_fcpxml_import.py::test_non_fcpxml_root_is_refused
tests/test_fp_fcpxml_import.py::test_malformed_xml_is_refused
tests/test_fp_fcpxml_import.py::test_plan_carries_schema_source_and_digest
tests/test_fp_fcpxml_import.py::test_digest_detects_tampering
tests/test_fp_fcpxml_import.py::test_digest_detects_dropped_digest
tests/test_fp_fcpxml_import.py::test_plan_is_deterministic_including_digest
tests/test_fp_fcpxml_import.py::test_cjk_names_and_sources_ride_natively
tests/test_fp_fcpxml_import.py::test_empty_timeline_plans_to_nothing
tests/test_fp_fcpxml_import.py::test_module_exposes_no_apply_or_write_surface
tests/test_fp_fcpxml_import.py::test_import_plan_never_writes_against_a_real_project
tests/test_fp_fcpxml_import.py::test_cli_import_plan_json
tests/test_fp_fcpxml_import.py::test_cli_import_plan_non_fcpxml_exits_structured
tests/test_fp_fcpxml_import.py::test_oversize_file_refused_before_parse
tests/test_fp_fcpxml_import.py::test_oversize_inline_string_refused
tests/test_fp_fcpxml_import.py::test_doctype_prolog_refused
tests/test_fp_fcpxml_import.py::test_entity_prolog_refused
tests/test_fp_fcpxml_import.py::test_normal_document_unaffected_by_caps
tests/test_fp_fcpxml_loops.py::test_golden_materialized_loop_exact_bytes
tests/test_fp_fcpxml_loops.py::test_golden_boundaries_and_passes_are_the_hand_computed_values
tests/test_fp_fcpxml_loops.py::test_materialization_note_on_first_pass_only
tests/test_fp_fcpxml_loops.py::test_tail_pass_is_shorter_than_a_full_pass
tests/test_fp_fcpxml_loops.py::test_audio_asset_available_range_is_the_natural_source_length
tests/test_fp_fcpxml_loops.py::test_gain_lands_on_every_materialized_pass
tests/test_fp_fcpxml_loops.py::test_none_default_is_byte_identical_to_frozen_omit_golden
tests/test_fp_fcpxml_loops.py::test_explicit_none_equals_default_and_omits
tests/test_fp_fcpxml_loops.py::test_empty_loop_lengths_dict_omits_exactly_like_none
tests/test_fp_fcpxml_loops.py::test_non_loop_audio_is_unaffected_by_loop_lengths
tests/test_fp_fcpxml_loops.py::test_passes_parent_across_a_dissolve_boundary
tests/test_fp_fcpxml_loops.py::test_zero_or_negative_probed_length_is_omitted_not_materialized
tests/test_fp_fcpxml_loops.py::test_loop_with_none_duration_cannot_materialize_and_is_omitted
tests/test_fp_fcpxml_loops.py::test_determinism_byte_identical_materialized
tests/test_fp_fcpxml_loops.py::test_telescoping_sum_equals_clip_total_for_many_shapes[5000-1900]
tests/test_fp_fcpxml_loops.py::test_telescoping_sum_equals_clip_total_for_many_shapes[3000-1000]
tests/test_fp_fcpxml_loops.py::test_telescoping_sum_equals_clip_total_for_many_shapes[10000-3333]
tests/test_fp_fcpxml_loops.py::test_telescoping_sum_equals_clip_total_for_many_shapes[2000-700]
tests/test_fp_fcpxml_loops.py::test_telescoping_sum_equals_clip_total_for_many_shapes[1500-1500]
tests/test_fp_fcpxml_loops.py::test_telescoping_sum_equals_clip_total_for_many_shapes[4321-617]
tests/test_fp_fcpxml_loops.py::test_telescoping_sum_equals_clip_total_for_many_shapes[2002-1001]
tests/test_fp_fcpxml_loops.py::test_export_fcpxml_probes_real_wav_and_materializes
tests/test_fp_fcpxml_loops.py::test_export_fcpxml_missing_loop_source_omits_not_crashes
tests/test_fp_fixity.py::test_pack_writes_fixity_manifest_present_last_and_accurate
tests/test_fp_fixity.py::test_pack_manifest_deterministic_same_tree_same_bytes
tests/test_fp_fixity.py::test_unpack_clean_pack_verifies_and_drops_manifest
tests/test_fp_fixity.py::test_unpack_tampered_member_fails_and_removes_dest
tests/test_fp_fixity.py::test_unpack_deleted_member_reports_missing_and_removes_dest
tests/test_fp_fixity.py::test_unpack_extra_member_reports_extra_and_removes_dest
tests/test_fp_fixity.py::test_unpack_old_pack_without_manifest_unchanged_advisory
tests/test_fp_fixity.py::test_fixity_cli_verifies_without_writing
tests/test_fp_fixity.py::test_fixity_cli_detects_tamper
tests/test_fp_fixity.py::test_fixity_cli_no_manifest_is_not_verified
tests/test_fp_gui_endpoints.py::test_jobs_submit_does_not_fsync_on_the_post_thread
tests/test_fp_gui_endpoints.py::test_git_diff_endpoint_http
tests/test_fp_gui_endpoints.py::test_git_diff_endpoint_http_with_path
tests/test_fp_gui_endpoints.py::test_director_suggest_endpoint_http
tests/test_fp_gui_endpoints.py::test_impact_endpoint_http_token_gated
tests/test_fp_gui_endpoints.py::test_impact_endpoint_http_missing_shot_400
tests/test_fp_gui_endpoints.py::test_impact_endpoint_http_returns_report
tests/test_fp_hash_memo.py::test_second_call_on_unchanged_file_does_not_reread
tests/test_fp_hash_memo.py::test_render_segment_double_hash_collapses
tests/test_fp_hash_memo.py::test_render_segment_double_hash_re_reads_when_cache_disabled
tests/test_fp_hash_memo.py::test_same_size_content_change_with_touched_mtime_recomputes
tests/test_fp_hash_memo.py::test_different_path_same_content_gets_correct_digest_and_own_entry
tests/test_fp_hash_memo.py::test_parity_with_fresh_no_cache_process_including_cjk_names
tests/test_fp_hash_memo.py::test_kill_switch_bypasses_memo_and_re_reads
tests/test_fp_hash_memo.py::test_kill_switch_is_per_call_not_cached_at_import
tests/test_fp_hash_memo.py::test_lru_evicts_oldest_and_next_call_rereads
tests/test_fp_hash_memo.py::test_cache_never_exceeds_cap
tests/test_fp_hash_memo.py::test_thread_hammer_all_digests_correct_no_exception
tests/test_fp_hash_memo.py::test_documented_staleness_window_same_size_same_mtime_returns_stale
tests/test_fp_hash_memo.py::test_signature_and_error_behaviour_unchanged
tests/test_fp_plugin_api.py::test_plugin_api_contract_declared_in_code
tests/test_fp_plugin_api.py::test_plugin_api_registered_stable
tests/test_fp_plugin_api.py::test_package_exports_are_a_floor
tests/test_fp_plugin_api.py::test_failure_kinds_are_a_floor_with_stable_values
tests/test_fp_plugin_api.py::test_generation_request_head_fields_and_additive_law
tests/test_fp_plugin_api.py::test_provider_failure_signature_and_attributes
tests/test_fp_plugin_api.py::test_cloud_provider_kwargs_are_keyword_only_with_defaults
tests/test_fp_plugin_api.py::test_registry_entry_point_signatures
tests/test_fp_plugin_api.py::test_minimal_provider_subclass_registers_and_resolves
tests/test_fp_plugin_api.py::test_cloud_provider_abstract_trio_is_exactly_enforced
tests/test_fp_plugin_api.py::test_manifest_surface_floor
tests/test_fp_plugin_api.py::test_broken_or_shadowing_manifest_never_breaks_the_registry
tests/test_fp_plugin_api.py::test_fallback_chain_never_dead_ends
tests/test_fp_plugin_api.py::test_module_class_adapter_end_to_end
tests/test_fp_polish.py::test_every_visible_top_level_command_has_a_help_panel
tests/test_fp_polish.py::test_every_sub_app_group_has_a_help_panel
tests/test_fp_polish.py::test_help_surface_stays_a_small_set_of_panels
tests/test_fp_polish.py::test_core_skill_cheat_sheet_documents_the_audited_surfaces
tests/test_fp_profile.py::test_portrait_geometry
tests/test_fp_profile.py::test_square_geometry
tests/test_fp_profile.py::test_rotation_90_via_display_matrix
tests/test_fp_profile.py::test_rotation_via_rotate_tag
tests/test_fp_profile.py::test_rotation_absent_is_zero_not_guessed
tests/test_fp_profile.py::test_anamorphic_sar_dar_consistent_no_diag
tests/test_fp_profile.py::test_anamorphic_dar_mismatch_diag_exact
tests/test_fp_profile.py::test_yuv420p_8bit
tests/test_fp_profile.py::test_yuv420p10le_10bit
tests/test_fp_profile.py::test_yuv422p_8bit_422
tests/test_fp_profile.py::test_bits_per_raw_sample_overrides_pixfmt_table
tests/test_fp_profile.py::test_unknown_pixfmt_bit_depth_and_chroma_unknown
tests/test_fp_profile.py::test_alpha_detected_for_rgba
tests/test_fp_profile.py::test_field_order_verbatim_or_unknown
tests/test_fp_profile.py::test_missing_color_tags_all_unknown_and_color_unknown_diag
tests/test_fp_profile.py::test_full_color_tags_known_no_diag
tests/test_fp_profile.py::test_full_vs_limited_range_recorded_verbatim
tests/test_fp_profile.py::test_partial_color_tags_still_unknown_gate
tests/test_fp_profile.py::test_no_audio_stream_is_null
tests/test_fp_profile.py::test_mono_layout
tests/test_fp_profile.py::test_stereo_layout
tests/test_fp_profile.py::test_sample_rate_44100_vs_48000
tests/test_fp_profile.py::test_audio_bit_depth_from_sample_fmt_and_verbatim
tests/test_fp_profile.py::test_unknown_channel_layout_is_unknown
tests/test_fp_profile.py::test_ntsc_rate_exact_rational_and_edit_grid_drift
tests/test_fp_profile.py::test_matching_integer_rate_has_no_drift_diag
tests/test_fp_profile.py::test_non_ntsc_rate_mismatch_still_drifts
tests/test_fp_profile.py::test_no_edit_fps_no_drift_diag
tests/test_fp_profile.py::test_vfr_suspected_when_r_and_avg_differ
tests/test_fp_profile.py::test_odd_decimal_rate_is_unknown_never_coerced
tests/test_fp_profile.py::test_degenerate_rate_zero_is_unknown
tests/test_fp_profile.py::test_container_per_stream_disposition_and_language
tests/test_fp_profile.py::test_empty_probe_document_is_all_unknown_not_crash
tests/test_fp_profile.py::test_deterministic_same_input_byte_identical
tests/test_fp_profile.py::test_digest_covers_facts_only_not_header
tests/test_fp_profile.py::test_profile_round_trips_content_addressed
tests/test_fp_profile.py::test_tampered_misfiled_profile_reads_none
tests/test_fp_profile.py::test_malformed_profile_reads_none
tests/test_fp_profile.py::test_deleting_profile_is_inert
tests/test_fp_profile.py::test_technical_reports_not_a_build_or_auth_input
tests/test_fp_profile.py::TestRealFfmpegIntegration::test_portrait_420_8bit_with_color_tags
tests/test_fp_profile.py::TestRealFfmpegIntegration::test_untagged_clip_color_unknown_honesty
tests/test_fp_profile.py::TestRealFfmpegIntegration::test_write_read_round_trip_real_media
tests/test_fp_profile.py::TestRealFfmpegIntegration::test_unreadable_media_raises_media_error
tests/test_fp_provider_floor.py::test_kenburns_no_reference_is_invalid
tests/test_fp_provider_floor.py::test_kenburns_zoom_variance_is_index_deterministic
tests/test_fp_provider_floor.py::test_caption_card_records_html_renderer_when_it_runs
tests/test_fp_provider_floor.py::test_caption_card_falls_back_to_drawtext_and_records_why
tests/test_fp_provider_floor.py::test_caption_card_explicit_html_surfaces_failure
tests/test_fp_provider_floor.py::test_manual_import_needs_human_input_when_no_file
tests/test_fp_provider_floor.py::test_manual_import_generate_registers_supplied_file
tests/test_fp_provider_robust.py::test_poll_5xx_transient_completes_with_exactly_one_submit
tests/test_fp_provider_robust.py::test_poll_4xx_stays_terminal
tests/test_fp_provider_robust.py::test_poll_5xx_forever_hits_poll_timeout_not_infinite_loop
tests/test_fp_provider_robust.py::test_download_evicts_job_dicts
tests/test_fp_provider_robust.py::test_two_successive_jobs_do_not_accumulate
tests/test_fp_provider_robust.py::test_status_to_kind_maps_only_429_to_rate_limited
tests/test_fp_quickstart_fix.py::test_select_file_unknown_shot_is_structured_and_orphan_free
tests/test_fp_quickstart_fix.py::test_select_file_unknown_shot_json_envelope
tests/test_fp_quickstart_fix.py::test_select_file_known_shot_still_registers_and_selects
tests/test_fp_quickstart_fix.py::test_voice_unknown_shot_is_structured
tests/test_fp_quickstart_fix.py::test_redo_unknown_shot_is_structured
tests/test_fp_quickstart_fix.py::test_known_shot_paths_unaffected
tests/test_fp_ratemig1.py::test_no_edit_rate_config_dumps_are_byte_identical_to_pre_r1
tests/test_fp_ratemig1.py::test_save_config_writes_no_edit_rate_line
tests/test_fp_ratemig1.py::test_compat_corpus_project_loads_hash_identical
tests/test_fp_ratemig1.py::test_spec_hash_is_unchanged_and_rate_free
tests/test_fp_ratemig1.py::test_snap_to_frame_grid_is_unchanged
tests/test_fp_ratemig1.py::test_segment_cache_key_folds_int_fps_and_nothing_rational
tests/test_fp_ratemig1.py::test_compiled_timeline_has_no_edit_rate_and_pinned_fps
tests/test_fp_ratemig1.py::test_accessor_default_is_promoted_int_fps
tests/test_fp_ratemig1.py::test_accessor_reads_rational_field_when_present
tests/test_fp_ratemig1.py::test_accessor_loads_fresh_when_no_config_passed
tests/test_fp_ratemig1.py::test_edit_rate_ntsc_with_matching_fps_loads
tests/test_fp_ratemig1.py::test_edit_rate_mismatched_fps_is_structured_error
tests/test_fp_ratemig1.py::test_garbage_edit_rate_is_rejected[bad0]
tests/test_fp_ratemig1.py::test_garbage_edit_rate_is_rejected[bad1]
tests/test_fp_ratemig1.py::test_garbage_edit_rate_is_rejected[bad2]
tests/test_fp_ratemig1.py::test_garbage_edit_rate_is_rejected[bad3]
tests/test_fp_ratemig1.py::test_garbage_edit_rate_is_rejected[bad4]
tests/test_fp_ratemig1.py::test_garbage_edit_rate_is_rejected[bad5]
tests/test_fp_ratemig1.py::test_garbage_edit_rate_is_rejected[bad6]
tests/test_fp_ratemig1.py::test_manju_check_surfaces_mismatched_edit_rate
tests/test_fp_ratemig1.py::test_edit_rate_yaml_round_trips_exactly
tests/test_fp_ratemig1.py::test_edit_rate_only_referenced_in_models_and_container
tests/test_fp_ratemig2.py::test_int_compile_is_byte_identical_no_rational_keys
tests/test_fp_ratemig2.py::test_int_snap_and_resolve_are_untouched
tests/test_fp_ratemig2.py::test_int_segment_cache_key_is_byte_identical
tests/test_fp_ratemig2.py::test_rational_walker_never_entered_for_int_project
tests/test_fp_ratemig2.py::test_rational_duration_frames_are_hand_computed
tests/test_fp_ratemig2.py::test_rational_min_max_clamp_is_in_frame_space
tests/test_fp_ratemig2.py::test_rational_timeline_total_telescopes_from_frame_boundaries
tests/test_fp_ratemig2.py::test_snap_to_frame_grid_rational_cumulative_error_within_half_ms_every_prefix
tests/test_fp_ratemig2.py::test_rational_two_hour_drift_bounded_vs_per_clip_independent_contrast
tests/test_fp_ratemig2.py::test_segment_keys_int_unchanged_rational_distinct_and_deterministic
tests/test_fp_ratemig2.py::test_final_content_key_int_deterministic_rational_distinct
tests/test_fp_ratemig2.py::test_stray_duration_frames_on_int_timeline_is_ignored_in_key
tests/test_fp_ratemig2.py::test_timeline_edit_rate_echo_round_trips_and_int_has_none
tests/test_fp_ratemig2.py::test_compat_timeline_fixture_still_loads_without_a_rate_echo
tests/test_fp_ratemig2.py::test_int_ffmpeg_command_lines_carry_no_rational_rate
tests/test_fp_ratemig2.py::test_rational_ffmpeg_carries_native_rate_at_every_injection_point
tests/test_fp_ratemig2.py::test_int_render_output_is_unchanged_whole_number_rate
tests/test_fp_ratemig4.py::test_otio_int_export_is_byte_identical_float_ms_grid
tests/test_fp_ratemig4.py::test_otio_rational_export_is_integer_frames_at_float64_rate
tests/test_fp_ratemig4.py::test_otio_rational_from_a_real_r2_compile
tests/test_fp_ratemig4.py::test_conform_rational_frame_drift_all_zero_by_construction
tests/test_fp_ratemig4.py::test_conform_closing_pin_on_a_real_r2_compile
tests/test_fp_ratemig4.py::test_conform_int_frame_drift_is_unchanged
tests/test_fp_ratemig4.py::test_conform_rational_same_clock_source_yields_no_mismatch
tests/test_fp_ratemig4.py::test_conform_rational_ms_carrier_note[jianying]
tests/test_fp_ratemig4.py::test_conform_rational_ms_carrier_note[native_draft]
tests/test_fp_ratemig4.py::test_conform_int_carrier_has_no_rational_note
tests/test_fp_ratemig4.py::test_conform_rational_ms_native_captions_stay_silent[srt_ass]
tests/test_fp_ratemig4.py::test_conform_rational_ms_native_captions_stay_silent[ttml]
tests/test_fp_ratemig4.py::test_masters_sample_facts_helper_rational_and_int
tests/test_fp_ratemig4.py::test_masters_int_masters_json_byte_identical_and_no_facts
tests/test_fp_ratemig4.py::test_masters_rational_rows_carry_frame_exact_sample_facts
tests/test_fp_ratemig4.py::test_edl_rational_consumes_duration_frames_over_ms
tests/test_fp_ratemig4.py::test_edl_rational_record_tc_exact_and_continuous
tests/test_fp_ratemig4.py::test_edl_int_clip_uses_ms_fallback_unchanged
tests/test_fp_ratemig4.py::test_rational_otio_roundtrips_with_no_spurious_changes
tests/test_fp_ratemig4.py::test_rational_otio_reimport_detects_a_frame_trim
tests/test_fp_ratemig5.py::test_inspect_is_zero_write
tests/test_fp_ratemig5.py::test_inspect_lists_ntsc_neighbour_and_exact_passthrough_for_24
tests/test_fp_ratemig5.py::test_inspect_ntsc_neighbour_for_30_and_60[30-ntsc0]
tests/test_fp_ratemig5.py::test_inspect_ntsc_neighbour_for_30_and_60[60-ntsc1]
tests/test_fp_ratemig5.py::test_inspect_non_ntsc_fps_is_exact_only_with_honest_note
tests/test_fp_ratemig5.py::test_inspect_never_carries_a_recommended_field
tests/test_fp_ratemig5.py::test_inspect_rebuild_forecast_counts_cached_segments_honestly
tests/test_fp_ratemig5.py::test_inspect_rebuild_forecast_zero_on_fresh_project
tests/test_fp_ratemig5.py::test_plan_carries_cas_hashes_and_the_key_insertion_diff
tests/test_fp_ratemig5.py::test_plan_refuses_a_target_that_breaks_the_fps_mirror
tests/test_fp_ratemig5.py::test_plan_is_zero_write
tests/test_fp_ratemig5.py::test_apply_writes_the_rational_rate_and_mirrors_fps
tests/test_fp_ratemig5.py::test_apply_post_check_confirms_validation_and_resolver
tests/test_fp_ratemig5.py::test_apply_touches_only_project_yaml
tests/test_fp_ratemig5.py::test_apply_does_not_auto_commit_and_prints_the_revert
tests/test_fp_ratemig5.py::test_apply_refuses_on_cas_drift
tests/test_fp_ratemig5.py::test_apply_exact_passthrough_declares_a_whole_rate
tests/test_fp_ratemig5.py::test_downgrade_loss_report_has_the_structured_rows
tests/test_fp_ratemig5.py::test_downgrade_apply_is_refused_without_acknowledgement
tests/test_fp_ratemig5.py::test_downgrade_apply_with_acknowledgement_removes_the_rational_rate
tests/test_fp_ratemig5.py::test_apply_then_downgrade_round_trips_to_the_original_int
tests/test_fp_ratemig5.py::test_downgrade_plan_refuses_when_nothing_to_downgrade
tests/test_fp_ratemig5.py::test_migrate_module_is_token_free
tests/test_fp_ratemig5.py::test_cli_inspect_json
tests/test_fp_ratemig5.py::test_cli_plan_requires_rate_and_lists_candidates
tests/test_fp_ratemig5.py::test_cli_apply_gate_and_write
tests/test_fp_ratemig5.py::test_cli_downgrade_refused_without_acknowledge_loss
tests/test_fp_relink.py::test_missing_take_detected_without_recorded_hash
tests/test_fp_relink.py::test_missing_take_with_recorded_hash
tests/test_fp_relink.py::test_present_take_not_reported
tests/test_fp_relink.py::test_timeline_missing_source_detected
tests/test_fp_relink.py::test_ref_pin_missing_detected
tests/test_fp_relink.py::test_plan_finds_hash_verified_candidate
tests/test_fp_relink.py::test_plan_hashless_item_is_name_only_advisory
tests/test_fp_relink.py::test_plan_no_candidate_row_is_a_skip
tests/test_fp_relink.py::test_plan_deterministic_ordering_and_duplicate_candidates
tests/test_fp_relink.py::test_report_and_plan_are_zero_write
tests/test_fp_relink.py::test_scan_caps_honored_structured_partial_scan
tests/test_fp_relink.py::test_apply_restores_bytes_to_recorded_relpath
tests/test_fp_relink.py::test_apply_refuses_tampered_candidate_cas
tests/test_fp_relink.py::test_apply_refuses_vanished_candidate
tests/test_fp_relink.py::test_apply_is_per_row_atomic
tests/test_fp_relink.py::test_apply_unverified_requires_opt_in
tests/test_fp_relink.py::test_apply_refuses_imports_target
tests/test_fp_relink.py::test_apply_refuses_target_escape_and_non_media_targets
tests/test_fp_relink.py::test_apply_never_overwrites_an_existing_target
tests/test_fp_relink.py::test_apply_rejects_wrong_schema_plan
tests/test_fp_relink.py::test_apply_appends_relink_event
tests/test_fp_relink.py::test_cli_relink_end_to_end
tests/test_fp_relink.py::test_cli_relink_apply_refusal_exits_nonzero
tests/test_fp_review_lazy.py::test_render_review_spawns_zero_subprocesses
tests/test_fp_review_lazy.py::test_consistency_section_structure_renders_inline_without_boards
tests/test_fp_review_lazy.py::test_consistency_section_empty_state_still_inline
tests/test_fp_review_lazy.py::test_consistency_endpoint_returns_units_and_token_gated
tests/test_fp_review_lazy.py::test_consistency_endpoint_wrong_token_is_403
tests/test_fp_review_lazy.py::test_consistency_endpoint_readonly_allowed
tests/test_fp_review_lazy.py::test_page_js_lazy_fetch_and_degradation_marker
tests/test_fp_review_lazy.py::test_member_frame_prefers_sidecar_probe_and_is_byte_identical
tests/test_fp_review_lazy.py::test_member_frame_falls_back_when_sidecar_probe_absent
tests/test_fp_runperf.py::test_pins_exact_stage_durations_and_counts
tests/test_fp_runperf.py::test_slowest_stages_and_attempts_are_ordered_by_recorded_duration
tests/test_fp_runperf.py::test_duration_is_read_from_recorded_evidence_never_recomputed
tests/test_fp_runperf.py::test_provider_vs_local_time_split_where_rows_distinguish
tests/test_fp_runperf.py::test_cache_hit_rate_is_derived_from_the_recorded_skipped_cache_hit_state
tests/test_fp_runperf.py::test_cost_totals_prefer_actual_and_split_by_provider_and_shot
tests/test_fp_runperf.py::test_error_categories_group_by_recorded_failure_code
tests/test_fp_runperf.py::test_recorded_output_bytes_is_the_honest_proxy_not_disk_usage
tests/test_fp_runperf.py::test_per_shot_rollup_pins_duration_and_cost
tests/test_fp_runperf.py::test_unavailable_lists_qc_time_and_disk_usage_with_missing_source
tests/test_fp_runperf.py::test_cache_row_is_NOT_unavailable_because_the_audit_found_a_real_source
tests/test_fp_runperf.py::test_missing_events_file_is_a_structured_empty_report_never_crashes
tests/test_fp_runperf.py::test_unknown_run_id_is_structured_empty_not_found
tests/test_fp_runperf.py::test_torn_tail_line_never_crashes_the_report
tests/test_fp_runperf.py::test_latest_run_is_the_last_run_written_on_the_stream
tests/test_fp_runperf.py::test_report_is_deterministic_for_the_same_evidence
tests/test_fp_runperf.py::test_incomplete_run_without_envelope_uses_the_event_span
tests/test_fp_runperf.py::test_no_build_module_imports_runperf_a_hint_is_never_a_scheduling_fact
tests/test_fp_runperf.py::test_runperf_module_does_not_read_wall_clock
tests/test_fp_runperf.py::test_cli_perf_json_is_the_full_report
tests/test_fp_runperf.py::test_cli_perf_defaults_to_latest_and_prints_human_summary
tests/test_fp_runperf.py::test_cli_perf_with_no_runs_is_graceful_not_an_error
tests/test_fp_security.py::test_s1_pack_member_over_declared_size_cap_refused
tests/test_fp_security.py::test_s2_pack_total_declared_size_cap_refused
tests/test_fp_security.py::test_s3_pack_member_count_cap_refused
tests/test_fp_security.py::test_s4_capped_reader_defends_header_lies
tests/test_fp_security.py::test_s5_valid_small_pack_still_inspects_and_imports
tests/test_fp_security.py::test_s6_symlink_member_never_lands_as_symlink
tests/test_fp_security.py::test_s7_unpack_refuses_when_declared_size_exceeds_free_disk
tests/test_fp_security.py::test_s8_unpack_member_count_sanity_cap
tests/test_fp_security.py::test_s9_unpack_normal_archive_still_works
tests/test_fp_state_perf.py::test_build_state_evaluates_stale_and_voice_once
tests/test_fp_state_perf.py::test_build_state_shape_unchanged_by_threading
tests/test_fp_state_perf.py::test_render_edit_zero_explain_zero_spawns
tests/test_fp_state_perf.py::test_edit_dirty_endpoint_serves_the_verdict
tests/test_fp_supportbundle.py::test_bundle_redacts_secrets_paths_and_signed_urls
tests/test_fp_supportbundle.py::test_self_scan_tripwire_refuses_to_write_when_redactor_is_noop
tests/test_fp_supportbundle.py::test_no_media_bytes_only_counts
tests/test_fp_supportbundle.py::test_bundle_is_byte_deterministic
tests/test_fp_supportbundle.py::test_building_the_bundle_does_not_mutate_the_project
tests/test_fp_supportbundle.py::test_absent_tools_report_missing_not_crash
tests/test_fp_supportbundle.py::test_malformed_events_line_counted_and_skipped
tests/test_fp_supportbundle.py::test_summary_dict_and_zip_manifest_agree
tests/test_fp_supportbundle.py::test_provider_config_digest_only_never_reads_contents
tests/test_fp_supportbundle.py::test_malformed_provider_and_missing_reports_do_not_crash
tests/test_fp_supportbundle.py::test_cli_support_bundle_wrapper_end_to_end
tests/test_fp_timebase.py::test_rate_parse_integer_is_exact
tests/test_fp_timebase.py::test_rate_parse_fraction_ntsc_family_exact
tests/test_fp_timebase.py::test_rate_parse_decimal_aliases_map_to_exact_ntsc
tests/test_fp_timebase.py::test_rate_parse_unknown_decimal_refused
tests/test_fp_timebase.py::test_rate_from_fraction_normalizes
tests/test_fp_timebase.py::test_rate_properties_fps_float_is_display_only
tests/test_fp_timebase.py::test_rate_equality_and_hash
tests/test_fp_timebase.py::test_rounding_modes_on_known_fraction
tests/test_fp_timebase.py::test_frames_to_ms_is_exact_for_pal_rates
tests/test_fp_timebase.py::test_frames_to_ms_ntsc_error_is_bounded_not_zero
tests/test_fp_timebase.py::test_roundtrip_frames_ms_frames_identity_matrix
tests/test_fp_timebase.py::test_roundtrip_frames_ms_frames_identity_huge_values
tests/test_fp_timebase.py::test_roundtrip_property_all_rates
tests/test_fp_timebase.py::test_ms_to_frames_to_ms_is_not_identity_but_bounded
tests/test_fp_timebase.py::test_conversion_results_are_plain_ints
tests/test_fp_timebase.py::test_samples_per_frame_exact_integer_rates_48k
tests/test_fp_timebase.py::test_samples_per_frame_ntsc_48k_is_1001_periodic
tests/test_fp_timebase.py::test_samples_frames_roundtrip_on_alignment_period
tests/test_fp_timebase.py::test_timecode_ndf_from_frames_basic_24
tests/test_fp_timebase.py::test_timecode_ndf_roundtrip_first_hour_boundaries
tests/test_fp_timebase.py::test_timecode_ndf_last_frame_of_day_and_wrap
tests/test_fp_timebase.py::test_timecode_ndf_full_roundtrip_sweep
tests/test_fp_timebase.py::test_drop_frame_illegal_on_non_ntsc_rates
tests/test_fp_timebase.py::test_drop_frame_2997_classic_ten_minute_pin
tests/test_fp_timebase.py::test_drop_frame_2997_one_hour_vs_ndf_is_108_frames
tests/test_fp_timebase.py::test_drop_frame_2997_minute_boundary_behaviour
tests/test_fp_timebase.py::test_drop_frame_dropped_labels_are_rejected_on_parse
tests/test_fp_timebase.py::test_drop_frame_roundtrip_every_minute_first_hour
tests/test_fp_timebase.py::test_drop_frame_5994_hour_offset_is_216
tests/test_fp_timebase.py::test_timecode_parse_separator_selects_df
tests/test_fp_timebase.py::test_timecode_str_roundtrips_through_parse
tests/test_fp_timebase.py::test_grid_drift_2397_material_on_24_grid
tests/test_fp_timebase.py::test_grid_drift_2997_on_30_and_5994_on_60
tests/test_fp_timebase.py::test_one_frame_drift_at_2397_on_24
tests/test_fp_timebase.py::test_one_frame_drift_at_2997_on_30_and_5994_on_60
tests/test_fp_timebase.py::test_classify_rate_exact_inputs
tests/test_fp_timebase.py::test_classify_rate_float_and_decimal_ntsc
tests/test_fp_timebase.py::test_classify_rate_unknown_is_refused_not_snapped
tests/test_fp_timebase.py::test_rate_mode_cfr_vfr_unknown
tests/test_fp_timebase.py::test_range_semantics_constant
tests/test_fp_toolchain.py::test_manifest_schema_and_facts_volatile_split
tests/test_fp_toolchain.py::test_real_ffmpeg_versions_captured_verbatim
tests/test_fp_toolchain.py::test_python_os_locale_facts_are_machine_truth
tests/test_fp_toolchain.py::test_key_deps_present_or_absent_never_crash
tests/test_fp_toolchain.py::test_absent_tools_are_missing_never_a_crash
tests/test_fp_toolchain.py::test_font_inventory_is_basename_plus_content_hash_only
tests/test_fp_toolchain.py::test_two_calls_identical_document_and_digest
tests/test_fp_toolchain.py::test_digest_covers_facts_only
tests/test_fp_toolchain.py::test_manifest_digest_refuses_a_factless_document
tests/test_fp_toolchain.py::test_no_path_leak_no_hostname_no_username
tests/test_fp_toolchain.py::test_write_is_content_addressed_deterministic_and_deletable
tests/test_fp_toolchain.py::test_write_refuses_a_tampered_embedded_digest
tests/test_fp_toolchain.py::test_grep_pin_never_read_by_build_core_providers_runtime
tests/test_fp_toolchain.py::test_drift_yields_exactly_the_changed_rows_sorted
tests/test_fp_toolchain.py::test_drift_removed_fact_row_has_new_none
tests/test_fp_toolchain.py::test_drift_identical_docs_is_empty_and_digest_stable
tests/test_fp_toolchain.py::test_drift_accepts_bare_facts_mappings_too
tests/test_fp_toolchain.py::test_drift_of_two_live_manifests_is_empty
tests/test_fp_toolchain.py::test_cli_toolchain_json_runs_without_a_project
tests/test_fp_toolchain.py::test_cli_toolchain_write_lands_in_reports_toolchain
tests/test_fp_toolchain.py::test_cli_toolchain_diff_reports_drift_rows_exit_zero
tests/test_fp_toolchain.py::test_cli_toolchain_diff_unreadable_old_fails_structured
tests/test_fp_toolkeys.py::test_disallowed_tokens_rejected_with_allowed_set_and_why
tests/test_fp_toolkeys.py::test_disallowed_token_rejected_even_alongside_allowed_ones
tests/test_fp_toolkeys.py::test_empty_list_rejected_use_absent_instead
tests/test_fp_toolkeys.py::test_duplicate_tokens_rejected
tests/test_fp_toolkeys.py::test_allowed_token_combinations_accepted
tests/test_fp_toolkeys.py::test_non_list_shapes_rejected_by_type
tests/test_fp_toolkeys.py::test_assignment_is_validated_too
tests/test_fp_toolkeys.py::test_absent_field_appears_in_no_dump_form
tests/test_fp_toolkeys.py::test_present_field_round_trips_and_optout_restores_bytes
tests/test_fp_toolkeys.py::test_absent_segment_key_is_pre_s4_literal_incl_rational_interplay
tests/test_fp_toolkeys.py::test_absent_final_payload_has_no_toolchain_entry_and_pins_parts
tests/test_fp_toolkeys.py::test_absent_boundary_key_is_pre_s4_literal
tests/test_fp_toolkeys.py::test_component_is_none_for_a_project_that_never_opted_in
tests/test_fp_toolkeys.py::test_ffmpeg_token_key_shifts_exactly_when_version_line_shifts
tests/test_fp_toolkeys.py::test_fonts_token_key_shifts_on_font_hash_change
tests/test_fp_toolkeys.py::test_component_is_a_sorted_token_map_independent_of_authored_order
tests/test_fp_toolkeys.py::test_missing_tool_keys_the_honest_string_missing_never_raises
tests/test_fp_toolkeys.py::test_unlocatable_font_keys_the_honest_string_unknown
tests/test_fp_toolkeys.py::test_flip_on_then_off_restores_the_byte_identical_key
tests/test_fp_toolkeys.py::test_collectors_probe_once_per_process_not_per_key
tests/test_fp_toolkeys.py::test_cached_wrappers_return_the_collectors_truth
tests/test_fp_toolkeys.py::test_key_inputs_breakdown_carries_toolchain_and_rehashes
tests/test_fp_toolkeys.py::test_animatic_keys_flip_on_optin_and_restore_on_optout
tests/test_fp_ttml.py::test_compile_ttml_is_well_formed_imsc_shaped_xml
tests/test_fp_ttml.py::test_one_default_region_bottom_centre
tests/test_fp_ttml.py::test_explicit_lang_parameter_lands_as_xml_lang
tests/test_fp_ttml.py::test_document_header_and_line_endings
tests/test_fp_ttml.py::test_timing_format_pins
tests/test_fp_ttml.py::test_every_cue_gets_begin_end_in_order
tests/test_fp_ttml.py::test_role_mapping_table
tests/test_fp_ttml.py::test_speaker_label_with_speaker_uses_real_agent_not_stub
tests/test_fp_ttml.py::test_unmappable_role_rides_x_manju_verbatim
tests/test_fp_ttml.py::test_speaker_field_lands_as_ttm_agent
tests/test_fp_ttml.py::test_cjk_text_passes_through_as_utf8
tests/test_fp_ttml.py::test_xml_escaping_of_cue_text
tests/test_fp_ttml.py::test_author_line_break_becomes_br
tests/test_fp_ttml.py::test_declared_line_budget_is_applied_like_srt_vtt
tests/test_fp_ttml.py::test_two_compiles_are_byte_identical
tests/test_fp_ttml.py::test_roleless_project_output_valid_and_stable
tests/test_fp_ttml.py::test_empty_caption_track_still_valid_and_stable
tests/test_fp_ttml.py::test_export_ttml_writes_captions_ttml
tests/test_fp_ttml.py::test_export_ttml_honours_dest_override
tests/test_fp_ttml.py::test_manual_mode_human_srt_is_truth
tests/test_fp_ttml.py::test_conform_ttml_captions_preserved_everything_else_unsupported
tests/test_fp_ttml.py::test_conform_ttml_is_not_time_bearing_and_counts_cues
tests/test_fp_ttml.py::test_conform_ttml_stale_artifact_cross_check_flags_mismatch
tests/test_fp_ttml.py::test_ttml_meta_pin_exporter_module_classified
tests/test_fp_ttml.py::test_cli_export_ttml_flag
tests/test_fp_ttml_locale.py::test_none_direction_is_byte_identical_to_pre_change_golden
tests/test_fp_ttml_locale.py::test_direction_default_is_none_and_matches_explicit_none
tests/test_fp_ttml_locale.py::test_direction_rtl_emits_both_attrs_on_div_with_exact_values
tests/test_fp_ttml_locale.py::test_direction_ltr_emits_direction_only_no_unicode_bidi
tests/test_fp_ttml_locale.py::test_direction_none_leaves_div_bare_no_direction_attrs
tests/test_fp_ttml_locale.py::test_direction_with_lang_and_cjk_plus_rtl_text_roundtrips
tests/test_fp_ttml_locale.py::test_direction_output_is_deterministic
tests/test_fp_ttml_locale.py::test_load_locale_meta_missing_file_returns_empty
tests/test_fp_ttml_locale.py::test_load_locale_meta_empty_file_returns_empty
tests/test_fp_ttml_locale.py::test_load_locale_meta_direction_rtl
tests/test_fp_ttml_locale.py::test_load_locale_meta_direction_ltr
tests/test_fp_ttml_locale.py::test_load_locale_meta_unknown_key_is_structured_rejection
tests/test_fp_ttml_locale.py::test_load_locale_meta_bad_direction_is_structured_rejection
tests/test_fp_ttml_locale.py::test_load_locale_meta_direction_never_inferred_from_lang
tests/test_fp_ttml_locale.py::test_load_locale_meta_non_mapping_is_structured_rejection
tests/test_fp_ttml_locale.py::test_export_locale_captions_writes_ttml_with_locale_xml_lang
tests/test_fp_ttml_locale.py::test_export_locale_captions_ttml_rtl_from_declared_meta
tests/test_fp_ttml_locale.py::test_export_locale_captions_ttml_ltr_from_declared_meta
tests/test_fp_ttml_locale.py::test_export_locale_captions_ttml_no_meta_has_no_direction
tests/test_fp_ttml_locale.py::test_export_locale_captions_ttml_is_deterministic
tests/test_fp_ttml_locale.py::test_export_locale_captions_paths_are_relpath_safe
tests/test_fp_voice_probe_cache.py::test_tts_synthesis_fills_sidecar_probe
tests/test_fp_voice_probe_cache.py::test_edge_tts_synthesis_fills_sidecar_probe
tests/test_fp_voice_probe_cache.py::test_voicefix_fallback_construction_fills_probe
tests/test_fp_voice_probe_cache.py::test_voicefix_repaired_take_keeps_probe
tests/test_fp_voice_probe_cache.py::test_compiler_main_path_reads_cache_zero_voice_probes
tests/test_fp_voice_probe_cache.py::test_compiler_main_path_legacy_take_falls_back_to_one_probe
tests/test_fp_voice_probe_cache.py::test_compiler_slate_path_reads_cache_zero_voice_probes
tests/test_fp_voice_probe_cache.py::test_compiler_slate_path_legacy_take_falls_back_to_one_probe
tests/test_fp_voice_probe_cache.py::test_compiler_timeline_identical_cache_vs_live
tests/test_fp_workflows.py::test_every_workflow_command_resolves_in_live_registry
tests/test_fp_workflows.py::test_workflow_floor_and_entry_shape
tests/test_fp_workflows.py::test_next_pointers_stay_inside_the_table
tests/test_fp_workflows.py::test_list_mode_names_every_workflow
tests/test_fp_workflows.py::test_detail_mode_prints_steps_with_whys
tests/test_fp_workflows.py::test_list_json_is_machine_readable
tests/test_fp_workflows.py::test_detail_json_is_machine_readable
tests/test_fp_workflows.py::test_unknown_workflow_is_a_structured_error_listing_valid_names
tests/test_fp_xdist.py::test_no_raw_chdir_in_tests
tests/test_fp_xdist.py::test_pytest_xdist_declared_in_dev_extra
tests/test_fp_xdist.py::test_pytest_xdist_pinned_in_constraints
tests/test_funnel.py::test_walk_empty_to_produce
tests/test_funnel.py::test_status_shape_is_json_serializable
tests/test_funnel.py::test_trivial_template_is_not_done
tests/test_funnel.py::test_beats_needs_three_beat_lines_and_content
tests/test_funnel.py::test_storyboard_reuses_check_validity
tests/test_funnel.py::test_plan_gate_confirmed_proposal_or_final
tests/test_funnel.py::test_plan_not_done_when_confirmed_proposal_has_expired
tests/test_funnel.py::test_plan_stays_done_for_executing_or_done_proposal_even_if_stale_now
tests/test_funnel.py::test_produce_not_done_when_final_is_stale
tests/test_funnel.py::test_scaffold_write_refuse_force_and_event
tests/test_funnel.py::test_scaffold_does_not_complete_stage
tests/test_funnel.py::test_create_checklist_json
tests/test_funnel.py::test_create_checklist_human
tests/test_funnel.py::test_funnel_uses_narrative_neutral_contract_and_proof_terms
tests/test_funnel.py::test_create_stage_scaffold_json
tests/test_funnel.py::test_create_stage_refuses_existing_then_force
tests/test_funnel.py::test_suggest_next_funnel_first_pre_storyboard
tests/test_funnel.py::test_suggest_next_no_funnel_after_storyboard
tests/test_funnel_template_hint.py::test_a_scaffolded_file_is_not_told_to_regenerate
tests/test_funnel_template_hint.py::test_an_absent_file_still_offers_the_template
tests/test_funnel_template_hint.py::test_the_rest_of_the_sentence_survives
tests/test_funnel_template_hint.py::test_the_advice_and_the_command_agree_end_to_end
tests/test_funnel_template_hint.py::test_brief_and_script_now_agree
tests/test_funnel_template_hint.py::test_once_the_brief_is_written_the_funnel_moves_on
tests/test_funnel_template_hint.py::test_the_plan_stage_gives_a_runnable_command
tests/test_funnel_template_hint.py::test_the_plan_advice_matches_the_real_whitelist
tests/test_funnel_template_hint.py::test_the_storyboard_stage_no_longer_leans_on_board
tests/test_funnel_template_hint.py::test_the_finish_line_does_not_recommend_what_was_just_done
tests/test_generic_cloud.py::test_jsonpath_variants
tests/test_generic_cloud.py::test_manifest_loading_and_errors
tests/test_generic_cloud.py::test_manifest_generic_validation
tests/test_generic_cloud.py::test_estimate_cost
tests/test_generic_cloud.py::test_render_body_typed_and_embedded
tests/test_generic_cloud.py::test_happy_path_registers_take
tests/test_generic_cloud.py::test_fallback_cost_uses_per_second_and_duration_not_per_call_alone
tests/test_generic_cloud.py::test_content_rejected_never_retried
tests/test_generic_cloud.py::test_rate_limited_submit_retries
tests/test_generic_cloud.py::test_unmapped_status_is_provider_error
tests/test_generic_cloud.py::test_missing_key_env_fails_clean
tests/test_generic_cloud.py::test_duration_over_limit_rejected
tests/test_generic_cloud.py::test_engine_side_throttle
tests/test_generic_cloud.py::test_registry_and_fallback_resolution
tests/test_generic_cloud.py::test_dry_run_prices_from_manifest
tests/test_generic_cloud.py::test_budget_breaker_on_estimate
tests/test_generic_cloud.py::test_dry_run_prices_the_routed_provider_not_the_static_head
tests/test_generic_cloud.py::test_default_transport_refuses_non_http_scheme
tests/test_generic_cloud.py::test_default_transport_caps_response_size
tests/test_generic_cloud.py::test_download_rejects_html_error_page
tests/test_gitops.py::test_non_repo_dir_returns_unavailable_values
tests/test_gitops.py::test_nonexistent_dir_never_raises
tests/test_gitops.py::test_edit_commit_lifecycle
tests/test_gitops.py::test_actor_attribution
tests/test_gitops.py::test_cjk_filename_roundtrips_exactly
tests/test_gitops.py::test_rename_with_spaces_does_not_crash_z_parser
tests/test_gitops.py::test_file_cap_truncation_flag
tests/test_gitops.py::test_per_path_diff_and_log_filter
tests/test_gitops.py::test_staged_diff
tests/test_gitops.py::test_diff_truncated_at_max_bytes
tests/test_gitops.py::test_empty_message_rejected
tests/test_gitops.py::test_nothing_to_commit_reports_git_message_one_lined
tests/test_gitops.py::test_nested_project_reads_as_no_repo
tests/test_gitops.py::test_pathspec_escape_rejected
tests/test_gui.py::test_page_serves_token_and_csp
tests/test_gui.py::test_foreign_host_rejected
tests/test_gui.py::test_state_shape
tests/test_gui.py::test_select_requires_token
tests/test_gui.py::test_select_writes_truth_and_event
tests/test_gui.py::test_select_refuses_when_selected_take_locked
tests/test_gui.py::test_select_refuses_when_build_locked
tests/test_gui.py::test_lock_via_api
tests/test_gui.py::test_media_range_and_traversal
tests/test_gui.py::test_build_dry_run_is_synchronous
tests/test_gui.py::test_build_validation
tests/test_gui.py::test_qc_job_lifecycle
tests/test_gui.py::test_voice_job_fails_cleanly_without_tts
tests/test_gui.py::test_voice_endpoint_gated_like_cli
tests/test_gui.py::test_voice_validation
tests/test_gui.py::test_jobs_are_serialized
tests/test_gui.py::test_shot_get_raw_yaml
tests/test_gui.py::test_shot_save_verbatim_and_event
tests/test_gui.py::test_shot_save_bad_yaml_rejected
tests/test_gui.py::test_shot_save_check_failure_reverts
tests/test_gui.py::test_shot_save_cannot_bypass_lock
tests/test_gui.py::test_shot_create_new
tests/test_gui.py::test_upload_roundtrip_and_collision
tests/test_gui.py::test_upload_validation
tests/test_gui.py::test_timeline_endpoint
tests/test_gui.py::test_watch_longpoll
tests/test_gui.py::test_proposals_listing
tests/test_gui.py::test_index_reorder
tests/test_gui.py::test_index_drops_a_shot_only_with_the_cas_token
tests/test_gui.py::test_bible_editor_gated
tests/test_gui.py::test_rules_editor
tests/test_gui.py::test_doctor_endpoint
tests/test_gui.py::test_git_endpoints_no_repo
tests/test_gui.py::test_git_commit_via_api
tests/test_gui.py::test_events_filtering
tests/test_gui.py::test_check_and_explain_endpoints
tests/test_gui.py::test_unknown_routes
tests/test_gui.py::test_state_cache_by_fingerprint
tests/test_gui.py::test_workspace_mode
tests/test_gui.py::test_switch_outside_workspace_rejected
tests/test_gui.py::test_readonly_mode
tests/test_gui.py::test_build_forwards_assume_yes_into_job
tests/test_gui.py::test_readonly_blocks_upload_and_commit
tests/test_gui.py::test_upload_size_cap
tests/test_gui.py::test_take_notes_roundtrip
tests/test_gui.py::test_finals_version_stack_in_state
tests/test_gui.py::test_take_card_carries_seed
tests/test_gui.py::test_conflict_409_carries_current_truth
tests/test_gui.py::test_schema_endpoint
tests/test_gui.py::test_spend_endpoint
tests/test_gui.py::test_validate_endpoint
tests/test_gui_core.py::test_onboarding_live_done_detection
tests/test_gui_core.py::test_onboarding_dismiss_persists_per_user
tests/test_gui_core.py::test_plan_build_shape
tests/test_gui_core.py::test_plan_provider_from_routing_when_present
tests/test_gui_core.py::test_plan_redo_prices_routed_provider_not_static_head
tests/test_gui_core.py::test_plan_redo_and_voice_shape
tests/test_gui_core.py::test_plan_batch_redo_skips_manual
tests/test_gui_core.py::test_failure_cards_in_state
tests/test_gui_core.py::test_redo_batch_endpoint_reports_skip_and_fail
tests/test_gui_core.py::test_batch_endpoints_validate
tests/test_gui_core.py::test_voice_batch_endpoint
tests/test_gui_core.py::test_reorder_roundtrips_index_and_event
tests/test_gui_core.py::test_packaging_editor_validate_on_save
tests/test_gui_core.py::test_lock_guard_refuses_locked_field_write
tests/test_gui_core.py::test_snapshot_and_rollback_file
tests/test_gui_core.py::test_snapshot_no_repo
tests/test_gui_core.py::test_tasks_endpoint_shape
tests/test_gui_core.py::test_new_project_creates_via_preset
tests/test_gui_core.py::test_new_project_outside_workspace_rejected
tests/test_gui_core.py::test_dangerous_surface_still_absent
tests/test_gui_core.py::test_new_endpoints_blocked_in_readonly
tests/test_gui_edit.py::test_edit_page_renders_with_content
tests/test_gui_edit.py::test_edit_in_nav_everywhere
tests/test_gui_edit.py::test_edit_renders_transition_state_from_last_build
tests/test_gui_edit.py::test_edit_transition_marker_is_dash_before_any_build
tests/test_gui_edit.py::test_edit_audio_round_trips_mixer
tests/test_gui_edit.py::test_edit_transition_default_writes_rules
tests/test_gui_edit.py::test_edit_transition_rejects_invalid
tests/test_gui_edit.py::test_edit_look_writes_style_yaml
tests/test_gui_edit.py::test_edit_look_intensity_and_preset_bounds
tests/test_gui_edit.py::test_edit_look_preserves_other_style_keys
tests/test_gui_edit.py::test_edit_duration_override
tests/test_gui_edit.py::test_edit_reorder_round_trip
tests/test_gui_edit.py::test_edit_trim_mints_take_via_op
tests/test_gui_edit.py::test_edit_trim_validates
tests/test_gui_edit.py::test_edit_trim_bad_range_is_400
tests/test_gui_edit.py::test_edit_frame_and_strip_and_look_serve
tests/test_gui_edit.py::test_edit_frame_rejects_non_media_path
tests/test_gui_edit.py::test_edit_dangerous_surface_still_guarded
tests/test_gui_edit.py::test_edit_readonly_blocks_actions
tests/test_gui_finish.py::test_subtitles_page_renders
tests/test_gui_finish.py::test_subtitles_manual_flip_needs_confirm_then_writes
tests/test_gui_finish.py::test_subtitles_revert_restores_compiled
tests/test_gui_finish.py::test_subtitles_validation_rejects_empty_and_inverted
tests/test_gui_finish.py::test_subtitles_overlap_warns_but_saves
tests/test_gui_finish.py::test_subtitles_split_and_merge_helpers
tests/test_gui_finish.py::test_subtitles_split_result_saves_two_cues
tests/test_gui_finish.py::test_mixer_page_offers_library_and_imports_sources
tests/test_gui_finish.py::test_mixer_apply_roundtrips_through_apply_mixer
tests/test_gui_finish.py::test_mixer_lib_source_resolved_into_imports
tests/test_gui_finish.py::test_mixer_apply_rejects_bad_value
tests/test_gui_finish.py::test_packaging_page_renders
tests/test_gui_finish.py::test_packaging_apply_writes_intro_and_cover
tests/test_gui_finish.py::test_packaging_validator_surfaced_inline
tests/test_gui_finish.py::test_packaging_info_cards_full_replace
tests/test_gui_finish.py::test_card_preview_endpoint_200s
tests/test_gui_finish.py::test_card_preview_renders_and_caches
tests/test_gui_finish.py::test_frame_and_strip_endpoints
tests/test_gui_finish.py::test_packaging_cover_frame_from_picked_strip
tests/test_gui_finish.py::test_packaging_teaser_final_length_warning
tests/test_gui_finish.py::test_new_routes_guarded
tests/test_gui_finish.py::test_readonly_blocks_finishing_actions
tests/test_gui_merge_blockers.py::test_note_and_verdict_buttons_have_data_action
tests/test_gui_merge_blockers.py::test_n_shortcut_does_not_use_positional_tacts_fallback
tests/test_gui_merge_blockers.py::test_review_focus_clears_aria_hidden_on_exit
tests/test_gui_merge_blockers.py::test_bootstrap_hydrates_from_api_ui_state
tests/test_gui_merge_blockers.py::test_ui_state_roundtrip_survives_server_restart
tests/test_gui_merge_blockers.py::test_multiprocess_gui_state_no_lost_updates
tests/test_gui_merge_blockers.py::test_cancel_running_reports_stuck_not_hang
tests/test_gui_merge_blockers.py::test_page_js_dispose_and_focus_identity
tests/test_gui_merge_blockers.py::test_webclient_rejects_invalid_json_on_2xx
tests/test_gui_merge_blockers.py::test_launch_rejects_unknown_path
tests/test_gui_merge_blockers.py::test_launch_accepts_session_project_id
tests/test_gui_modes.py::test_glossary_matches_report_verbatim
tests/test_gui_modes.py::test_glossary_covers_every_named_concept
tests/test_gui_modes.py::test_term_returns_primary_word
tests/test_gui_modes.py::test_tooltip_html_is_accessible_and_escaped
tests/test_gui_modes.py::test_term_unknown_raises
tests/test_gui_modes.py::test_fresh_user_defaults_to_beginner
tests/test_gui_modes.py::test_existing_user_defaults_to_pro
tests/test_gui_modes.py::test_explicit_mode_wins
tests/test_gui_modes.py::test_choosing_a_mode_dismisses_the_hint
tests/test_gui_modes.py::test_show_pro_terms_roundtrip
tests/test_gui_modes.py::test_modes_constant
tests/test_gui_modes.py::test_nav_differs_between_modes
tests/test_gui_modes.py::test_hidden_pages_still_reachable_by_url
tests/test_gui_modes.py::test_mode_switch_is_token_gated
tests/test_gui_modes.py::test_mode_invalid_value_rejected
tests/test_gui_modes.py::test_mode_hint_dismiss
tests/test_gui_modes.py::test_show_terms_toggles_body_class
tests/test_gui_modes.py::test_pro_only_panels_marked_but_present
tests/test_gui_modes.py::test_glossary_assets_served
tests/test_gui_modes.py::test_glossary_tooltips_swept_into_pages
tests/test_gui_modes.py::test_mode_toggle_readonly_403
tests/test_gui_modes.py::test_chrome_and_glossary_import_cleanly
tests/test_gui_new_shot_placeholder.py::test_the_hardcoded_id_is_gone
tests/test_gui_new_shot_placeholder.py::test_the_suggestion_is_computed
tests/test_gui_new_shot_placeholder.py::test_it_is_recomputed_when_the_form_opens
tests/test_gui_new_shot_placeholder.py::test_the_suggestion_derives_from_the_loaded_shots
tests/test_gui_new_shot_placeholder.py::test_it_skips_ids_that_are_taken
tests/test_gui_new_shot_placeholder.py::test_only_s_numbered_ids_move_the_counter
tests/test_gui_new_shot_placeholder.py::test_it_pads_to_the_house_convention
tests/test_gui_new_shot_placeholder.py::test_the_empty_project_case_starts_at_one
tests/test_gui_page_shell_scripts.py::test_no_script_is_loaded_twice[pages]
tests/test_gui_page_shell_scripts.py::test_no_script_is_loaded_twice[pages_t]
tests/test_gui_page_shell_scripts.py::test_shell_still_loads_the_request_layer[pages]
tests/test_gui_page_shell_scripts.py::test_shell_still_loads_the_request_layer[pages_t]
tests/test_gui_pages.py::test_review_page_renders_with_content
tests/test_gui_pages.py::test_review_verdict_writes_take_notes_and_event
tests/test_gui_pages.py::test_review_repair_op_creates_new_take
tests/test_gui_pages.py::test_review_repair_validates
tests/test_gui_pages.py::test_compare_page_full_diff
tests/test_gui_pages.py::test_compare_degraded_pre_s_final
tests/test_gui_pages.py::test_compare_needs_two_finals
tests/test_gui_pages.py::test_library_page_lists_assets
tests/test_gui_pages.py::test_library_use_into_project_honors_no_overwrite
tests/test_gui_pages.py::test_library_page_shot_query_shows_suggestions
tests/test_gui_pages.py::test_library_page_shot_query_no_match_is_honest
tests/test_gui_pages.py::test_library_page_unknown_shot_degrades_cleanly
tests/test_gui_pages.py::test_library_tag_and_note_roundtrip
tests/test_gui_pages.py::test_providers_page_masks_secrets
tests/test_gui_pages.py::test_providers_toggle_roundtrips_disabled
tests/test_gui_pages.py::test_routing_page_renders
tests/test_gui_pages.py::test_routing_strategy_picker_writes_only_the_key
tests/test_gui_pages.py::test_routing_strategy_invalid_reverts
tests/test_gui_pages.py::test_route_explain_endpoint
tests/test_gui_pages.py::test_doctor_page_renders
tests/test_gui_pages.py::test_pages_assets_and_nav
tests/test_gui_pages.py::test_pages_carry_csp_and_token
tests/test_gui_pages.py::test_dangerous_surface_still_guarded
tests/test_gui_pages.py::test_readonly_blocks_page_actions
tests/test_gui_project_actions.py::test_unbound_open_returns_project_bound
tests/test_gui_project_actions.py::test_bound_open_other_returns_409_next_action
tests/test_gui_project_actions.py::test_bound_new_project_201_created_session_unchanged
tests/test_gui_project_actions.py::test_unbound_new_project_created_and_bound
tests/test_gui_project_actions.py::test_switch_never_mutates_session
tests/test_gui_project_actions.py::test_response_keeps_root_code_next_action
tests/test_gui_project_actions.py::test_workspace_launch_validates_project
tests/test_gui_project_actions.py::test_workspace_launch_rejects_unknown_path
tests/test_gui_project_actions.py::test_app_status_shape
tests/test_gui_project_actions.py::test_quit_after_current_cancels_queued
tests/test_gui_project_actions.py::test_quit_cancel_running_sets_flag
tests/test_gui_project_actions.py::test_quit_is_idempotent
tests/test_gui_project_actions.py::test_webclient_and_project_action_served
tests/test_gui_project_actions.py::test_spa_html_loads_webclient_before_app
tests/test_gui_session_repair.py::test_unbound_server_can_bind_exactly_once
tests/test_gui_session_repair.py::test_bound_server_rejects_second_bind
tests/test_gui_session_repair.py::test_switch_endpoint_does_not_mutate_bound_session
tests/test_gui_session_repair.py::test_job_log_written_only_to_runner_project
tests/test_gui_session_repair.py::test_job_a_never_appears_in_project_b
tests/test_gui_session_repair.py::test_retry_refuses_project_mismatch
tests/test_gui_session_repair.py::test_state_payload_and_project_token_share_one_session
tests/test_gui_session_repair.py::test_html_title_and_project_meta_share_one_session
tests/test_gui_session_repair.py::test_shutdown_cancels_queued_without_executing
tests/test_gui_session_repair.py::test_submit_after_closing_raises
tests/test_gui_session_repair.py::test_shutdown_is_idempotent
tests/test_gui_session_repair.py::test_shutdown_timeout_reports_live_worker
tests/test_gui_session_repair.py::test_server_closing_rejects_mutating_post
tests/test_gui_session_repair.py::test_interrupted_preserves_created_started
tests/test_gui_session_repair.py::test_legacy_unscoped_interrupted_not_retryable
tests/test_gui_session_repair.py::test_running_visible_among_many_queued
tests/test_gui_session_repair.py::test_http_invalid_content_length
tests/test_gui_session_repair.py::test_http_negative_content_length
tests/test_gui_session_repair.py::test_http_transfer_encoding_rejected
tests/test_gui_session_repair.py::test_http_short_body
tests/test_gui_session_repair.py::test_optional_build_lock_never_nullcontext
tests/test_gui_session_repair.py::test_build_lock_conflict_still_409
tests/test_gui_validate_label_scope.py::test_the_tick_does_not_claim_an_unqualified_pass
tests/test_gui_validate_label_scope.py::test_the_tick_names_what_it_checked
tests/test_gui_validate_label_scope.py::test_the_tick_names_what_it_did_not_check
tests/test_gui_validate_label_scope.py::test_the_tick_points_at_the_authority
tests/test_gui_validate_label_scope.py::test_it_is_still_a_pass_not_a_warning
tests/test_gui_validate_label_scope.py::test_the_invalid_branch_is_untouched
tests/test_gui_validate_label_scope.py::test_the_advisory_contract_is_still_documented_in_source
tests/test_gui_wave_complete.py::test_app_shutdown_coordinator_class_exists
tests/test_gui_wave_complete.py::test_a_b_isolation_ports_tokens_jobs
tests/test_gui_wave_complete.py::test_closing_rejects_write_keeps_status_readable
tests/test_gui_wave_complete.py::test_ui_rev_only_one_card_changes
tests/test_gui_wave_complete.py::test_scale_200_state_builds
tests/test_gui_wave_complete.py::test_soak_larger
tests/test_gui_wave_complete.py::test_app_js_review_focus_and_a11y_pins
tests/test_gui_wave_complete.py::test_json_get_jobs_pages_prefer_requestjson
tests/test_gui_wave_complete.py::test_imports_hash_stable_across_gui_ops
tests/test_gui_wave_personal.py::test_shot_cards_include_stable_ui_rev
tests/test_gui_wave_personal.py::test_ui_rev_changes_when_note_changes
tests/test_gui_wave_personal.py::test_state_perf_query_adds_payload_bytes
tests/test_gui_wave_personal.py::test_ui_state_isolated_by_workspace
tests/test_gui_wave_personal.py::test_ui_state_http_roundtrip
tests/test_gui_wave_personal.py::test_editor_draft_not_auto_write
tests/test_gui_wave_personal.py::test_open_same_project_returns_already_open
tests/test_gui_wave_personal.py::test_make_gui_scale_project_small
tests/test_gui_wave_personal.py::test_scale_state_timing_10
tests/test_gui_wave_personal.py::test_gui_soak_smoke
tests/test_gui_wave_personal.py::test_app_js_has_keyed_patch_and_no_full_clear_for_shots
tests/test_gui_wave_personal.py::test_no_window_alert_in_project_flows
tests/test_gui_wave_personal.py::test_webclient_is_single_json_owner_for_common_paths
tests/test_gui_wave_personal.py::test_frontend_source_scan_fetch_allowlist
tests/test_h2_hardening.py::test_18_stale_keep_after_spec_change_is_not_keeper
tests/test_h2_hardening.py::test_19_changed_expectation_is_not_keeper
tests/test_h2_hardening.py::test_20_continuation_derivation_exception_emits_blocking_diagnostic
tests/test_h2_hardening.py::test_21_redo_cycle_is_one_family_with_stable_representative
tests/test_h2_hardening.py::test_22_nle_project_file_packed_once_not_duplicate_error
tests/test_h2_hardening.py::test_23_nle_hash_conflict_is_binding_mismatch_not_duplicate
tests/test_h2_hardening.py::test_24_artifact_changed_after_manifest_blocks_bundle
tests/test_h2_hardening.py::test_25_old_zip_remains_after_cas_refusal
tests/test_h2_hardening.py::test_26_materialized_manifest_edit_is_inert_for_variant
tests/test_h2_hardening.py::test_base_profile_cycle_is_blocked_not_recursion
tests/test_h2_hardening.py::test_27_audio_change_moves_semantic_digest
tests/test_h2_hardening.py::test_28_subtitle_text_and_timing_change_moves_digest
tests/test_h2_hardening.py::test_29_absolute_metadata_path_is_not_emitted
tests/test_h2_hardening.py::test_30_metadata_bytes_join_manifest_digest_as_artifact
tests/test_h2_hardening.py::test_31_explicit_unknown_profile_is_blocked
tests/test_h2_hardening.py::test_32_explicit_unknown_variant_kind_is_blocked
tests/test_h2_hardening.py::test_33_format_only_and_localized_without_base_identity_block
tests/test_h2_hardening.py::test_34_final_ref_parameter_is_rejected_not_ignored
tests/test_hash_versions.py::test_v1_spec_payload_is_byte_identical_to_pre_round_w
tests/test_hash_versions.py::test_v1_hash_ignores_dialogue_and_keyframes
tests/test_hash_versions.py::test_v2_adds_dialogue
tests/test_hash_versions.py::test_v2_dialogue_edit_changes_the_hash_but_v1_does_not
tests/test_hash_versions.py::test_v2_keyframes_included_when_non_empty
tests/test_hash_versions.py::test_v2_keyframe_local_image_content_change_moves_the_hash
tests/test_hash_versions.py::test_old_v1_take_survives_a_dialogue_edit_as_fresh
tests/test_hash_versions.py::test_new_current_take_goes_stale_after_a_dialogue_edit
tests/test_hash_versions.py::test_voice_v1_hash_has_no_provider_fields
tests/test_hash_versions.py::test_old_v1_voice_survives_a_provider_swap_as_fresh
tests/test_hash_versions.py::test_new_v2_voice_goes_stale_after_a_provider_swap
tests/test_hashing.py::test_canonical_json_is_key_order_independent
tests/test_hashing.py::test_canonical_json_preserves_unicode_literally
tests/test_hashing.py::test_canonical_json_is_compact
tests/test_hashing.py::test_hash_value_stable_regardless_of_insertion_order
tests/test_hashing.py::test_hash_value_differs_on_content_change
tests/test_hashing.py::test_get_by_path_nested_dict
tests/test_hashing.py::test_get_by_path_into_list
tests/test_hashing.py::test_get_by_path_missing_key_raises_keyerror
tests/test_hashing.py::test_get_by_path_through_non_container_raises_keyerror
tests/test_hashing.py::test_cache_key_is_deterministic_and_sensitive
tests/test_hashing.py::test_short_hash_strips_prefix_and_truncates
tests/test_hashing.py::test_hash_file_matches_hashlib
tests/test_help_chinese_lead.py::test_every_row_is_readable_in_chinese
tests/test_help_chinese_lead.py::test_every_row_is_a_single_line
tests/test_help_chinese_lead.py::test_no_row_dumps_a_paragraph
tests/test_help_chinese_lead.py::test_the_help_page_did_not_get_taller
tests/test_help_chinese_lead.py::test_the_english_survives_in_per_command_help
tests/test_help_chinese_lead.py::test_an_already_chinese_row_is_not_double_glossed
tests/test_help_chinese_lead.py::test_every_lead_names_a_real_command
tests/test_help_chinese_lead.py::test_a_new_english_only_command_must_get_a_lead
tests/test_help_chinese_lead.py::test_the_guard_has_something_to_guard
tests/test_help_first_contact.py::test_the_wall_is_real
tests/test_help_first_contact.py::test_the_wall_measurement_reads_no_rendered_output
tests/test_help_first_contact.py::test_every_door_is_named
tests/test_help_first_contact.py::test_the_doors_are_on_screen_after_the_wall
tests/test_help_first_contact.py::test_bare_manju_shows_them_too
tests/test_help_first_contact.py::test_the_description_no_longer_points_at_build
tests/test_help_first_contact.py::test_the_doors_render_as_separate_lines
tests/test_help_first_contact.py::test_no_rich_markup_leaks_into_the_output
tests/test_help_first_contact.py::test_the_named_doors_are_real_commands
tests/test_help_provenance_strip.py::test_the_transform_is_exact[Create a <name>.manju project directory (\xa73).-Create a <name>.manju project directory.]
tests/test_help_provenance_strip.py::test_the_transform_is_exact[List the preset kits (P3).-List the preset kits.]
tests/test_help_provenance_strip.py::test_the_transform_is_exact[\u521b\u4f5c\u6f0f\u6597 / creation funnel (goal item 2).-\u521b\u4f5c\u6f0f\u6597 / creation funnel.]
tests/test_help_provenance_strip.py::test_the_transform_is_exact[Schema + references (\xa74, \xa75). The safety net.-Schema + references. The safety net.]
tests/test_help_provenance_strip.py::test_the_transform_is_exact[\u5217\u51fa\u6279\u6b21(round AA,goal item 2)\u3002-\u5217\u51fa\u6279\u6b21\u3002]
tests/test_help_provenance_strip.py::test_the_transform_is_exact[Tail the collaboration log (who did what, when \u2014 \xa710).-Tail the collaboration log (who did what, when).]
tests/test_help_provenance_strip.py::test_the_transform_is_exact[Labeled git checkpoint (git is the patch engine, \xa73).-Labeled git checkpoint (git is the patch engine).]
tests/test_help_provenance_strip.py::test_the_transform_is_exact[Force new takes (append-only; existing selection stands).-Force new takes (append-only; existing selection stands).]
tests/test_help_provenance_strip.py::test_the_transform_is_exact[\u6279\u91cf\u5165\u5e93(\u76ee\u5f55\u6216\u6587\u4ef6\u5217\u8868)\u3002-\u6279\u91cf\u5165\u5e93(\u76ee\u5f55\u6216\u6587\u4ef6\u5217\u8868)\u3002]
tests/test_help_provenance_strip.py::test_a_marker_woven_into_prose_is_left_alone[AI_IDE_16 \xa79 \u2014 round-trip an edited storyboard pull sheet.]
tests/test_help_provenance_strip.py::test_a_marker_woven_into_prose_is_left_alone[Local web workbench (\xa71-\u2466 revisited) \u2014 a client of the SAME engine core.]
tests/test_help_provenance_strip.py::test_a_marker_woven_into_prose_is_left_alone[Recreate the runtime dir (\xa73: SQLite may be deleted).]
tests/test_help_provenance_strip.py::test_no_dangling_separator_is_ever_produced
tests/test_help_provenance_strip.py::test_the_command_list_is_much_quieter
tests/test_help_provenance_strip.py::test_the_detector_had_something_to_do
tests/test_help_provenance_strip.py::test_per_command_help_keeps_the_reference
tests/test_help_provenance_strip.py::test_every_row_still_says_something
tests/test_history_rollback.py::test_rollback_shot_returns_to_previous_take
tests/test_history_rollback.py::test_rollback_shot_twice_toggles
tests/test_history_rollback.py::test_rollback_shot_without_history_fails_cleanly
tests/test_history_rollback.py::test_rollback_shot_unknown_shot
tests/test_history_rollback.py::test_snapshot_and_rollback_file
tests/test_history_rollback.py::test_rollback_file_refuses_media_and_escapes
tests/test_history_rollback.py::test_rollback_file_refuses_compiled_timeline_artifacts
tests/test_history_rollback.py::test_rollback_file_requires_git
tests/test_history_rollback.py::test_snapshot_requires_git
tests/test_history_rollback.py::test_history_merges_events_and_git
tests/test_history_rollback.py::test_history_without_git_is_events_only
tests/test_http_no_proxy_fixture.py::test_autouse_installs_no_proxy_opener
tests/test_idempotency.py::test_final_frame_rate_and_duration_qc
tests/test_idempotency.py::test_final_r_frame_rate_is_project_fps
tests/test_idempotency.py::test_clip_durations_snap_to_frame_grid
tests/test_idempotency.py::test_build_twice_is_idempotent
tests/test_idempotency.py::test_final_key_sidecar_written
tests/test_idempotency.py::test_force_rerenders
tests/test_idempotency.py::test_redo_selected_then_build_adds_exactly_one
tests/test_impact.py::test_caption_line_carries_shot_field
tests/test_impact.py::test_cuemap_prefers_stamped_shot
tests/test_impact.py::test_cuemap_temporal_fallback_for_legacy
tests/test_impact.py::test_compiler_stamps_shot_on_captions
tests/test_impact.py::test_impact_dialogue_stales_voice_and_video
tests/test_impact.py::test_impact_camera_does_not_stale_voice
tests/test_impact.py::test_impact_manual_voice_never_invalidated
tests/test_impact.py::test_impact_byte_identical_twice
tests/test_impact.py::test_impact_summary_zh
tests/test_impact.py::test_cli_impact_json
tests/test_import_dedup.py::test_same_content_different_name_is_found
tests/test_import_dedup.py::test_same_size_different_content_returns_none
tests/test_import_dedup.py::test_different_size_returns_none_via_fast_path
tests/test_import_dedup.py::test_empty_imports_dir_returns_none
tests/test_import_dedup.py::test_candidate_inside_imports_is_not_its_own_duplicate
tests/test_import_dedup.py::test_first_duplicate_in_sorted_order_wins
tests/test_import_dedup.py::test_make_preview_is_keyed_by_content_not_stem
tests/test_import_dedup.py::test_make_preview_same_content_reuses_the_same_name
tests/test_import_next_step.py::test_media_import_names_the_write_back
tests/test_import_next_step.py::test_the_suggested_path_is_quoted
tests/test_import_next_step.py::test_a_text_import_is_not_told_to_register_a_take
tests/test_import_next_step.py::test_a_mixed_batch_gets_both_hints_correctly
tests/test_import_next_step.py::test_the_hint_matches_what_select_actually_accepts
tests/test_import_next_step.py::test_json_output_is_untouched
tests/test_ingest.py::test_take_bare_filename
tests/test_ingest.py::test_take_explicit_suffix
tests/test_ingest.py::test_take_arbitrary_trailing_token_still_matches_leading_id
tests/test_ingest.py::test_voice_bare_filename
tests/test_ingest.py::test_voice_explicit_suffix
tests/test_ingest.py::test_shot_ref_suffix
tests/test_ingest.py::test_shot_ref_numbered_suffix
tests/test_ingest.py::test_bible_ref_character
tests/test_ingest.py::test_bible_ref_scene
tests/test_ingest.py::test_unknown_id_falls_back_to_import_with_reason
tests/test_ingest.py::test_unknown_extension_falls_back_to_import
tests/test_ingest.py::test_video_with_unmatched_id_falls_back_to_import
tests/test_ingest.py::test_ambiguous_different_ids_falls_back_to_import
tests/test_ingest.py::test_same_id_matches_shot_and_bible_prefers_shot
tests/test_ingest.py::test_role_forced_take_rejects_non_video_extension
tests/test_ingest.py::test_role_forced_ref_treats_image_as_ref_even_without_ref_suffix
tests/test_ingest.py::test_shot_forced_overrides_filename_entirely
tests/test_ingest.py::test_shot_forced_but_unknown_shot_raises_ingest_error
tests/test_ingest.py::test_unsafe_role_raises
tests/test_ingest.py::test_unsafe_shot_id_raises
tests/test_ingest.py::test_missing_path_raises_cleanly
tests/test_ingest.py::test_dedup_against_existing_import
tests/test_ingest.py::test_dedup_against_existing_take
tests/test_ingest.py::test_dedup_within_batch
tests/test_ingest.py::test_library_hit_default_skips_and_hints
tests/test_ingest.py::test_library_hit_import_still_classifies_and_attaches_hint
tests/test_ingest.py::test_library_hit_link_sources_copy_from_library_blob
tests/test_ingest.py::test_library_hit_link_apply_lands_correct_bytes
tests/test_ingest.py::test_no_library_hit_leaves_hint_none
tests/test_ingest.py::test_project_dedup_wins_over_library_hit
tests/test_ingest.py::test_bad_on_duplicate_raises
tests/test_ingest.py::test_cli_ingest_on_duplicate_flag_skips_by_default
tests/test_ingest.py::test_plan_ingest_touches_nothing_on_disk
tests/test_ingest.py::test_apply_take_is_append_only
tests/test_ingest.py::test_apply_voice_lands_manual_no_sidecar
tests/test_ingest.py::test_apply_shot_ref_collision_safe_copy
tests/test_ingest.py::test_apply_bible_ref_sets_ref_image_and_never_overwrites
tests/test_ingest.py::test_apply_import_fallback_makes_a_plain_import
tests/test_ingest.py::test_apply_skip_duplicate_is_a_pure_noop
tests/test_ingest.py::test_apply_overrides_change_action_and_target
tests/test_ingest.py::test_apply_partial_failure_stops_and_reports
tests/test_ingest.py::test_apply_events_summary_and_per_row
tests/test_ingest.py::test_cli_dry_run_prints_table_and_touches_nothing
tests/test_ingest.py::test_cli_json_dry_run_shape
tests/test_ingest.py::test_cli_apply_flag_executes_and_reports
tests/test_ingest.py::test_cli_shot_flag_forces_target
tests/test_ingest.py::test_cli_role_flag_forces_classification
tests/test_ingest.py::test_cli_bad_shot_fails_cleanly
tests/test_ingest.py::test_cli_missing_path_fails_cleanly
tests/test_ingest.py::test_cli_apply_is_idempotent_via_dedup_on_rerun
tests/test_ingest.py::test_cli_partial_failure_reports_nonzero_exit
tests/test_ingest.py::test_gui_page_serves_with_csp
tests/test_ingest.py::test_gui_upload_plan_apply_roundtrip
tests/test_ingest.py::test_gui_apply_respects_overrides
tests/test_ingest.py::test_gui_upload_requires_token
tests/test_ingest.py::test_gui_plan_requires_token
tests/test_ingest.py::test_gui_readonly_blocks_upload_and_apply
tests/test_ingest.py::test_gui_plan_rejects_bad_batch_id
tests/test_ingest.py::test_gui_plan_empty_batch_is_a_clean_400
tests/test_ingest.py::test_gui_batches_list_endpoint
tests/test_ingest.py::test_gui_batch_detail_enriches_items
tests/test_ingest.py::test_gui_batch_detail_bad_id_is_400_missing_is_404
tests/test_ingest.py::test_gui_review_confirm_happy_path
tests/test_ingest.py::test_gui_review_bad_decision_is_400
tests/test_ingest.py::test_gui_review_bad_index_is_400
tests/test_ingest.py::test_gui_review_bad_batch_id_is_400
tests/test_ingest.py::test_gui_review_refused_when_build_locked_no_mutation
tests/test_ingest.py::test_gui_confirm_matched_touches_only_pending_matched_items
tests/test_ingest.py::test_gui_confirm_matched_bad_batch_id_is_400
tests/test_ingest.py::test_gui_confirm_matched_unknown_batch_is_404
tests/test_ingest.py::test_gui_apply_batch_id_then_review_detail_roundtrip
tests/test_ingest_batches.py::test_bare_filename_is_matched
tests/test_ingest_batches.py::test_explicit_suffix_is_matched
tests/test_ingest_batches.py::test_leading_token_fallback_is_pending
tests/test_ingest_batches.py::test_voice_leading_token_fallback_is_pending
tests/test_ingest_batches.py::test_unmatched_id_stays_unmatched
tests/test_ingest_batches.py::test_shot_forced_is_always_matched
tests/test_ingest_batches.py::test_skip_duplicate_keeps_matched
tests/test_ingest_batches.py::test_two_shots_matching_one_filename_is_a_conflict
tests/test_ingest_batches.py::test_shot_vs_bible_ambiguity_is_a_conflict
tests/test_ingest_batches.py::test_bible_ref_matched
tests/test_ingest_batches.py::test_override_at_apply_time_marks_manual
tests/test_ingest_batches.py::test_apply_writes_batch_record_with_expected_shape
tests/test_ingest_batches.py::test_skip_duplicate_item_is_review_auto
tests/test_ingest_batches.py::test_caller_supplied_batch_id_is_used_and_validated
tests/test_ingest_batches.py::test_clock_kwarg_controls_generated_batch_id
tests/test_ingest_batches.py::test_list_batches_newest_first_with_counts
tests/test_ingest_batches.py::test_load_batch_missing_raises
tests/test_ingest_batches.py::test_list_batches_empty_project_returns_empty
tests/test_ingest_batches.py::test_take_on_empty_shot_auto_selects
tests/test_ingest_batches.py::test_take_on_occupied_shot_never_overwrites
tests/test_ingest_batches.py::test_take_on_locked_shot_never_auto_selects
tests/test_ingest_batches.py::test_review_confirm_sets_state_and_note_and_event
tests/test_ingest_batches.py::test_review_flag_sets_state
tests/test_ingest_batches.py::test_review_unknown_decision_raises
tests/test_ingest_batches.py::test_review_bad_index_raises
tests/test_ingest_batches.py::test_review_unknown_batch_raises
tests/test_ingest_batches.py::test_discard_undoes_staged_selection
tests/test_ingest_batches.py::test_discard_leaves_a_re_selected_take_alone
tests/test_ingest_batches.py::test_discard_on_non_staged_item_is_a_pure_review_flip
tests/test_ingest_batches.py::test_discard_respects_lock_added_after_staging
tests/test_ingest_batches.py::test_cli_ingest_apply_prints_batch_id
tests/test_ingest_batches.py::test_cli_ingest_batches_lists
tests/test_ingest_batches.py::test_cli_ingest_review_shows_items
tests/test_ingest_batches.py::test_cli_ingest_review_unknown_batch_fails_cleanly
tests/test_ingest_batches.py::test_cli_ingest_confirm_all_matched
tests/test_ingest_batches.py::test_cli_ingest_flag_with_item_and_note
tests/test_ingest_batches.py::test_cli_ingest_discard_undoes_staged_take
tests/test_ingest_batches.py::test_cli_ingest_confirm_no_items_fails_cleanly
tests/test_ingest_batches.py::test_cli_ingest_confirm_refuses_when_build_locked
tests/test_intent_projection.py::test_spec_version_is_five
tests/test_intent_projection.py::test_one_authored_action_drives_prompt_and_expectation
tests/test_intent_projection.py::test_opening_is_start_expectation
tests/test_intent_projection.py::test_shot_contract_accepts_structured_opening_fact
tests/test_intent_projection.py::test_legacy_string_opening_round_trips_unchanged
tests/test_intent_projection.py::test_endpoint_is_end_expectation
tests/test_intent_projection.py::test_same_text_at_start_and_end_has_distinct_ids
tests/test_intent_projection.py::test_action_is_not_expectation_when_author_marks_it_optional
tests/test_intent_projection.py::test_purpose_risk_and_director_metadata_do_not_affect_v3_hash
tests/test_intent_projection.py::test_scene_id_does_not_affect_v3_hash
tests/test_intent_projection.py::test_endpoint_affects_v3_spec_hash_but_not_v1_or_v2
tests/test_intent_projection.py::test_props_and_prop_bible_enter_v3_only
tests/test_intent_projection.py::test_picture_contract_payload_excludes_non_picture_fields
tests/test_intent_projection.py::test_structured_opening_enters_current_spec
tests/test_intent_projection.py::test_structured_opening_compiles_to_start_expectation
tests/test_intent_projection.py::test_structured_opening_changes_animatic_digest
tests/test_intent_projection.py::test_structured_opening_enters_director_view
tests/test_intent_projection.py::test_contract_prompt_sections_and_views_are_deterministic
tests/test_intent_projection.py::test_contract_default_prompt_and_image_prompt_boundaries
tests/test_intent_projection.py::test_new_custom_template_placeholders_are_additive
tests/test_intent_projection.py::test_negative_prompt_merges_contract_avoid_lists
tests/test_intent_projection.py::test_director_prompt_prioritizes_non_provider_intent
tests/test_intent_projection.py::test_legacy_v1_and_v2_hashes_are_pinned
tests/test_intent_projection.py::test_legacy_prompt_bytes_are_pinned
tests/test_intent_projection.py::test_legacy_expectation_digest_is_pinned
tests/test_intent_projection.py::test_prompt_override_remains_verbatim
tests/test_intent_projection.py::test_old_v2_take_remains_fresh_after_contract_edit
tests/test_interconnection.py::test_align_default_writes_timing
tests/test_interconnection.py::test_align_from_srt
tests/test_interconnection.py::test_split_dialogue_cjk
tests/test_interconnection.py::test_plan_multi_shot_order
tests/test_interconnection.py::test_locale_add_and_stale
tests/test_interconnection.py::test_locale_byte_identity_without_locales
tests/test_interconnection.py::test_next_options_content_rejected
tests/test_interconnection.py::test_record_failure_embeds_next_options
tests/test_interconnection.py::test_explain_cost
tests/test_interconnection.py::test_export_final_export_gate
tests/test_interconnection.py::test_plan_consistency_warning
tests/test_interconnection.py::test_roundtrip_plan_no_changes
tests/test_interconnection.py::test_jianying_shot_normalize_and_export_baseline
tests/test_interconnection.py::test_locale_register_voice_lang_path
tests/test_job_cancel.py::test_queued_job_canceled_never_runs
tests/test_job_cancel.py::test_running_job_cancel_sets_flag_state_canceling_then_canceled
tests/test_job_cancel.py::test_cancel_is_a_harmless_noop_on_terminal_or_unknown_jobs
tests/test_job_cancel.py::test_jobrunner_retry_creates_fresh_lineage
tests/test_job_cancel.py::test_run_build_checkpoint_stops_between_shots_honest_partial_result
tests/test_job_cancel.py::test_run_build_should_cancel_none_is_byte_identical_default
tests/test_job_cancel.py::test_run_build_first_checkpoint_cancels_before_any_spend
tests/test_job_cancel.py::test_run_build_dry_run_never_checks_should_cancel
tests/test_job_cancel.py::test_render_phase_media_canceled_becomes_build_canceled
tests/test_job_cancel.py::test_concurrent_generate_should_cancel_stops_new_submissions
tests/test_job_cancel.py::test_provider_poll_cancel_stops_waiting_leaves_pending_job_honest
tests/test_job_cancel.py::test_provider_poll_cancel_default_none_is_byte_identical
tests/test_job_cancel.py::test_run_ffmpeg_cancel_event_kills_slow_subprocess
tests/test_job_cancel.py::test_run_ffmpeg_default_path_unaffected_when_no_cancel_active
tests/test_job_cancel.py::test_cancel_scope_makes_ambient_run_ffmpeg_calls_cancelable
tests/test_job_cancel.py::test_gui_cancel_running_build_stops_before_next_shot
tests/test_job_cancel.py::test_gui_cancel_queued_job_never_runs
tests/test_job_cancel.py::test_gui_cancel_unknown_job_404
tests/test_job_cancel.py::test_gui_cancel_terminal_job_is_noop
tests/test_job_cancel.py::test_gui_retry_round_trip_and_lineage
tests/test_job_cancel.py::test_gui_retry_refuses_non_terminal_job
tests/test_job_cancel.py::test_gui_retry_refuses_when_params_no_longer_validate
tests/test_job_cancel.py::test_gui_jobs_list_shape_includes_cancel_metadata
tests/test_jobkinds_registry.py::test_every_kind_has_a_user_facing_label
tests/test_jobkinds_registry.py::test_every_paid_operation_declares_billing_metadata
tests/test_jobkinds_registry.py::test_paid_iff_spend_endpoint
tests/test_jobkinds_registry.py::test_every_retryable_kind_is_labeled_and_paid
tests/test_jobkinds_registry.py::test_locale_aware_kinds_are_registered_and_include_qc_build_voice
tests/test_jobkinds_registry.py::test_destructive_kinds_are_opt_in_and_currently_empty
tests/test_jobkinds_registry.py::test_gui_frozensets_are_registry_views
tests/test_jobkinds_registry.py::test_registry_matches_the_historical_pinned_contents
tests/test_jobkinds_registry.py::test_running_job_cancelable_flag_matches_registry[build]
tests/test_jobkinds_registry.py::test_running_job_cancelable_flag_matches_registry[edit_preview]
tests/test_jobkinds_registry.py::test_running_job_cancelable_flag_matches_registry[edit_preview_batch]
tests/test_jobkinds_registry.py::test_running_job_cancelable_flag_matches_registry[export]
tests/test_jobkinds_registry.py::test_running_job_cancelable_flag_matches_registry[handle_rebuild]
tests/test_jobkinds_registry.py::test_running_job_cancelable_flag_matches_registry[ingest]
tests/test_jobkinds_registry.py::test_running_job_cancelable_flag_matches_registry[ingest_plan]
tests/test_jobkinds_registry.py::test_running_job_cancelable_flag_matches_registry[qc]
tests/test_jobkinds_registry.py::test_running_job_cancelable_flag_matches_registry[redo]
tests/test_jobkinds_registry.py::test_running_job_cancelable_flag_matches_registry[redo_batch]
tests/test_jobkinds_registry.py::test_running_job_cancelable_flag_matches_registry[repair]
tests/test_jobkinds_registry.py::test_running_job_cancelable_flag_matches_registry[roundtrip]
tests/test_jobkinds_registry.py::test_running_job_cancelable_flag_matches_registry[series_new_episode]
tests/test_jobkinds_registry.py::test_running_job_cancelable_flag_matches_registry[series_sync_bible]
tests/test_jobkinds_registry.py::test_running_job_cancelable_flag_matches_registry[voice]
tests/test_jobkinds_registry.py::test_running_job_cancelable_flag_matches_registry[voice_batch]
tests/test_jobkinds_registry.py::test_running_job_cancelable_flag_matches_registry[voice_preview]
tests/test_jobkinds_registry.py::test_failed_job_retryable_flag_matches_registry[build]
tests/test_jobkinds_registry.py::test_failed_job_retryable_flag_matches_registry[edit_preview]
tests/test_jobkinds_registry.py::test_failed_job_retryable_flag_matches_registry[edit_preview_batch]
tests/test_jobkinds_registry.py::test_failed_job_retryable_flag_matches_registry[export]
tests/test_jobkinds_registry.py::test_failed_job_retryable_flag_matches_registry[handle_rebuild]
tests/test_jobkinds_registry.py::test_failed_job_retryable_flag_matches_registry[ingest]
tests/test_jobkinds_registry.py::test_failed_job_retryable_flag_matches_registry[ingest_plan]
tests/test_jobkinds_registry.py::test_failed_job_retryable_flag_matches_registry[qc]
tests/test_jobkinds_registry.py::test_failed_job_retryable_flag_matches_registry[redo]
tests/test_jobkinds_registry.py::test_failed_job_retryable_flag_matches_registry[redo_batch]
tests/test_jobkinds_registry.py::test_failed_job_retryable_flag_matches_registry[repair]
tests/test_jobkinds_registry.py::test_failed_job_retryable_flag_matches_registry[roundtrip]
tests/test_jobkinds_registry.py::test_failed_job_retryable_flag_matches_registry[series_new_episode]
tests/test_jobkinds_registry.py::test_failed_job_retryable_flag_matches_registry[series_sync_bible]
tests/test_jobkinds_registry.py::test_failed_job_retryable_flag_matches_registry[voice]
tests/test_jobkinds_registry.py::test_failed_job_retryable_flag_matches_registry[voice_batch]
tests/test_jobkinds_registry.py::test_failed_job_retryable_flag_matches_registry[voice_preview]
tests/test_jobkinds_registry.py::test_meta_endpoint_serves_the_registry
tests/test_jobkinds_registry.py::test_meta_endpoint_only_references_known_kinds
tests/test_jobs_lifecycle.py::test_bare_jobrunner_has_persistence_disabled
tests/test_jobs_lifecycle.py::test_persist_writes_submit_start_finish_lines
tests/test_jobs_lifecycle.py::test_persist_records_cancel_and_honest_error
tests/test_jobs_lifecycle.py::test_persist_log_capped_at_startup
tests/test_jobs_lifecycle.py::test_interrupted_detection_no_duplicate_on_second_construction
tests/test_jobs_lifecycle.py::test_finished_job_is_never_flagged_interrupted
tests/test_jobs_lifecycle.py::test_ingest_plan_routed_through_runner_202_and_job
tests/test_jobs_lifecycle.py::test_ingest_plan_bad_batch_is_a_synchronous_400_never_a_job
tests/test_jobs_lifecycle.py::test_redo_batch_should_cancel_stops_between_shots_honest_partial
tests/test_jobs_lifecycle.py::test_jobrunner_batch_fn_cancel_mid_run_partial_progress_recorded
tests/test_jobs_lifecycle.py::test_api_jobs_merges_interrupted_entries_retryable_false_with_note
tests/test_jobs_lifecycle.py::test_api_jobs_retry_on_interrupted_id_is_clean_4xx_zh_error
tests/test_ledger_core_register.py::test_register_take_copy_does_not_read_whole_file
tests/test_ledger_core_register.py::test_register_take_copy_streams_in_bounded_chunks
tests/test_ledger_core_register.py::test_register_voice_take_does_not_read_whole_file
tests/test_ledger_core_register.py::test_register_voice_take_streams_in_bounded_chunks
tests/test_ledger_core_register.py::test_register_take_move_path_still_moves
tests/test_ledger_core_register.py::test_register_take_never_overwrites_an_existing_take
tests/test_ledger_core_register.py::test_doctor_refuses_output_ext_outside_media_exts[.gif]
tests/test_ledger_core_register.py::test_doctor_refuses_output_ext_outside_media_exts[.webp]
tests/test_ledger_core_register.py::test_doctor_refuses_output_ext_outside_media_exts[.avi]
tests/test_ledger_core_register.py::test_doctor_refuses_output_ext_outside_media_exts[.exe]
tests/test_ledger_core_register.py::test_doctor_refuses_output_ext_outside_media_exts[.txt]
tests/test_ledger_core_register.py::test_doctor_tolerates_what_the_adapter_normalizes[mp4]
tests/test_ledger_core_register.py::test_doctor_tolerates_what_the_adapter_normalizes[.MP4]
tests/test_ledger_core_register.py::test_doctor_tolerates_what_the_adapter_normalizes[MOV]
tests/test_ledger_core_register.py::test_doctor_refuses_output_ext_that_contradicts_type
tests/test_ledger_core_register.py::test_doctor_accepts_a_coherent_output_ext[video-.mp4]
tests/test_ledger_core_register.py::test_doctor_accepts_a_coherent_output_ext[video-.mov]
tests/test_ledger_core_register.py::test_doctor_accepts_a_coherent_output_ext[image-.png]
tests/test_ledger_core_register.py::test_doctor_accepts_a_coherent_output_ext[image-.jpg]
tests/test_ledger_core_register.py::test_output_ext_check_is_scoped_to_local_cmd
tests/test_ledger_core_register.py::test_register_take_refuses_an_unresolvable_suffix
tests/test_ledger_core_register.py::test_register_take_refusal_is_a_projecterror_existing_sites_catch
tests/test_ledger_core_register.py::test_register_take_accepts_every_media_ext[.mp4]
tests/test_ledger_core_register.py::test_register_take_accepts_every_media_ext[.mov]
tests/test_ledger_core_register.py::test_register_take_accepts_every_media_ext[.mkv]
tests/test_ledger_core_register.py::test_register_take_accepts_every_media_ext[.webm]
tests/test_ledger_core_register.py::test_register_take_accepts_every_media_ext[.m4v]
tests/test_ledger_core_register.py::test_register_take_accepts_every_media_ext[.png]
tests/test_ledger_core_register.py::test_register_take_accepts_every_media_ext[.jpg]
tests/test_ledger_core_register.py::test_register_take_accepts_every_media_ext[.jpeg]
tests/test_ledger_core_register.py::test_register_take_accepts_every_media_ext[.wav]
tests/test_ledger_core_register.py::test_register_take_accepts_every_media_ext[.mp3]
tests/test_ledger_core_register.py::test_register_take_accepts_every_media_ext[.m4a]
tests/test_ledger_core_register.py::test_register_take_accepts_every_media_ext[.flac]
tests/test_ledger_count.py::test_count_runs_empty_ledger_is_zero
tests/test_ledger_count.py::test_count_runs_matches_recorded_runs
tests/test_ledger_count.py::test_status_run_count_comes_from_ledger
tests/test_ledger_count.py::test_no_final_yields_no_note
tests/test_ledger_count.py::test_final_without_key_sidecar_is_flagged_incomplete
tests/test_ledger_count.py::test_final_with_key_sidecar_has_no_note
tests/test_ledger_count.py::test_note_tracks_only_the_latest_final
tests/test_ledger_p0_board.py::test_html_media_is_forced_octet_stream_download
tests/test_ledger_p0_board.py::test_svg_media_is_forced_octet_stream_download
tests/test_ledger_p0_board.py::test_xml_media_is_forced_download
tests/test_ledger_p0_board.py::test_passive_image_still_served_inline
tests/test_ledger_p0_board.py::test_video_take_served_inline_with_guard_headers
tests/test_ledger_p0_board.py::test_range_response_also_carries_guard_headers
tests/test_ledger_p0_cli_out.py::test_pack_out_refuses_project_truth_and_leaves_it_intact
tests/test_ledger_p0_cli_out.py::test_pack_out_refuses_import_original
tests/test_ledger_p0_cli_out.py::test_pack_default_outside_project_still_works
tests/test_ledger_p0_cli_out.py::test_pack_to_exports_subtree_is_allowed
tests/test_ledger_p0_cli_out.py::test_transcribe_out_refuses_project_yaml
tests/test_ledger_p0_cli_out.py::test_transcribe_out_default_captions_dir_ok
tests/test_ledger_p0_cli_out.py::test_transcribe_out_explicit_captions_path_ok
tests/test_ledger_p0_cli_out.py::test_openclap_resolve_output_refuses_truth
tests/test_ledger_p0_cli_out.py::test_openclap_resolve_output_refuses_import
tests/test_ledger_p0_cli_out.py::test_openclap_resolve_output_allows_exports_and_default
tests/test_ledger_p0_cli_out.py::test_openclap_resolve_output_refuses_external
tests/test_ledger_p0_cli_out.py::test_delivery_bundle_output_refuses_project_truth
tests/test_ledger_p0_cli_out.py::test_delivery_bundle_output_refuses_renders_artifact
tests/test_ledger_p0_cli_out.py::test_delivery_bundle_neutral_and_exports_outputs_still_work
tests/test_ledger_p0_cli_out.py::test_delivery_manifest_output_refuses_project_truth
tests/test_ledger_p0_cli_out.py::test_delivery_manifest_default_and_reports_output_ok
tests/test_ledger_p0_cli_out.py::test_bundle_fails_closed_on_blocking_credential_leak
tests/test_ledger_p0_cli_out.py::test_credential_token_never_reaches_any_bundle
tests/test_ledger_p0_cli_out.py::test_gc_refuses_symlinked_segments_root
tests/test_ledger_p0_cli_out.py::test_tasks_manifest_refuses_absolute_run_id
tests/test_ledger_p0_cli_out.py::test_tasks_manifest_refuses_symlinked_run_dir
tests/test_ledger_p0_cli_out.py::test_tasks_manifest_refuses_overlong_run_id
tests/test_ledger_p0_cli_out.py::test_tasks_manifest_valid_run_id_still_works
tests/test_ledger_p0_exchange.py::test_relink_plan_out_refuses_project_truth
tests/test_ledger_p0_exchange.py::test_relink_plan_out_refuses_inside_non_publish_and_allows_exports
tests/test_ledger_p0_exchange.py::test_relink_plan_out_refuses_symlink_leaf
tests/test_ledger_p0_exchange.py::test_relink_apply_ignores_preplanted_hardlink_at_fixed_temp
tests/test_ledger_p0_exchange.py::test_relink_apply_ignores_preplanted_symlink_at_fixed_temp
tests/test_ledger_p0_exchange.py::test_pullsheet_absolute_project_name_cannot_escape
tests/test_ledger_p0_exchange.py::test_pullsheet_separator_and_reserved_name_sanitized
tests/test_ledger_p0_exchange.py::test_refpack_absolute_pack_id_cannot_overwrite_external
tests/test_ledger_p0_exchange.py::test_refpack_traversal_and_reserved_pack_id_refused
tests/test_ledger_p0_exchange.py::test_refpack_valid_pack_id_still_imports
tests/test_ledger_p0_exchange.py::test_template_export_predictable_tmp_symlink_cannot_capture
tests/test_ledger_p0_exchange.py::test_template_export_refuses_symlinked_style_source
tests/test_ledger_p0_exchange.py::test_template_export_reads_regular_style_source
tests/test_ledger_p0_exchange.py::test_bridge_plan_out_refuses_truth_and_allows_exports
tests/test_ledger_p0_exchange.py::test_bridge_plan_out_refuses_symlink_to_external
tests/test_ledger_p0_exchange.py::test_bridge_rejects_non_image_endpoint_by_extension
tests/test_ledger_p0_exchange.py::test_bridge_rejects_non_image_bytes_disguised_as_png
tests/test_ledger_p0_exchange.py::test_bridge_rejects_symlink_endpoint
tests/test_ledger_p0_exchange.py::test_bridge_rejects_endpoint_outside_project
tests/test_ledger_p0_exchange.py::test_bridge_accepts_real_in_project_image
tests/test_ledger_p0_identity_secrets.py::test_new_project_seeds_format_marker
tests/test_ledger_p0_identity_secrets.py::test_bare_project_yaml_is_not_a_project
tests/test_ledger_p0_identity_secrets.py::test_old_project_without_marker_still_resolves_via_structure
tests/test_ledger_p0_identity_secrets.py::test_find_walks_past_bare_to_a_real_parent
tests/test_ledger_p0_identity_secrets.py::test_write_command_refuses_bare_project_dir
tests/test_ledger_p0_identity_secrets.py::test_absent_format_serializes_byte_identically
tests/test_ledger_p0_identity_secrets.py::test_new_series_seeds_format_marker
tests/test_ledger_p0_identity_secrets.py::test_bare_series_yaml_is_not_a_series
tests/test_ledger_p0_identity_secrets.py::test_new_episode_refuses_bare_series_dir
tests/test_ledger_p0_identity_secrets.py::test_old_series_without_marker_resolves_via_structure
tests/test_ledger_p0_identity_secrets.py::test_env_file_is_selected_and_flagged
tests/test_ledger_p0_identity_secrets.py::test_env_variants_and_extensionless_configs_are_selected
tests/test_ledger_p0_identity_secrets.py::test_binary_file_with_nul_is_not_a_false_positive
tests/test_ledger_p0_identity_secrets.py::test_oversize_file_key_is_found[head]
tests/test_ledger_p0_identity_secrets.py::test_oversize_file_key_is_found[tail]
tests/test_ledger_p0_identity_secrets.py::test_default_gitignore_excludes_env
tests/test_ledger_p0_identity_secrets.py::test_snapshot_fails_closed_on_staged_secret
tests/test_ledger_p0_identity_secrets.py::test_snapshot_succeeds_and_env_never_committed
tests/test_ledger_p0_library_ingest.py::test_remove_refuses_absolute_external_blob
tests/test_ledger_p0_library_ingest.py::test_remove_refuses_relative_escape_blob_and_thumb
tests/test_ledger_p0_library_ingest.py::test_remove_deletes_a_legitimate_contained_blob
tests/test_ledger_p0_library_ingest.py::test_open_verified_blob_refuses_external_absolute_blob
tests/test_ledger_p0_library_ingest.py::test_open_verified_blob_refuses_byte_substitution
tests/test_ledger_p0_library_ingest.py::test_open_verified_blob_reads_a_good_blob
tests/test_ledger_p0_library_ingest.py::test_use_into_lands_verified_bytes
tests/test_ledger_p0_library_ingest.py::test_use_into_refuses_external_absolute_blob
tests/test_ledger_p0_library_ingest.py::test_add_ignores_preplanted_part_symlink
tests/test_ledger_p0_library_ingest.py::test_index_lock_refuses_symlinked_lockfile
tests/test_ledger_p0_library_ingest.py::test_ingest_skips_external_file_symlink
tests/test_ledger_p0_library_ingest.py::test_ingest_prunes_symlinked_root_directory
tests/test_ledger_p0_library_ingest.py::test_ingest_prunes_symlinked_subdirectory_but_keeps_real_files
tests/test_ledger_p0_library_ingest.py::test_link_rejects_forged_library_blob_and_falls_back
tests/test_ledger_p0_library_ingest.py::test_link_sources_from_a_genuine_library_blob
tests/test_ledger_p0_paid_safety.py::test_plain_sum_would_bypass_the_breaker
tests/test_ledger_p0_paid_safety.py::test_checked_cost_rejects_nan_inf_negative_and_nonnumeric
tests/test_ledger_p0_paid_safety.py::test_checked_cost_accepts_finite_nonnegative
tests/test_ledger_p0_paid_safety.py::test_checked_cost_currency_mismatch_fails_closed
tests/test_ledger_p0_paid_safety.py::test_book_actual_cost_fails_closed_and_breaker_then_works
tests/test_ledger_p0_paid_safety.py::test_load_proposal_refuses_internal_id_mismatch
tests/test_ledger_p0_paid_safety.py::test_save_refuses_traversal_id
tests/test_ledger_p0_paid_safety.py::test_list_skips_id_mismatched_files
tests/test_ledger_p0_paid_safety.py::test_forged_confirmed_state_without_credential_is_refused
tests/test_ledger_p0_paid_safety.py::test_post_confirm_action_swap_is_refused
tests/test_ledger_p0_paid_safety.py::test_legit_confirm_then_execute_is_allowed
tests/test_ledger_p0_paid_safety.py::test_concurrent_execute_claims_and_runs_action_once
tests/test_ledger_p0_paid_safety.py::test_second_execute_after_done_is_refused
tests/test_ledger_p0_paid_safety.py::test_edge_adapter_is_marked_network_egress
tests/test_ledger_p0_paid_safety.py::test_egress_target_describes_provider_and_destination
tests/test_ledger_p0_paid_safety.py::test_egress_gate_noop_without_token
tests/test_ledger_p0_paid_safety.py::test_egress_gate_refuses_when_token_present
tests/test_ledger_p0_paid_safety.py::test_egress_gate_allow_network_bypasses_even_with_token
tests/test_ledger_p0_provider_refs.py::test_refs_dir_symlink_to_outside_is_never_a_reference
tests/test_ledger_p0_provider_refs.py::test_refs_dir_symlink_does_not_shadow_a_real_fallback_image
tests/test_ledger_p0_provider_refs.py::test_refs_dir_symlink_pointing_inside_the_project_is_still_refused
tests/test_ledger_p0_provider_refs.py::test_refs_dir_hardlink_to_outside_file_is_refused
tests/test_ledger_p0_provider_refs.py::test_refs_dir_fifo_is_refused_without_opening_it
tests/test_ledger_p0_provider_refs.py::test_declared_fifo_ref_readability_check_does_not_block
tests/test_ledger_p0_provider_refs.py::test_refs_dir_linked_parent_directory_is_refused
tests/test_ledger_p0_provider_refs.py::test_declared_tier_symlink_escape_is_refused_by_the_containment_guard
tests/test_ledger_p0_provider_refs.py::test_read_ref_bytes_refuses_a_path_swapped_to_a_link_after_resolution
tests/test_ledger_p0_provider_refs.py::test_base64_ref_still_encodes_a_normal_contained_ref
tests/test_ledger_p0_provider_refs.py::test_primary_image_path_str_agrees_with_primary_image
tests/test_ledger_p0_provider_refs.py::test_primary_image_path_str_never_returns_a_blocked_path
tests/test_ledger_p0_provider_refs.py::test_primary_image_path_str_keeps_a_plain_missing_path
tests/test_ledger_p0_provider_refs.py::test_refset_accessors_agree_on_url_only_refs
tests/test_ledger_p0_provider_refs.py::test_refs_dir_junction_to_outside_directory_is_refused
tests/test_ledger_p0_provider_refs.py::test_refs_dir_file_symlink_reparse_point_is_refused
tests/test_ledger_p0_provider_refs.py::test_refs_dir_casefold_name_does_not_bypass_the_guard
tests/test_ledger_p0_runtime_writers.py::test_events_append_refuses_symlink_write_through
tests/test_ledger_p0_runtime_writers.py::test_events_append_refuses_hardlink_into_truth
tests/test_ledger_p0_runtime_writers.py::test_events_required_append_fails_closed_on_symlink
tests/test_ledger_p0_runtime_writers.py::test_events_normal_append_still_works
tests/test_ledger_p0_runtime_writers.py::test_failures_reports_dir_symlink_writes_nothing_outside
tests/test_ledger_p0_runtime_writers.py::test_failures_symlink_leaf_refused
tests/test_ledger_p0_runtime_writers.py::test_failures_hardlink_into_truth_refused
tests/test_ledger_p0_runtime_writers.py::test_failures_normal_record_still_works
tests/test_ledger_p0_runtime_writers.py::test_state_manju_dir_symlink_refused
tests/test_ledger_p0_runtime_writers.py::test_state_db_file_symlink_refused
tests/test_ledger_p0_runtime_writers.py::test_state_db_hardlink_refused
tests/test_ledger_p0_runtime_writers.py::test_state_normal_open_still_works
tests/test_ledger_p0_runtime_writers.py::test_qc_reports_dir_symlink_writes_nothing_outside
tests/test_ledger_p0_runtime_writers.py::test_qc_normal_write_produces_three_artifacts
tests/test_ledger_p0_runtime_writers.py::test_funnel_story_dir_symlink_writes_nothing_outside
tests/test_ledger_p0_runtime_writers.py::test_funnel_normal_scaffold_still_works
tests/test_ledger_p0_runtime_writers.py::test_recents_symlink_store_not_written_through
tests/test_ledger_p0_safeio.py::test_outside_project_path_is_allowed
tests/test_ledger_p0_safeio.py::test_truth_file_destination_is_refused
tests/test_ledger_p0_safeio.py::test_inside_project_exports_is_allowed
tests/test_ledger_p0_safeio.py::test_dot_git_and_dot_manju_always_refused
tests/test_ledger_p0_safeio.py::test_existing_directory_is_refused
tests/test_ledger_p0_safeio.py::test_symlink_leaf_is_refused
tests/test_ledger_p0_safeio.py::test_linked_parent_inside_project_is_refused
tests/test_ledger_p0_safeio.py::test_fifo_destination_is_refused
tests/test_ledger_p0_safeio.py::test_publish_is_atomic_and_replaces_regular_file
tests/test_ledger_p0_safeio.py::test_failed_publish_leaves_prior_bytes_and_no_temp
tests/test_ledger_p0_safeio.py::test_publish_bytes_creates_parents
tests/test_ledger_p0_safeio.py::test_append_refuses_symlink_leaf
tests/test_ledger_p0_safeio.py::test_append_refuses_multi_hardlink_file
tests/test_ledger_p0_safeio.py::test_append_refuses_fifo
tests/test_ledger_p0_safeio.py::test_append_normal_file_appends_bytes
tests/test_ledger_p0_support_toolchain.py::test_support_p0_001_ledger_tail_is_structured_allowlist
tests/test_ledger_p0_support_toolchain.py::test_support_p0_001_manifest_states_limited_guarantee
tests/test_ledger_p0_support_toolchain.py::test_support_p0_002_events_symlink_is_not_followed
tests/test_ledger_p0_support_toolchain.py::test_support_p0_002_failures_symlink_is_not_followed
tests/test_ledger_p0_support_toolchain.py::test_support_p0_003_refuses_to_overwrite_project_yaml
tests/test_ledger_p0_support_toolchain.py::test_support_p0_003_refuses_to_overwrite_events_ledger
tests/test_ledger_p0_support_toolchain.py::test_support_p0_003_normal_out_still_works_inside_project
tests/test_ledger_p0_support_toolchain.py::test_support_p0_004_predictable_temp_symlink_does_not_capture
tests/test_ledger_p0_support_toolchain.py::test_support_p0_004_symlink_destination_is_refused
tests/test_ledger_p0_support_toolchain.py::test_dep_version_never_imports_a_shadowing_module[_dep_version0]
tests/test_ledger_p0_support_toolchain.py::test_dep_version_never_imports_a_shadowing_module[_dep_version1]
tests/test_ledger_p0_support_toolchain.py::test_support_p0_005_building_bundle_does_not_execute_project_module
tests/test_ledger_p0_support_toolchain.py::test_toolchain_p0_001_manifest_does_not_execute_project_module
tests/test_ledger_p0_support_toolchain.py::test_toolchain_p0_002_symlinked_dir_write_is_refused
tests/test_ledger_p0_support_toolchain.py::test_toolchain_p0_002_normal_write_lands_under_reports
tests/test_ledger_p0_wiring_cli.py::test_lib_use_refuses_substituted_blob_and_writes_nothing
tests/test_ledger_p0_wiring_cli.py::test_lib_use_refuses_blob_row_pointing_outside_the_shelf
tests/test_ledger_p0_wiring_cli.py::test_lib_use_still_copies_a_good_blob
tests/test_ledger_p0_wiring_cli.py::test_import_link_falls_back_to_dropped_file_when_blob_is_forged
tests/test_ledger_p0_wiring_cli.py::test_import_link_uses_the_shelf_when_the_blob_verifies
tests/test_ledger_p0_wiring_cli.py::test_relink_plan_out_refuses_project_truth_via_cli
tests/test_ledger_p0_wiring_cli.py::test_relink_plan_out_into_exports_is_written
tests/test_ledger_p0_wiring_cli.py::test_bridge_plan_out_refuses_project_truth_via_cli
tests/test_ledger_p0_wiring_cli.py::test_bridge_plan_out_into_exports_is_written
tests/test_ledger_p0_wiring_cli.py::test_tasks_commands_refuse_a_poisoned_ledger_with_an_envelope[argv0]
tests/test_ledger_p0_wiring_cli.py::test_tasks_commands_refuse_a_poisoned_ledger_with_an_envelope[argv1]
tests/test_ledger_p0_wiring_cli.py::test_tasks_commands_refuse_a_poisoned_ledger_with_an_envelope[argv2]
tests/test_ledger_p0_wiring_cli.py::test_qc_refuses_a_symlinked_reports_dir_with_an_envelope
tests/test_ledger_p0_wiring_cli.py::test_export_pullsheet_refuses_a_symlinked_exports_dir_with_an_envelope
tests/test_ledger_p0_wiring_cli.py::test_toolchain_write_refuses_a_symlinked_reports_dir_with_an_envelope
tests/test_ledger_p0_wiring_cli.py::test_director_run_exits_non_zero_when_the_outcome_failed[extra0]
tests/test_ledger_p0_wiring_cli.py::test_director_run_exits_non_zero_when_the_outcome_failed[extra1]
tests/test_ledger_p0_wiring_cli.py::test_director_run_still_exits_zero_on_success[extra0]
tests/test_ledger_p0_wiring_cli.py::test_director_run_still_exits_zero_on_success[extra1]
tests/test_ledger_p0_wiring_cli.py::test_new_illegal_windows_name_is_an_envelope_not_a_traceback
tests/test_ledger_p0_wiring_cli.py::test_new_existing_project_keeps_the_exists_hint
tests/test_ledger_p0_wiring_graph.py::test_nan_really_does_defeat_the_budget_breaker
tests/test_ledger_p0_wiring_graph.py::test_concurrent_generate_refuses_untrustworthy_actual_cost[nan]
tests/test_ledger_p0_wiring_graph.py::test_concurrent_generate_refuses_untrustworthy_actual_cost[inf]
tests/test_ledger_p0_wiring_graph.py::test_concurrent_generate_refuses_untrustworthy_actual_cost[-inf]
tests/test_ledger_p0_wiring_graph.py::test_concurrent_generate_refuses_untrustworthy_actual_cost[-5.0]
tests/test_ledger_p0_wiring_graph.py::test_concurrent_generate_refuses_untrustworthy_actual_cost[abc]
tests/test_ledger_p0_wiring_graph.py::test_concurrent_generate_refuses_untrustworthy_actual_cost[bad5]
tests/test_ledger_p0_wiring_graph.py::test_concurrent_generate_still_sums_valid_costs_and_trips_budget
tests/test_ledger_p0_wiring_graph.py::test_zero_cost_plans_are_untouched
tests/test_ledger_p0_wiring_graph.py::test_book_result_cost_reraises_a_worker_refusal
tests/test_ledger_p0_wiring_graph.py::test_book_result_cost_accepts_clean_figures
tests/test_ledger_p0_wiring_graph.py::test_build_fails_closed_when_a_provider_reports_an_untrustworthy_cost
tests/test_ledger_p0_wiring_graph.py::test_fail_closed_build_still_releases_the_build_lock
tests/test_ledger_p0_wiring_graph.py::test_valid_costs_still_build_normally
tests/test_ledger_p0_wiring_graph.py::test_voice_attribution_does_not_swallow_a_refused_figure
tests/test_ledger_p0_wiring_graph.py::test_voice_attribution_books_a_valid_figure
tests/test_ledger_p0_wiring_graph.py::test_voice_synthesis_is_ungated_without_the_token
tests/test_ledger_p0_wiring_graph.py::test_spend_consent_is_not_egress_consent
tests/test_ledger_p0_wiring_graph.py::test_zero_cost_tts_is_gated_too
tests/test_ledger_p0_wiring_graph.py::test_allow_network_grants_the_separate_consent
tests/test_ledger_p0_wiring_graph.py::test_locale_voice_branch_is_gated_too
tests/test_ledger_p0_wiring_graph.py::test_egress_check_resolves_plan_providers_once
tests/test_ledger_p0_wiring_gui.py::test_lib_blob_route_serves_a_good_asset
tests/test_ledger_p0_wiring_gui.py::test_lib_blob_route_honours_range_requests
tests/test_ledger_p0_wiring_gui.py::test_lib_blob_route_refuses_a_forged_external_blob
tests/test_ledger_p0_wiring_gui.py::test_lib_blob_route_refuses_byte_substituted_blob
tests/test_ledger_p0_wiring_gui.py::test_lib_blob_route_closes_the_verified_handle
tests/test_ledger_p0_wiring_gui.py::test_lib_use_copies_a_good_asset
tests/test_ledger_p0_wiring_gui.py::test_lib_use_refuses_a_forged_external_blob
tests/test_ledger_p0_wiring_gui.py::test_lib_use_refuses_byte_substituted_blob
tests/test_ledger_p0_wiring_gui.py::test_mixer_lib_source_refuses_a_forged_external_blob
tests/test_ledger_p0_wiring_gui.py::test_mixer_lib_source_refuses_byte_substituted_blob
tests/test_ledger_p0_wiring_gui.py::test_mixer_lib_source_still_resolves_a_good_asset
tests/test_ledger_p0_wiring_gui.py::test_materialize_run_manifest_refuses_unsafe_run_ids[]
tests/test_ledger_p0_wiring_gui.py::test_materialize_run_manifest_refuses_unsafe_run_ids[.]
tests/test_ledger_p0_wiring_gui.py::test_materialize_run_manifest_refuses_unsafe_run_ids[..]
tests/test_ledger_p0_wiring_gui.py::test_materialize_run_manifest_refuses_unsafe_run_ids[a/b]
tests/test_ledger_p0_wiring_gui.py::test_materialize_run_manifest_refuses_unsafe_run_ids[a\\b]
tests/test_ledger_p0_wiring_gui.py::test_materialize_run_manifest_refuses_unsafe_run_ids[c:evil]
tests/test_ledger_p0_wiring_gui.py::test_materialize_run_manifest_refuses_unsafe_run_ids[nul\x00id]
tests/test_ledger_p0_wiring_gui.py::test_materialize_run_manifest_refuses_unsafe_run_ids[xxxxxxxxxxxxxxxxxxxxxxxxxxxxxxxxxxxxxxxxxxxxxxxxxxxxxxxxxxxxxxxxxxxxxxxxxxxxxxxxxxxxxxxxxxxxxxxxxxxxxxxxxxxxxxxxxxxxxxxxxxxxxxxxx]
tests/test_ledger_p0_wiring_gui.py::test_materialize_run_manifest_refusal_is_a_structured_error
tests/test_ledger_p0_wiring_gui.py::test_materialize_run_manifest_refuses_absolute_run_id
tests/test_ledger_p0_wiring_gui.py::test_materialize_run_manifest_refuses_traversal_run_id
tests/test_ledger_p0_wiring_gui.py::test_materialize_run_manifest_refuses_a_symlinked_runs_chain
tests/test_ledger_p0_wiring_gui.py::test_materialize_run_manifest_still_writes_a_normal_run
tests/test_ledger_p0_wiring_gui.py::test_materialize_run_manifest_keeps_accepting_the_recorded_id_corpus
tests/test_ledger_p0_wiring_gui.py::test_library_error_is_never_raised_out_of_the_gui_lib_routes
tests/test_ledger_p0_wiring_gui.py::test_drain_restores_a_blocking_socket_to_blocking
tests/test_ledger_p0_wiring_gui.py::test_drain_restores_a_socket_that_already_had_a_timeout
tests/test_ledger_p0_wiring_gui.py::test_drain_restores_even_when_the_body_is_short
tests/test_ledger_p0_wiring_gui.py::test_drain_restores_when_the_read_raises
tests/test_ledger_p0_wiring_gui.py::test_drain_still_consumes_the_declared_bytes_and_no_more
tests/test_ledger_p0_wiring_gui.py::test_drain_is_bounded_by_max_bytes
tests/test_ledger_p1_cloud_paid.py::test_tts_records_prepared_evidence_before_the_paid_post
tests/test_ledger_p1_cloud_paid.py::test_tts_second_run_after_an_ambiguous_submit_refuses_to_pay_again
tests/test_ledger_p1_cloud_paid.py::test_asr_records_prepared_evidence_before_the_paid_post
tests/test_ledger_p1_cloud_paid.py::test_download_429_of_a_paid_job_is_retryable_not_terminal
tests/test_ledger_p1_cloud_paid.py::test_download_keeps_its_poll_info_when_the_download_fails
tests/test_ledger_p1_cloud_paid.py::test_retry_after_never_collapses_to_a_zero_sleep[0]
tests/test_ledger_p1_cloud_paid.py::test_retry_after_never_collapses_to_a_zero_sleep[-5]
tests/test_ledger_p1_cloud_paid.py::test_retry_after_never_collapses_to_a_zero_sleep[nan]
tests/test_ledger_p1_cloud_paid.py::test_retry_after_never_collapses_to_a_zero_sleep[  ]
tests/test_ledger_p1_cloud_paid.py::test_retry_after_never_collapses_to_a_zero_sleep[0.0]
tests/test_ledger_p1_cloud_paid.py::test_tts_poll_backoff_survives_a_high_round_count
tests/test_ledger_p1_cloud_paid.py::test_default_transport_installs_a_credential_dropping_redirect_handler
tests/test_ledger_p1_cloud_paid.py::test_a_paid_post_is_never_silently_replayed_as_a_redirected_get
tests/test_ledger_p1_cloud_paid.py::test_same_origin_redirect_keeps_credentials
tests/test_ledger_p1_cloud_paid.py::test_a_200_json_error_body_is_never_written_as_a_paid_take
tests/test_ledger_p1_cloud_paid.py::test_a_json_magic_byte_body_labelled_as_video_is_still_refused
tests/test_ledger_p1_cloud_paid.py::test_download_failure_never_leaks_the_signed_url_query
tests/test_ledger_p1_cloud_paid.py::test_html_error_page_rejection_never_leaks_the_signed_url
tests/test_ledger_p1_cloud_paid.py::test_tts_audio_download_failure_never_leaks_the_signed_url
tests/test_ledger_p1_evidence_trust.py::test_delivery_unhashable_artifact_is_not_technically_verified
tests/test_ledger_p1_evidence_trust.py::test_delivery_unhashable_required_role_is_not_satisfied
tests/test_ledger_p1_evidence_trust.py::test_delivery_required_role_needs_byte_proof_not_only_state
tests/test_ledger_p1_evidence_trust.py::test_delivery_non_regular_file_artifact_is_unverifiable
tests/test_ledger_p1_evidence_trust.py::test_delivery_healthy_master_manifest_keeps_no_new_diagnostics
tests/test_ledger_p1_evidence_trust.py::test_roundtrip_plans_normally_against_a_readable_baseline
tests/test_ledger_p1_evidence_trust.py::test_roundtrip_corrupt_baseline_refuses_instead_of_planning
tests/test_ledger_p1_evidence_trust.py::test_roundtrip_truncated_baseline_refuses
tests/test_ledger_p1_evidence_trust.py::test_roundtrip_baseline_payload_of_wrong_shape_refuses
tests/test_ledger_p1_evidence_trust.py::test_roundtrip_absent_baseline_keeps_the_legal_no_baseline_mode
tests/test_ledger_p1_evidence_trust.py::test_roundtrip_cli_corrupt_baseline_is_a_json_envelope
tests/test_ledger_p1_evidence_trust.py::test_series_create_blocked_by_a_plain_file_leaves_zero_residue
tests/test_ledger_p1_evidence_trust.py::test_series_create_blocked_by_a_plain_events_log_dir
tests/test_ledger_p1_evidence_trust.py::test_series_new_json_refuses_with_a_structured_envelope
tests/test_ledger_p1_evidence_trust.py::test_series_create_still_scaffolds_the_full_umbrella
tests/test_ledger_p1_evidence_trust.py::test_series_create_over_an_existing_series_still_refuses
tests/test_ledger_p1_gui_safety.py::test_retry_never_replays_assume_yes
tests/test_ledger_p1_gui_safety.py::test_retry_of_every_paid_kind_drops_the_confirmation
tests/test_ledger_p1_gui_safety.py::test_truth_editor_get_exposes_a_cas_token[/api/bible/characters-path_parts0]
tests/test_ledger_p1_gui_safety.py::test_truth_editor_get_exposes_a_cas_token[/api/rules-path_parts1]
tests/test_ledger_p1_gui_safety.py::test_truth_editor_get_exposes_a_cas_token[/api/packaging-path_parts2]
tests/test_ledger_p1_gui_safety.py::test_bible_save_refuses_a_stale_buffer
tests/test_ledger_p1_gui_safety.py::test_rules_and_packaging_saves_refuse_a_stale_buffer
tests/test_ledger_p1_gui_safety.py::test_truth_editor_save_without_expected_rev_still_works
tests/test_ledger_p1_gui_safety.py::test_index_reorder_refuses_a_stale_expected_rev
tests/test_ledger_p1_gui_safety.py::test_quit_thread_is_a_daemon
tests/test_ledger_p1_gui_safety.py::test_after_current_has_a_deadline
tests/test_ledger_p1_gui_safety.py::test_upgrade_to_cancel_running_establishes_the_deadline
tests/test_ledger_p1_gui_safety.py::test_live_owner_jobs_are_never_declared_interrupted
tests/test_ledger_p1_gui_safety.py::test_a_dead_owners_job_is_still_interrupted
tests/test_ledger_p1_gui_safety.py::test_records_carry_the_owning_session_and_pid
tests/test_ledger_p1_gui_safety.py::test_open_refuses_a_project_a_live_instance_already_owns
tests/test_ledger_p1_gui_safety.py::test_readonly_can_open_a_project
tests/test_ledger_p1_gui_safety.py::test_readonly_can_quit
tests/test_ledger_p1_gui_safety.py::test_readonly_still_refuses_project_writes
tests/test_ledger_p1_manifest_cost.py::test_cost_rejects_non_finite[nan-per_call]
tests/test_ledger_p1_manifest_cost.py::test_cost_rejects_non_finite[nan-per_second]
tests/test_ledger_p1_manifest_cost.py::test_cost_rejects_non_finite[inf-per_call]
tests/test_ledger_p1_manifest_cost.py::test_cost_rejects_non_finite[inf-per_second]
tests/test_ledger_p1_manifest_cost.py::test_cost_rejects_non_finite[-inf-per_call]
tests/test_ledger_p1_manifest_cost.py::test_cost_rejects_non_finite[-inf-per_second]
tests/test_ledger_p1_manifest_cost.py::test_cost_still_rejects_negative[per_call]
tests/test_ledger_p1_manifest_cost.py::test_cost_still_rejects_negative[per_second]
tests/test_ledger_p1_manifest_cost.py::test_cost_accepts_ordinary_prices
tests/test_ledger_p1_manifest_cost.py::test_manifest_with_non_finite_cost_is_refused[nan]
tests/test_ledger_p1_manifest_cost.py::test_manifest_with_non_finite_cost_is_refused[inf]
tests/test_ledger_p1_manifest_cost.py::test_nan_cost_from_yaml_never_reaches_the_registry
tests/test_ledger_p1_manifest_cost.py::test_inf_per_second_from_yaml_never_reaches_the_registry
tests/test_ledger_p1_manifest_cost.py::test_estimate_cost_of_any_loadable_manifest_is_finite_and_decidable
tests/test_ledger_p1_manifest_cost.py::test_free_provider_still_prices_zero_and_skips_the_spend_gate
tests/test_ledger_p1_manifest_cost.py::test_asr_time_unit_legal_set_is_exactly_ms_and_s
tests/test_ledger_p1_manifest_cost.py::test_asr_time_unit_accepts_the_two_legal_values[ms]
tests/test_ledger_p1_manifest_cost.py::test_asr_time_unit_accepts_the_two_legal_values[s]
tests/test_ledger_p1_manifest_cost.py::test_asr_time_unit_defaults_to_ms
tests/test_ledger_p1_manifest_cost.py::test_asr_time_unit_refuses_everything_else[seconds]
tests/test_ledger_p1_manifest_cost.py::test_asr_time_unit_refuses_everything_else[sec]
tests/test_ledger_p1_manifest_cost.py::test_asr_time_unit_refuses_everything_else[secs]
tests/test_ledger_p1_manifest_cost.py::test_asr_time_unit_refuses_everything_else[second]
tests/test_ledger_p1_manifest_cost.py::test_asr_time_unit_refuses_everything_else[S]
tests/test_ledger_p1_manifest_cost.py::test_asr_time_unit_refuses_everything_else[MS]
tests/test_ledger_p1_manifest_cost.py::test_asr_time_unit_refuses_everything_else[msec]
tests/test_ledger_p1_manifest_cost.py::test_asr_time_unit_refuses_everything_else[millisecond]
tests/test_ledger_p1_manifest_cost.py::test_asr_time_unit_refuses_everything_else[us]
tests/test_ledger_p1_manifest_cost.py::test_asr_time_unit_refuses_everything_else[ns]
tests/test_ledger_p1_manifest_cost.py::test_asr_time_unit_refuses_everything_else[frames]
tests/test_ledger_p1_manifest_cost.py::test_asr_time_unit_refuses_everything_else[]
tests/test_ledger_p1_manifest_cost.py::test_asr_time_unit_refusal_names_both_legal_values
tests/test_ledger_p1_manifest_cost.py::test_asr_manifest_with_a_synonym_time_unit_never_reaches_the_registry
tests/test_ledger_p1_manifest_cost.py::test_asr_manifest_with_a_legal_time_unit_still_loads
tests/test_ledger_p1_manifest_cost.py::test_scaffolded_asr_template_still_declares_a_legal_time_unit
tests/test_ledger_p1_nan_state.py::test_budget_limit_rejects_non_finite_and_negative[nan]
tests/test_ledger_p1_nan_state.py::test_budget_limit_rejects_non_finite_and_negative[inf]
tests/test_ledger_p1_nan_state.py::test_budget_limit_rejects_non_finite_and_negative[-inf]
tests/test_ledger_p1_nan_state.py::test_budget_limit_rejects_non_finite_and_negative[-1.0]
tests/test_ledger_p1_nan_state.py::test_budget_limit_nan_from_yaml_is_refused
tests/test_ledger_p1_nan_state.py::test_budget_limit_accepts_ordinary_values
tests/test_ledger_p1_nan_state.py::test_project_without_budget_serializes_byte_identically
tests/test_ledger_p1_nan_state.py::test_open_job_survives_a_yaml_date_in_params
tests/test_ledger_p1_nan_state.py::test_record_run_survives_a_yaml_date_in_params
tests/test_ledger_p1_nan_state.py::test_state_dumps_still_refuses_a_genuinely_unserializable_value
tests/test_ledger_p1_nan_state.py::test_assign_refuses_to_descend_through_an_existing_scalar
tests/test_ledger_p1_nan_state.py::test_assign_still_creates_missing_intermediate_dicts
tests/test_ledger_p1_nan_state.py::test_assign_still_replaces_a_none_placeholder
tests/test_ledger_p1_nan_state.py::test_assign_leaf_over_a_scalar_is_still_a_plain_overwrite
tests/test_ledger_p1_nan_state.py::test_jsonl_is_scanned_for_secrets
tests/test_ledger_p1_nan_state.py::test_secret_in_reports_failures_jsonl_fails_check
tests/test_ledger_p1_nan_state.py::test_clean_jsonl_is_not_flagged
tests/test_ledger_p1_orchestrator.py::test_reserved_device_names_are_refused_by_the_service_layer[CON]
tests/test_ledger_p1_orchestrator.py::test_reserved_device_names_are_refused_by_the_service_layer[PRN]
tests/test_ledger_p1_orchestrator.py::test_reserved_device_names_are_refused_by_the_service_layer[aux]
tests/test_ledger_p1_orchestrator.py::test_reserved_device_names_are_refused_by_the_service_layer[com1]
tests/test_ledger_p1_orchestrator.py::test_reserved_device_names_are_refused_by_the_service_layer[LPT9]
tests/test_ledger_p1_orchestrator.py::test_colon_names_are_refused_by_the_service_layer[has:colon]
tests/test_ledger_p1_orchestrator.py::test_colon_names_are_refused_by_the_service_layer[drive:c]
tests/test_ledger_p1_orchestrator.py::test_trailing_dot_or_space_is_neutralised_by_the_suffix_not_refused[trailing.]
tests/test_ledger_p1_orchestrator.py::test_trailing_dot_or_space_is_neutralised_by_the_suffix_not_refused[trailing ]
tests/test_ledger_p1_orchestrator.py::test_the_name_refusal_is_catchable_as_a_plain_project_error
tests/test_ledger_p1_orchestrator.py::test_ordinary_names_still_create_normally
tests/test_ledger_p1_orchestrator.py::test_tail_slice_of_zero_is_empty_not_everything
tests/test_ledger_p1_orchestrator.py::test_events_tail_of_zero_carries_no_events
tests/test_ledger_p1_orchestrator.py::test_failures_tail_of_zero_carries_no_failures
tests/test_ledger_p1_orchestrator.py::test_a_failed_publish_never_truncates_the_existing_archive
tests/test_ledger_p1_spotfixes.py::test_huge_int_line_never_bricks_the_events_tail
tests/test_ledger_p1_spotfixes.py::test_output_row_without_recorded_hash_is_unverifiable_not_verified
tests/test_ledger_p1_spotfixes.py::test_cache_hit_take_refs_are_not_reported_as_unverifiable
tests/test_ledger_p1_spotfixes.py::test_explicit_batch_shot_lists_are_deduped_order_preserving
tests/test_ledger_p1_timeline.py::test_alignment_is_character_exact[tokens0-\u51cc\u6668\u4e09\u70b9,\u8fd8\u6709\u4eba\u9192\u7740\u5417?\u522b\u6302\u65ad\u3002]
tests/test_ledger_p1_timeline.py::test_alignment_is_character_exact[tokens1-Hello there friend.]
tests/test_ledger_p1_timeline.py::test_alignment_is_character_exact[tokens2-\u6797\u590f sai<ABS_PATH>
tests/test_ledger_p1_timeline.py::test_alignment_is_character_exact[tokens3-[SFX] Nobody moves!]
tests/test_ledger_p1_timeline.py::test_alignment_is_character_exact[tokens4-Alice: Alice is late]
tests/test_ledger_p1_timeline.py::test_alignment_is_character_exact[tokens5-one    two]
tests/test_ledger_p1_timeline.py::test_alignment_is_character_exact[tokens6-   core   ]
tests/test_ledger_p1_timeline.py::test_alignment_is_character_exact[tokens7-go, go!]
tests/test_ledger_p1_timeline.py::test_alignment_keeps_head_before_the_first_token
tests/test_ledger_p1_timeline.py::test_alignment_keeps_inter_word_spaces
tests/test_ledger_p1_timeline.py::test_alignment_cjk_punctuation_reattachment_unchanged
tests/test_ledger_p1_timeline.py::test_alignment_mismatch_still_falls_back_to_raw
tests/test_ledger_p1_timeline.py::test_timed_captions_break_on_latin_sentence_ender_with_trailing_space
tests/test_ledger_p1_timeline.py::test_timed_captions_lose_no_characters_beyond_edge_trimming
tests/test_ledger_p1_timeline.py::test_picture_voice_duration_absent_keeps_todays_fingerprint
tests/test_ledger_p1_timeline.py::test_picture_voice_duration_changes_the_fingerprint_when_set
tests/test_ledger_p1_timeline.py::test_locale_voice_clip_carries_its_own_length
tests/test_ledger_p1_timeline.py::test_locale_caption_span_follows_the_locale_voice
tests/test_ledger_p1_timeline.py::test_voice_overrun_is_reported_not_silent
tests/test_ledger_p1_timeline.py::test_voice_that_fits_the_picture_window_warns_about_nothing
tests/test_ledger_p1_timeline.py::test_gather_keeps_locale_voice_length_and_base_picture
tests/test_ledger_p1_timeline.py::test_gather_without_a_locale_take_is_unchanged
tests/test_ledger_p1_timeline.py::test_build_graph_surfaces_the_voice_overrun_warnings
tests/test_ledger_p1_timeline.py::test_qc_reports_the_voice_overrun_as_a_technical_warning
tests/test_ledger_p1_timeline.py::test_qc_stays_quiet_when_every_voice_fits
tests/test_lib_tag_flag.py::test_repeated_tag_flags_all_survive
tests/test_lib_tag_flag.py::test_comma_separated_still_works
tests/test_lib_tag_flag.py::test_mixed_forms_are_deduped_order_preserving
tests/test_lib_tag_flag.py::test_no_tags_is_still_fine
tests/test_library.py::test_env_override_and_kind_classification
tests/test_library.py::test_add_copies_in_and_never_consumes_source
tests/test_library.py::test_dedup_merges_tags_and_stores_bytes_once
tests/test_library.py::test_list_filters_by_tag_and_kind
tests/test_library.py::test_find_get_and_ambiguity
tests/test_library.py::test_remove_is_library_side_only
tests/test_library.py::test_cli_add_dedup_and_list_json
tests/test_library.py::test_cli_use_copies_into_project_with_no_overwrite
tests/test_library.py::test_import_default_skips_a_library_duplicate
tests/test_library.py::test_import_on_duplicate_import_copies_anyway
tests/test_library.py::test_import_on_duplicate_link_sources_from_library_blob
tests/test_library.py::test_import_bad_on_duplicate_fails_cleanly
tests/test_library.py::test_import_no_library_hit_behaves_as_before
tests/test_library.py::test_suggest_from_library_matches_by_character_tag
tests/test_library.py::test_suggest_from_library_matches_by_bible_name
tests/test_library.py::test_suggest_from_library_no_match_is_empty
tests/test_library.py::test_suggest_from_library_ignores_non_image_video_kinds
tests/test_library.py::test_suggest_from_library_empty_library_is_empty
tests/test_library.py::test_cli_rm_requires_yes
tests/test_library.py::test_add_concurrent_processes_no_lost_update
tests/test_library.py::test_index_lock_serializes_two_threads
tests/test_local_cmd.py::test_runs_registers_with_lineage_and_env
tests/test_local_cmd.py::test_prompt_is_one_argv_element
tests/test_local_cmd.py::test_placeholder_substitution_types
tests/test_local_cmd.py::test_placeholder_substitution_is_single_pass
tests/test_local_cmd.py::test_nonzero_exit_surfaces_stderr_tail
tests/test_local_cmd.py::test_missing_output_is_provider_error
tests/test_local_cmd.py::test_timeout_path
tests/test_local_cmd.py::test_timeout_reaps_orphaned_grandchild
tests/test_local_cmd.py::test_missing_binary_is_invalid
tests/test_local_cmd.py::test_construction_requires_out_placeholder
tests/test_local_cmd.py::test_fallback_chain_routes_capability
tests/test_local_cmd.py::test_doctor_probe_flags_missing_binary_and_bad_command
tests/test_locale_roundtrip_gui.py::test_plan_locale_voice_and_register
tests/test_locale_roundtrip_gui.py::test_apply_locale_overlay_swaps_voice_and_captions
tests/test_locale_roundtrip_gui.py::test_gather_compile_input_lang_uses_overlay
tests/test_locale_roundtrip_gui.py::test_roundtrip_trim_plan_and_apply
tests/test_locale_roundtrip_gui.py::test_gui_build_accepts_audition_target
tests/test_locale_scan_ordering.py::test_no_locale_scanner_sorts_raw_paths[build/funnel.py]
tests/test_locale_scan_ordering.py::test_no_locale_scanner_sorts_raw_paths[build/status.py]
tests/test_locale_scan_ordering.py::test_no_locale_scanner_sorts_raw_paths[build/director.py]
tests/test_locale_scan_ordering.py::test_no_locale_scanner_sorts_raw_paths[build/exportstatus.py]
tests/test_locale_scan_ordering.py::test_no_locale_scanner_sorts_raw_paths[runtime/state.py]
tests/test_locale_scan_ordering.py::test_each_locale_scanner_actually_sorts_by_posix[build/funnel.py]
tests/test_locale_scan_ordering.py::test_each_locale_scanner_actually_sorts_by_posix[build/status.py]
tests/test_locale_scan_ordering.py::test_each_locale_scanner_actually_sorts_by_posix[build/director.py]
tests/test_locale_scan_ordering.py::test_each_locale_scanner_actually_sorts_by_posix[build/exportstatus.py]
tests/test_locale_scan_ordering.py::test_each_locale_scanner_actually_sorts_by_posix[runtime/state.py]
tests/test_locale_scan_ordering.py::test_the_rule_is_still_documented_where_it_was_learned
tests/test_locks.py::test_seal_lock_returns_hash_of_current_value
tests/test_locks.py::test_verify_locks_passes_on_untouched_data
tests/test_locks.py::test_verify_locks_reports_changed_after_mutation
tests/test_locks.py::test_verify_locks_reports_missing_after_deletion
tests/test_locks.py::test_verify_locks_reports_unsealed_for_empty_hash
tests/test_locks.py::test_shotspec_coerces_bare_list_into_empty_hash_records
tests/test_masters_loudness_reporting.py::test_a_silent_bus_is_reported_as_silent_not_unmeasured
tests/test_masters_loudness_reporting.py::test_a_real_signal_measures_a_real_level
tests/test_masters_loudness_reporting.py::test_an_unmeasurable_file_is_neither_silent_nor_measured
tests/test_masters_loudness_reporting.py::test_neg_inf_detection[-inf-True0]
tests/test_masters_loudness_reporting.py::test_neg_inf_detection[-inf-True1]
tests/test_masters_loudness_reporting.py::test_neg_inf_detection[inf-False]
tests/test_masters_loudness_reporting.py::test_neg_inf_detection[-12.4-False]
tests/test_masters_loudness_reporting.py::test_neg_inf_detection[nan-False]
tests/test_masters_loudness_reporting.py::test_neg_inf_detection[None-False]
tests/test_masters_loudness_reporting.py::test_neg_inf_detection[-False]
tests/test_masters_loudness_reporting.py::test_neg_inf_detection[abc-False]
tests/test_media_durability.py::test_corrupt_cached_segment_is_evicted_and_rebuilt
tests/test_media_durability.py::test_valid_cached_segments_survive_the_gate_untouched
tests/test_media_durability.py::test_crashed_segment_encode_leaves_no_partial_in_cache
tests/test_media_durability.py::test_interrupted_final_leaves_no_partial_and_no_sidecar
tests/test_media_durability.py::test_interrupted_proxy_reencode_preserves_previous_good_proxy
tests/test_media_durability.py::test_final_success_writes_mp4_then_sidecar_and_leaves_no_temps
tests/test_media_durability.py::test_atomic_output_failure_leaves_nothing
tests/test_media_durability.py::test_atomic_output_refuses_to_clobber_existing_final
tests/test_media_durability.py::test_atomic_temp_name_is_muxer_safe_and_invisible_to_final_globs
tests/test_media_filtergraph_scan.py::test_ass_filter_uses_keyed_filename_form
tests/test_media_filtergraph_scan.py::test_render_timeline_ass_path_with_equals_burns
tests/test_media_filtergraph_scan.py::test_reframe_crop_expr_multi_keyframe_burns
tests/test_media_integrity_scan.py::test_probe_fps_falls_back_to_avg_frame_rate
tests/test_media_integrity_scan.py::test_apply_multi_shot_nonzero_slice_is_skipped
tests/test_media_integrity_scan.py::test_card_fc_match_non_utf8_does_not_crash[_fc_match]
tests/test_media_integrity_scan.py::test_card_fc_match_non_utf8_does_not_crash[_fc_match_family]
tests/test_media_integrity_scan.py::test_voicefix_current_cues_non_utf8_srt_does_not_crash
tests/test_media_integrity_scan.py::test_preview_voice_cross_device_replace_falls_back
tests/test_media_masters_integrity.py::test_failed_loudnorm_master_publishes_no_partial_file
tests/test_mentions_display_name.py::test_the_display_name_resolves_to_its_asset
tests/test_mentions_display_name.py::test_id_and_alias_still_resolve
tests/test_mentions_display_name.py::test_a_name_is_not_a_collision_with_its_own_id
tests/test_mentions_display_name.py::test_a_name_that_names_a_different_asset_is_a_collision
tests/test_mentions_display_name.py::test_an_exact_id_outranks_another_assets_display_name
tests/test_mentions_display_name.py::test_a_name_equal_to_its_own_id_is_indexed_once
tests/test_mentions_display_name.py::test_a_row_without_a_name_still_indexes
tests/test_mentions_display_name.py::test_a_cjk_typo_now_has_something_to_be_near
tests/test_mentions_display_name.py::test_resolve_mentions_reads_a_name_from_free_text
tests/test_mentions_display_name.py::test_mention_report_marks_a_name_hit_unregistered
tests/test_mentions_display_name.py::test_apply_writes_the_name_hit_into_characters
tests/test_mentions_empty_state.py::test_no_mentions_says_so_instead_of_going_quiet
tests/test_mentions_empty_state.py::test_the_empty_state_shows_the_syntax
tests/test_mentions_empty_state.py::test_a_single_shot_scope_is_named_as_such
tests/test_mentions_empty_state.py::test_the_empty_state_is_gone_once_there_is_a_hit
tests/test_mentions_empty_state.py::test_an_unresolved_mention_is_not_an_empty_state
tests/test_mentions_empty_state.py::test_the_json_shape_is_unchanged
tests/test_migrate_rate_honesty.py::test_migrate_plan_refuses_whole_int_over_declared_ntsc
tests/test_migrate_rate_honesty.py::test_downgrade_of_whole_integer_rate_is_refused
tests/test_migrate_rate_honesty.py::test_exact_passthrough_apply_on_fresh_project_still_works
tests/test_migrate_rate_honesty.py::test_int_to_ntsc_apply_still_works
tests/test_migrate_rate_honesty.py::test_genuine_ntsc_downgrade_with_ack_still_works
tests/test_migrate_rate_honesty.py::test_whole_int_to_ntsc_gain_still_applies
tests/test_minimax_h3_zero_budget.py::test_h3_profile_is_authoring_only_and_not_a_provider
tests/test_minimax_h3_zero_budget.py::test_h3_mode_projection_and_override_verbatim
tests/test_minimax_h3_zero_budget.py::test_h3_keyframe_and_ordinary_ref_is_blocked
tests/test_minimax_h3_zero_budget.py::test_handoff_bundle_is_deterministic_and_keeps_one_frozen_ref_plan
tests/test_minimax_h3_zero_budget.py::test_remote_reference_query_is_redacted_and_not_downloaded
tests/test_minimax_h3_zero_budget.py::test_manual_handoff_roundtrip_preserves_lineage_without_selecting
tests/test_minimax_h3_zero_budget.py::test_source_ledger_can_describe_h3_without_runtime_dependency
tests/test_minimax_h3_zero_budget.py::test_h3_recipes_and_five_offline_eval_fixtures_are_structured
tests/test_minimax_h3_zero_budget.py::test_cli_h3_projection_check_and_bundle
tests/test_minimax_h3_zero_budget.py::test_three_shot_zero_budget_dogfood_reuses_animatic_and_reference_core
tests/test_multilocale_qc.py::test_base_only_project_selects_base
tests/test_multilocale_qc.py::test_single_declared_locale_selects_that_locale
tests/test_multilocale_qc.py::test_multi_locale_default_selects_every_declared_locale
tests/test_multilocale_qc.py::test_explicit_lang_selects_only_that_locale
tests/test_multilocale_qc.py::test_all_locales_selects_every_declared_locale
tests/test_multilocale_qc.py::test_n_locales_produce_n_results_and_one_aggregate
tests/test_multilocale_qc.py::test_aggregate_passes_when_every_locale_passes
tests/test_multilocale_qc.py::test_declared_locale_without_final_is_missing_final_not_base_fallback
tests/test_multilocale_qc.py::test_each_locale_is_probed_with_its_own_final
tests/test_multilocale_qc.py::test_explicit_lang_checks_only_that_locale
tests/test_multilocale_qc.py::test_locale_literally_named_base_is_not_the_base_final
tests/test_narrative_contracts.py::test_legacy_shot_does_not_emit_new_fields
tests/test_narrative_contracts.py::test_scene_contract_roundtrip
tests/test_narrative_contracts.py::test_scene_contract_filename_matches_id
tests/test_narrative_contracts.py::test_scene_membership_is_derived_from_indexed_shots
tests/test_narrative_contracts.py::test_scene_contract_does_not_own_shot_list
tests/test_narrative_contracts.py::test_missing_scene_character_ref_is_contract_error
tests/test_narrative_contracts.py::test_missing_scene_prop_ref_is_contract_error
tests/test_narrative_contracts.py::test_missing_scene_location_ref_is_contract_error
tests/test_narrative_contracts.py::test_legacy_prop_lock_still_works
tests/test_narrative_contracts.py::test_new_props_are_deduplicated_with_legacy_locks
tests/test_narrative_contracts.py::test_new_prop_missing_from_prop_bible_is_contract_error
tests/test_narrative_contracts.py::test_empty_scene_directory_does_not_opt_in
tests/test_narrative_contracts.py::test_malformed_scene_file_still_opts_in_and_is_parser_error
tests/test_narrative_contracts.py::test_narrative_contract_errors_and_readiness_warnings_are_distinct
tests/test_narrative_contracts.py::test_narrative_indexed_shot_without_scene_id_is_readiness_warning
tests/test_narrative_contracts.py::test_scene_location_mismatch_and_empty_proof_scene_are_warnings
tests/test_narrative_contracts.py::test_scene_contract_rejects_unsafe_id_and_path
tests/test_narrative_contracts.py::test_character_behavior_bible_fields_roundtrip_incrementally
tests/test_narrative_contracts.py::test_scene_contracts_enter_source_revision_without_legacy_drift
tests/test_native_cut.py::test_lanes_render_all_track_types
tests/test_native_cut.py::test_lanes_note_before_any_build
tests/test_native_cut.py::test_wave_endpoint_cache_and_no_audio
tests/test_native_cut.py::test_wave_rejects_non_media_path
tests/test_native_cut.py::test_sync_hints_all_three_kinds
tests/test_native_cut.py::test_sync_hints_escapes_cue_text
tests/test_native_cut.py::test_sync_hints_degrade_without_ffmpeg
tests/test_native_cut.py::test_synchints_endpoint
tests/test_native_cut.py::test_transition_override_writes_rules_and_validity
tests/test_native_cut.py::test_transition_override_cut_and_reset
tests/test_native_cut.py::test_transition_override_rejects_bad_type
tests/test_native_cut.py::test_seam_markers_are_clickable_buttons
tests/test_native_cut.py::test_handle_rebuild_proposal_math
tests/test_native_cut.py::test_handle_rebuild_no_duration_advisory
tests/test_native_cut.py::test_handle_rebuild_runs_with_mock_provider
tests/test_native_cut.py::test_handle_rebuild_refuses_when_routing_drifted_since_proposal
tests/test_native_cut.py::test_advanced_panels_are_pro_only
tests/test_native_cut.py::test_native_cut_token_and_readonly_guards
tests/test_native_cut.py::test_native_cut_readonly_blocks_mutations
tests/test_native_cut_v2.py::test_edit_js_carries_the_six_key_map_and_input_guard
tests/test_native_cut_v2.py::test_keymap_overlay_and_footer_hints_render
tests/test_native_cut_v2.py::test_snap_state_persists_via_endpoint
tests/test_native_cut_v2.py::test_snap_state_bakes_into_the_lanes_and_shows_ticks
tests/test_native_cut_v2.py::test_undo_panel_renders_and_lists_recent_edit_events
tests/test_native_cut_v2.py::test_tier1_revert_round_trip_transition_default
tests/test_native_cut_v2.py::test_tier1_revert_transition_override_back_to_default
tests/test_native_cut_v2.py::test_revert_refuses_append_only_and_bad_index
tests/test_native_cut_v2.py::test_handle_rebuild_bad_transition_ms_is_400_not_500
tests/test_native_cut_v2.py::test_undo_marks_append_only_takes_non_revertable
tests/test_native_cut_v2.py::test_playback_source_resolves_final_over_proxy_over_empty
tests/test_native_cut_v2.py::test_media_endpoint_serves_range_206
tests/test_native_cut_v2.py::test_v2_token_and_readonly_guards
tests/test_native_cut_v2.py::test_v2_readonly_blocks_snap_and_revert_but_keeps_reads
tests/test_native_cut_v2.py::test_transition_override_rejects_unknown_shot_id
tests/test_native_cut_v2.py::test_transition_override_rejects_unknown_key_on_cut_and_reset
tests/test_native_cut_v2.py::test_transition_override_accepts_intro_outro_sentinels
tests/test_native_cut_v2.py::test_transition_override_warns_on_last_segment_no_out_edge
tests/test_native_cut_v2.py::test_transition_override_no_warning_on_interior_boundary
tests/test_native_cut_v2.py::test_transition_override_reset_on_last_segment_no_spurious_warning
tests/test_native_draft.py::test_jianying_native_carries_sfx_and_ambient
tests/test_native_draft.py::test_capcut_native_carries_sfx_and_ambient
tests/test_native_draft.py::test_jianying_native_draft
tests/test_native_draft.py::test_capcut_native_draft
tests/test_native_draft.py::test_jianying_native_source_timerange_honors_source_in_ms
tests/test_native_draft.py::test_capcut_native_source_timerange_honors_source_in_ms
tests/test_native_draft.py::test_unavailable_lib_is_actionable
tests/test_native_draft.py::test_capcut_cli_wall
tests/test_native_draft.py::test_build_graph_exports_native
tests/test_next_step_names_a_command.py::test_a_brand_new_project_names_a_command
tests/test_next_step_names_a_command.py::test_the_empty_rung_still_offers_the_by_hand_route
tests/test_next_step_names_a_command.py::test_the_broken_rung_names_its_remedies
tests/test_next_step_names_a_command.py::test_the_broken_rung_still_lists_the_shots
tests/test_next_step_names_a_command.py::test_with_several_broken_the_command_names_one_of_them
tests/test_openclap_cli.py::test_cli_inspect_json
tests/test_openclap_cli.py::test_cli_inspect_corrupt_emits_structured_error
tests/test_openclap_cli.py::test_cli_export_json
tests/test_openclap_cli.py::test_cli_export_honors_final_export_gate
tests/test_openclap_cli.py::test_cli_export_without_timeline_fails
tests/test_openclap_cli.py::test_cli_import_plan_json
tests/test_openclap_export.py::test_export_succeeds_parses_and_counts_match
tests/test_openclap_export.py::test_export_is_deterministic
tests/test_openclap_export.py::test_export_semantic_equivalence_and_stable_ids
tests/test_openclap_export.py::test_export_intro_outro_synthetic_shots
tests/test_openclap_export.py::test_output_is_project_relative_and_has_no_absolute_paths
tests/test_openclap_export.py::test_export_never_leaks_provider_secret
tests/test_openclap_import_plan.py::test_absolute_and_traversal_locators_diagnosed_never_resolved
tests/test_openclap_import_plan.py::test_symlink_escape_locator_is_diagnosed
tests/test_openclap_import_plan.py::test_semantic_segments_not_planned_as_clips
tests/test_openclap_import_plan.py::test_unknown_category_segment_listed_unmapped
tests/test_openclap_import_plan.py::test_import_plan_never_writes_and_lists_conflicts
tests/test_openclap_import_plan.py::test_remote_url_never_fetched_data_uri_digested_in_memory
tests/test_openclap_import_plan.py::test_video_segment_plans_create_shot_and_register_media
tests/test_openclap_import_plan.py::test_plan_schema_and_source_sha_echoed
tests/test_openclap_io.py::test_inspect_minimal_legal_file
tests/test_openclap_io.py::test_unknown_fields_survive_round_trip
tests/test_openclap_io.py::test_counts_exceed_items_fails_closed
tests/test_openclap_io.py::test_number_of_segments_mismatch_fails_closed
tests/test_openclap_io.py::test_top_level_not_a_list_fails_closed
tests/test_openclap_io.py::test_missing_header_fails_closed
tests/test_openclap_io.py::test_failed_read_writes_nothing
tests/test_openclap_io.py::test_decompression_bomb_aborts_mid_stream
tests/test_openclap_io.py::test_item_count_cap_fails_closed
tests/test_openclap_io.py::test_compressed_size_cap_fails_closed
tests/test_openclap_io.py::test_nesting_depth_cap_fails_closed
tests/test_openclap_io.py::test_plain_uncompressed_yaml_is_accepted
tests/test_openclap_io.py::test_non_utf8_fails_closed
tests/test_openclap_io.py::test_unknown_enum_values_preserved_and_normalized
tests/test_openclap_io.py::test_end_time_independent_of_asset_duration
tests/test_operation_outcome.py::test_waiting_user_exception_classifies_as_waiting_user
tests/test_operation_outcome.py::test_provider_canceled_classifies_as_canceled_with_uncertain_billing
tests/test_operation_outcome.py::test_build_canceled_classifies_as_canceled
tests/test_operation_outcome.py::test_other_exceptions_classify_as_failed
tests/test_operation_outcome.py::test_uncertain_paid_cancel_is_not_auto_resubmitted
tests/test_operation_outcome.py::test_plain_cancel_is_not_auto_resubmitted
tests/test_operation_outcome.py::test_completed_before_cancel_is_not_auto_resubmitted
tests/test_operation_outcome.py::test_confirmed_canceled_is_still_not_auto_resubmitted
tests/test_operation_outcome.py::test_waiting_user_is_re_runnable
tests/test_operation_outcome.py::test_provider_canceled_same_semantic_outcome_in_cli_gui
tests/test_operation_outcome.py::test_waiting_user_same_semantic_outcome_in_cli_gui
tests/test_operation_outcome.py::test_ok_outcome_across_surfaces
tests/test_operation_outcome.py::test_may_have_billed_by_disposition
tests/test_operation_outcome.py::test_cancel_record_from_provider_canceled_is_uncertain_and_no_auto_resubmit
tests/test_operation_outcome.py::test_cancel_record_confirmed_canceled_is_not_billed
tests/test_operation_outcome.py::test_cancel_record_serializes_to_the_specified_shape
tests/test_overlay.py::test_no_overlay_by_default
tests/test_overlay.py::test_no_overlay_when_disabled_or_text_empty
tests/test_overlay.py::test_one_overlay_with_correct_fields_and_duration_clamped
tests/test_overlay.py::test_overlay_duration_not_clamped_when_film_is_longer
tests/test_overlay.py::test_fingerprint_changes_when_title_card_text_changes
tests/test_overlay.py::test_title_card_proxy_render_and_determinism
tests/test_p0_assurance.py::test_H_qc_unavailable_is_not_accepted
tests/test_p0_assurance.py::test_H_bulk_surface_propagates_unavailable
tests/test_p0_assurance.py::test_I_duplicate_expectation_id_rejected_zero_write
tests/test_p0_assurance.py::test_I_duplicate_in_batch_rejects_whole_batch
tests/test_p0_assurance.py::test_J_expectation_compile_failure_is_error_not_empty_set
tests/test_p0_paid_safety.py::test_prepared_evidence_fail_refuses_submit_zero_transport
tests/test_p0_paid_safety.py::test_dispatching_evidence_fail_refuses_submit_zero_transport
tests/test_p0_paid_safety.py::test_lock_timeout_required_refuses_and_best_effort_drops
tests/test_p0_paid_safety.py::test_submit_timeout_none_defaults_unknown_no_retry_no_fallback
tests/test_p0_paid_safety.py::test_poll_timeout_none_retries_and_stays_admitted
tests/test_p0_paid_safety.py::test_no_fcntl_platform_refuses_paid_and_drops_best_effort
tests/test_p0_paid_safety.py::test_definite_rejection_is_manifest_declared_only
tests/test_p0_paid_safety.py::test_redaction_survives_coordinator_move
tests/test_p0_paid_safety.py::test_redispatch_dispatching_evidence_fail_refuses_second_submit
tests/test_p0_recovery.py::test_consult_identity_failure_fails_closed_zero_transport
tests/test_p0_recovery.py::test_consult_state_query_failure_fails_closed_zero_transport
tests/test_p0_recovery.py::test_recovery_unavailable_stops_the_fallback_chain
tests/test_p0_recovery.py::test_rebuild_restores_last_valid_prefix_and_blocks_fresh_submit
tests/test_p0_recovery.py::test_totally_corrupt_chain_restores_sentinel_attach_and_abandon_work
tests/test_p0_recovery.py::test_valid_admitted_chain_rebuild_resumes_poll_only
tests/test_p0_run_lifecycle.py::test_interrupted_run_is_incomplete_with_dangling_attempt
tests/test_p0_run_lifecycle.py::test_incomplete_only_lists_attempts_without_terminals
tests/test_p0_run_lifecycle.py::test_complete_lifecycle_run_is_completed_with_no_dangling
tests/test_p0_run_lifecycle.py::test_run_terminal_status_verbatim_with_warnings_promotion
tests/test_p0_run_lifecycle.py::test_run_build_emits_started_and_terminal_end_to_end
tests/test_p0_run_lifecycle.py::test_unknown_run_id_is_not_found
tests/test_p0_run_lifecycle.py::test_legacy_terminal_only_stream_derives_with_stamp
tests/test_packaging.py::test_loader_defaults_when_absent
tests/test_packaging.py::test_new_scaffolds_packaging_disabled_with_hints
tests/test_packaging.py::test_card_content_addressing
tests/test_packaging.py::test_packaging_none_or_disabled_is_byte_identical
tests/test_packaging.py::test_intro_outro_are_real_segments_that_shift_downstream
tests/test_packaging.py::test_intro_outro_get_no_captions_or_voice
tests/test_packaging.py::test_fingerprint_changes_when_intro_text_changes
tests/test_packaging.py::test_info_cards_anchor_resolution_and_unknown_skip
tests/test_packaging.py::test_info_card_anchor_shifts_with_intro
tests/test_packaging.py::test_info_card_rides_the_title_card_burn_path
tests/test_packaging.py::test_qc_flags_missing_intro_asset
tests/test_packaging.py::test_qc_warns_on_info_card_unknown_shot
tests/test_packaging.py::test_package_requires_a_final
tests/test_packaging.py::test_stale_status_unknown_when_no_timeline
tests/test_packaging.py::test_stale_status_unknown_when_final_has_no_sidecar
tests/test_packaging.py::test_make_package_never_gates_on_unknown_staleness
tests/test_packaging.py::test_intro_is_a_real_rendered_segment
tests/test_packaging.py::test_second_build_is_a_content_key_skip
tests/test_packaging.py::test_editing_intro_text_rerenders
tests/test_packaging.py::test_package_cover_frame_and_teaser
tests/test_packaging.py::test_cover_crash_mid_write_leaves_old_file_and_key_intact
tests/test_packaging.py::test_package_cover_card_mode
tests/test_packaging.py::test_teaser_from_ms_past_end_is_a_clean_failure
tests/test_packaging.py::test_teaser_overrun_is_clamped_with_warning
tests/test_packaging.py::test_package_warns_when_cover_frame_is_inside_intro
tests/test_packaging.py::test_package_no_stale_warning_right_after_build
tests/test_packaging.py::test_package_warns_when_final_is_stale_after_rule_edit
tests/test_packaging.py::test_package_refuses_provably_stale_final_by_default
tests/test_packaging.py::test_cover_key_rekeys_with_card_look_but_frame_mode_is_untouched
tests/test_paid_confirmation_contract.py::test_paid_redo_without_assume_yes_waits_and_provider_not_called
tests/test_paid_confirmation_contract.py::test_cancel_during_redo_polling_is_canceled_and_writes_nothing
tests/test_phase6_workflow_honesty.py::test_authoring_doc_is_self_contained_and_names_the_three_eligibility_states
tests/test_phase6_workflow_honesty.py::test_readme_draws_creative_execution_and_picture_lock_boundaries
tests/test_phase6_workflow_honesty.py::test_agent_and_owner_surfaces_share_contract_and_eligibility_terms
tests/test_phase7a_narrative_rehearsal.py::test_no_paid_narrative_loop_reaches_bulk_ready_without_claiming_production
tests/test_phase7a_narrative_rehearsal.py::test_legacy_proxy_path_remains_ungated_but_never_picture_lock
tests/test_posix_only_calls_are_guarded.py::test_every_posix_only_os_call_sits_behind_a_windows_guard
tests/test_posix_only_calls_are_guarded.py::test_the_detector_sees_the_real_call_sites
tests/test_posix_only_calls_are_guarded.py::test_the_two_gate_reddening_modules_are_guarded
tests/test_posix_only_calls_are_guarded.py::test_the_guard_regex_classifies_correctly[import os\nos.mkfifo(p)\n-False]
tests/test_posix_only_calls_are_guarded.py::test_the_guard_regex_classifies_correctly[WINDOWS = os.name == "nt"\n@pytest.mark.skipif(WINDOWS, reason="POSIX FIFO")\ndef t():\n    os.mkfifo(p)\n-True]
tests/test_posix_only_calls_are_guarded.py::test_the_guard_regex_classifies_correctly[pytestmark = pytest.mark.skipif(os.name == "nt", reason="POSIX")\nos.mkfifo(p)\n-True]
tests/test_posix_only_calls_are_guarded.py::test_the_guard_regex_classifies_correctly[if hasattr(os, "mkfifo"):\n    os.mkfifo(p)\n-True]
tests/test_post_completion_hardening.py::test_wp1_empty_sqlite_with_unresolved_evidence_blocks_before_transport
tests/test_post_completion_hardening.py::test_wp1_delete_dot_manju_no_rebuild_still_fail_closes
tests/test_post_completion_hardening.py::test_wp1_evidence_read_failure_fails_closed_transport_zero
tests/test_post_completion_hardening.py::test_wp1_unrelated_shot_provider_not_blocked
tests/test_post_completion_hardening.py::test_wp1_terminal_chain_not_recovered_as_unresolved
tests/test_post_completion_hardening.py::test_wp1_auto_guard_matches_explicit_rebuild_classification
tests/test_post_completion_hardening.py::test_wp2_release_db_missing_with_unresolved_evidence_blocks
tests/test_post_completion_hardening.py::test_wp2_release_db_query_failure_blocks
tests/test_post_completion_hardening.py::test_wp2_baseline_verifications_unreadable_blocks
tests/test_post_completion_hardening.py::test_wp2_baseline_malformed_only_is_not_no_baseline
tests/test_post_completion_hardening.py::test_wp2_baseline_event_tamper_without_id_change_is_corrupt
tests/test_post_completion_hardening.py::test_wp2_run_terminal_matrix_blocks[FAILED-<lambda>]
tests/test_post_completion_hardening.py::test_wp2_run_terminal_matrix_blocks[CANCELED-<lambda>]
tests/test_post_completion_hardening.py::test_wp2_run_terminal_matrix_blocks[WAITING_USER-<lambda>]
tests/test_post_completion_hardening.py::test_wp2_run_not_found_blocks
tests/test_post_completion_hardening.py::test_wp2_concurrent_verification_and_baseline_append_no_torn_or_truncate
tests/test_post_completion_hardening.py::test_wp3_prompt_compile_failure_transport_zero
tests/test_post_completion_hardening.py::test_wp3_ref_resolution_failure_transport_zero
tests/test_post_completion_hardening.py::test_wp3_ref_hash_failure_transport_zero
tests/test_post_completion_hardening.py::test_wp3_local_ref_missing_file_transport_zero
tests/test_post_completion_hardening.py::test_wp3_legacy_pending_unknown_correlation_requires_human
tests/test_presets.py::test_loader_lists_all_kits_in_order
tests/test_presets.py::test_unknown_preset_raises_clean_error_listing_names
tests/test_presets.py::test_each_preset_validates_against_real_models[blank]
tests/test_presets.py::test_each_preset_validates_against_real_models[vertical_ai_video]
tests/test_presets.py::test_each_preset_validates_against_real_models[horizontal_ai_video]
tests/test_presets.py::test_kits_are_content_type_neutral
tests/test_presets.py::test_blank_kit_is_pure_scaffold
tests/test_presets.py::test_vertical_and_horizontal_frames
tests/test_presets.py::test_apply_blank_is_generic_scaffold_byte_for_byte
tests/test_presets.py::test_apply_preset_writes_overrides_and_records_kit
tests/test_presets.py::test_new_with_preset_scaffolds_and_passes_check[blank]
tests/test_presets.py::test_new_with_preset_scaffolds_and_passes_check[vertical_ai_video]
tests/test_presets.py::test_new_with_preset_scaffolds_and_passes_check[horizontal_ai_video]
tests/test_presets.py::test_new_vertical_has_expected_shape
tests/test_presets.py::test_new_without_preset_is_todays_generic_scaffold
tests/test_presets.py::test_presets_json_lists_all_three_with_required_keys
tests/test_presets.py::test_presets_human_table_lists_all_names
tests/test_presets.py::test_cjk_pad_helper_counts_double_width
tests/test_presets.py::test_new_unknown_preset_fails_cleanly
tests/test_presets.py::test_status_shows_qc_focus_advisory
tests/test_presets.py::test_vertical_preset_project_builds_to_final
tests/test_production_readiness.py::test_legacy_animatic_content_key_is_byte_identical
tests/test_production_readiness.py::test_narrative_animatic_intent_boundary
tests/test_production_readiness.py::test_legacy_project_is_not_gated
tests/test_production_readiness.py::test_media_eligibility_distinguishes_proxy_candidate_and_final
tests/test_production_readiness.py::test_proxy_final_does_not_imply_picture_lock
tests/test_production_readiness.py::test_proxy_notice_does_not_hide_a_more_urgent_qc_failure
tests/test_production_readiness.py::test_scene_contract_gate
tests/test_production_readiness.py::test_malformed_scene_cannot_fall_back_to_legacy
tests/test_production_readiness.py::test_shot_contract_gate
tests/test_production_readiness.py::test_current_animatic_gate
tests/test_production_readiness.py::test_animatic_exact_byte_approval
tests/test_production_readiness.py::test_stale_animatic_approval
tests/test_production_readiness.py::test_human_only_approval[kwargs0]
tests/test_production_readiness.py::test_human_only_approval[kwargs1]
tests/test_production_readiness.py::test_proof_shot_requires_current_video
tests/test_production_readiness.py::test_proof_shot_rejects_proxy
tests/test_production_readiness.py::test_proof_shot_requires_human_approval
tests/test_production_readiness.py::test_proof_shot_requires_assurance_acceptance
tests/test_production_readiness.py::test_proof_scene_requires_all_indexed_shots
tests/test_production_readiness.py::test_proof_scene_requires_current_digest_approval
tests/test_production_readiness.py::test_proof_scene_digest_changes_with_take_trim_order_contract_and_audio
tests/test_production_readiness.py::test_unattended_authoring_stage_calls_no_transport
tests/test_production_readiness.py::test_proof_shot_stage_allows_only_proof_shots
tests/test_production_readiness.py::test_proof_scene_stage_allows_only_scene_shots
tests/test_production_readiness.py::test_mixed_allowed_disallowed_plan_is_atomic_block
tests/test_production_readiness.py::test_unattended_bulk_ready_can_call_transport
tests/test_production_readiness.py::test_collaborative_warns_and_can_continue
tests/test_production_readiness.py::test_dry_run_reports_without_transport
tests/test_production_readiness.py::test_free_local_not_blocked
tests/test_production_readiness.py::test_assume_yes_cannot_bypass
tests/test_production_readiness.py::test_production_status_cli_json
tests/test_production_readiness.py::test_production_approval_cli_has_no_yes_bypass
tests/test_project_bugfix_20260715.py::test_validate_lang_rejects_traversal_and_junk[..]
tests/test_project_bugfix_20260715.py::test_validate_lang_rejects_traversal_and_junk[../x]
tests/test_project_bugfix_20260715.py::test_validate_lang_rejects_traversal_and_junk[en/..]
tests/test_project_bugfix_20260715.py::test_validate_lang_rejects_traversal_and_junk[a/b]
tests/test_project_bugfix_20260715.py::test_validate_lang_rejects_traversal_and_junk[a\\\\b]
tests/test_project_bugfix_20260715.py::test_validate_lang_rejects_traversal_and_junk[.]
tests/test_project_bugfix_20260715.py::test_validate_lang_rejects_traversal_and_junk[]
tests/test_project_bugfix_20260715.py::test_validate_lang_rejects_traversal_and_junk[CON]
tests/test_project_bugfix_20260715.py::test_validate_lang_accepts_bcp47
tests/test_project_bugfix_20260715.py::test_voice_takes_dir_refuses_dotdot
tests/test_project_bugfix_20260715.py::test_locale_captions_dir_refuses_dotdot
tests/test_project_bugfix_20260715.py::test_gen_auto_in_modes
tests/test_project_bugfix_20260715.py::test_plan_generation_auto_includes_stale
tests/test_project_bugfix_20260715.py::test_retryable_kinds_match_server_allowlist
tests/test_project_bugfix_20260715.py::test_job_retryable_flag[build-True]
tests/test_project_bugfix_20260715.py::test_job_retryable_flag[voice-True]
tests/test_project_bugfix_20260715.py::test_job_retryable_flag[qc-False]
tests/test_project_bugfix_20260715.py::test_job_retryable_flag[export-False]
tests/test_project_bugfix_20260715.py::test_job_retryable_flag[repair-False]
tests/test_project_bugfix_20260715.py::test_job_retryable_flag[ingest-False]
tests/test_project_bugfix_20260715.py::test_register_voice_take_exclusive
tests/test_project_bugfix_20260715.py::test_library_set_tags_and_note
tests/test_project_bugfix_20260715.py::test_checked_shot_write_uses_cas_snapshot
tests/test_project_bugfix_r2_20260715.py::test_webclient_return_status_option_documented
tests/test_project_bugfix_r2_20260715.py::test_common_post_uses_return_status
tests/test_project_bugfix_r2_20260715.py::test_synthesize_locale_voices_hold_lock_false_under_outer
tests/test_project_bugfix_r2_20260715.py::test_run_qc_accepts_final_path
tests/test_project_bugfix_r2_20260715.py::test_register_take_exclusive
tests/test_prompt.py::test_override_returned_verbatim
tests/test_prompt.py::test_empty_override_falls_through_to_compilation
tests/test_prompt.py::test_default_template_contains_key_fields
tests/test_prompt.py::test_locked_keys_excluded_from_excerpts
tests/test_prompt.py::test_default_layout_skips_empty_sections
tests/test_prompt.py::test_custom_template_missing_placeholder_is_blank_not_keyerror
tests/test_prompt.py::test_custom_template_uses_prefixed_quality_fields
tests/test_prompt.py::test_determinism_independent_of_bible_key_order
tests/test_promptlab.py::test_bundle_prompts_equal_build_path
tests/test_promptlab.py::test_image_prompt_drops_action_and_dialogue_keeps_picture
tests/test_promptlab.py::test_negative_prompt_is_the_avoid_list
tests/test_promptlab.py::test_bundle_is_json_serialisable_and_has_all_sections
tests/test_promptlab.py::test_cost_field_present
tests/test_promptlab.py::test_routing_trace_fallback
tests/test_promptlab.py::test_routing_trace_explicit
tests/test_promptlab.py::test_routing_trace_rule
tests/test_promptlab.py::test_routing_broken_file_is_honest_note_not_crash
tests/test_promptlab.py::test_references_records_tier_lineage
tests/test_promptlab.py::test_split_clauses_cjk
tests/test_promptlab.py::test_split_clauses_english
tests/test_promptlab.py::test_split_clauses_mixed_and_leading_marker
tests/test_promptlab.py::test_split_clauses_empty
tests/test_promptlab.py::test_and_word_boundary_does_not_split_inside_words
tests/test_promptlab.py::test_too_many_actions_warns_and_proposes_split
tests/test_promptlab.py::test_two_actions_is_not_too_many
tests/test_promptlab.py::test_check_reads_prompt_override_when_both_are_set
tests/test_promptlab.py::test_check_falls_back_to_action_main_when_no_override
tests/test_promptlab.py::test_check_ignores_whitespace_only_override
tests/test_promptlab.py::test_motion_path_counting_and_warning
tests/test_promptlab.py::test_excessive_duration_for_provider_warns_and_splits
tests/test_promptlab.py::test_no_manifest_ceiling_skips_duration_check_honestly
tests/test_promptlab.py::test_split_suggestion_is_deterministic
tests/test_promptlab.py::test_prompt_check_clean_exits_zero
tests/test_promptlab.py::test_prompt_check_warning_exits_nonzero
tests/test_promptlab.py::test_check_all_tags_shot_ids
tests/test_promptlab.py::test_prompt_cli_json_and_human
tests/test_promptlab.py::test_prompt_cli_unknown_shot_is_clean_failure
tests/test_properties.py::test_hash_value_is_key_order_blind
tests/test_properties.py::test_canonical_json_round_trips
tests/test_properties.py::test_get_by_path_finds_every_top_level_key
tests/test_properties.py::test_jsonpath_list_indexing
tests/test_properties.py::test_snap_is_idempotent
tests/test_properties.py::test_snap_lands_on_whole_frames
tests/test_properties.py::test_snap_is_monotone
tests/test_properties.py::test_split_caption_loses_no_characters
tests/test_properties.py::test_split_caption_respects_budget
tests/test_properties.py::test_srt_emit_parse_identity
tests/test_proposal_paths.py::test_slugify_preserves_cjk_and_falls_back_for_empty_titles
tests/test_proposal_paths.py::test_claim_uses_existing_number_hint_and_exclusive_create
tests/test_proposal_paths.py::test_concurrent_claims_get_distinct_numbers
tests/test_provider_authoring_evidence.py::test_missing_evidence_remains_unknown
tests/test_provider_authoring_evidence.py::test_current_evidence_requires_traceability[verified_on-active]
tests/test_provider_authoring_evidence.py::test_current_evidence_requires_traceability[verified_on-provisional]
tests/test_provider_authoring_evidence.py::test_current_evidence_requires_traceability[verification_kind-active]
tests/test_provider_authoring_evidence.py::test_current_evidence_requires_traceability[verification_kind-provisional]
tests/test_provider_authoring_evidence.py::test_current_evidence_requires_traceability[source_refs-active]
tests/test_provider_authoring_evidence.py::test_current_evidence_requires_traceability[source_refs-provisional]
tests/test_provider_authoring_evidence.py::test_non_current_evidence_never_drives_current_advice[stale]
tests/test_provider_authoring_evidence.py::test_non_current_evidence_never_drives_current_advice[archived]
tests/test_provider_authoring_evidence.py::test_non_current_evidence_never_drives_current_advice[unknown]
tests/test_provider_authoring_evidence.py::test_traceable_current_evidence_is_available[active]
tests/test_provider_authoring_evidence.py::test_traceable_current_evidence_is_available[provisional]
tests/test_provider_authoring_evidence.py::test_authoring_evidence_does_not_change_machine_profile_identity
tests/test_provider_authoring_evidence.py::test_authoring_cannot_duplicate_manifest_owned_facts[capabilities]
tests/test_provider_authoring_evidence.py::test_authoring_cannot_duplicate_manifest_owned_facts[limits]
tests/test_provider_authoring_evidence.py::test_authoring_cannot_duplicate_manifest_owned_facts[refs]
tests/test_provider_authoring_evidence.py::test_authoring_cannot_duplicate_manifest_owned_facts[cost]
tests/test_provider_authoring_evidence.py::test_authoring_cannot_duplicate_manifest_owned_facts[adapter]
tests/test_provider_authoring_evidence.py::test_show_check_and_doctor_report_evidence_status
tests/test_provider_authoring_evidence.py::test_show_projects_absent_authoring_as_unknown
tests/test_provider_authoring_evidence.py::test_show_projects_implicit_status_as_unknown[None]
tests/test_provider_authoring_evidence.py::test_show_projects_implicit_status_as_unknown[authoring1]
tests/test_provider_death_drill.py::test_generic_tts_scaffold_teaches_a_placeholder_that_exists
tests/test_provider_death_drill.py::test_generic_tts_scaffold_is_honest_about_job_id_path
tests/test_provider_death_drill.py::test_voice_batch_with_failures_exits_nonzero[False]
tests/test_provider_death_drill.py::test_voice_batch_with_failures_exits_nonzero[True]
tests/test_provider_death_drill.py::test_redo_batch_with_failures_exits_nonzero[False]
tests/test_provider_death_drill.py::test_redo_batch_with_failures_exits_nonzero[True]
tests/test_provider_death_drill.py::test_all_green_batch_still_exits_zero
tests/test_provider_death_drill.py::test_canceled_batch_without_failures_exits_zero
tests/test_provider_death_drill.py::test_batch_provider_failure_lands_in_the_failures_store
tests/test_provider_death_drill.py::test_unresolved_submission_block_is_not_rerecorded_as_failure
tests/test_provider_death_drill.py::test_single_voice_provider_failure_is_one_line_not_a_traceback
tests/test_provider_death_drill.py::test_single_voice_provider_failure_json_carries_the_code
tests/test_provider_death_drill.py::test_providers_check_names_the_validation_error_not_no_such
tests/test_provider_death_drill.py::test_providers_check_still_says_no_such_for_truly_absent
tests/test_providers_robustness_scan.py::test_canonical_params_scrubs_secret_nested_in_list
tests/test_providers_robustness_scan.py::test_poll_non_utf8_body_returns_failed_not_crash
tests/test_providers_robustness_scan.py::test_stock_non_object_json_body_is_recorded_failure
tests/test_providers_robustness_scan.py::test_stock_unreadable_json_body_is_recorded_failure
tests/test_providers_robustness_scan.py::test_stock_rendition_missing_link_does_not_crash
tests/test_providers_routing.py::test_scaffold_round_trips_and_marks_fields[comfyui]
tests/test_providers_routing.py::test_scaffold_round_trips_and_marks_fields[edge]
tests/test_providers_routing.py::test_scaffold_round_trips_and_marks_fields[edge_tts]
tests/test_providers_routing.py::test_scaffold_round_trips_and_marks_fields[generic_asr]
tests/test_providers_routing.py::test_scaffold_round_trips_and_marks_fields[generic_cloud]
tests/test_providers_routing.py::test_scaffold_round_trips_and_marks_fields[generic_tts]
tests/test_providers_routing.py::test_scaffold_round_trips_and_marks_fields[local_cmd]
tests/test_providers_routing.py::test_scaffold_unknown_adapter_raises
tests/test_providers_routing.py::test_add_scaffolds_and_refuses_overwrite
tests/test_providers_routing.py::test_add_rejects_bad_type
tests/test_providers_routing.py::test_provider_commands_refuse_traversal_id[cmd0]
tests/test_providers_routing.py::test_provider_commands_refuse_traversal_id[cmd1]
tests/test_providers_routing.py::test_provider_commands_refuse_traversal_id[cmd2]
tests/test_providers_routing.py::test_provider_commands_refuse_traversal_id[cmd3]
tests/test_providers_routing.py::test_list_reports_key_state_and_enabled_never_value
tests/test_providers_routing.py::test_list_shows_disabled
tests/test_providers_routing.py::test_show_masks_secret_values_keeps_env_name
tests/test_providers_routing.py::test_show_masks_common_header_names_case_insensitively
tests/test_providers_routing.py::test_show_scrubs_secret_query_params_inside_url_values
tests/test_providers_routing.py::test_enable_disable_preserves_comments
tests/test_providers_routing.py::test_toggle_unknown_provider_errors
tests/test_providers_routing.py::test_disabled_excluded_from_fallback_chain
tests/test_providers_routing.py::test_disabled_explicit_provider_is_build_error
tests/test_providers_routing.py::test_every_builtin_strategy_resolves[default]
tests/test_providers_routing.py::test_every_builtin_strategy_resolves[local_only]
tests/test_providers_routing.py::test_every_builtin_strategy_resolves[cheapest]
tests/test_providers_routing.py::test_every_builtin_strategy_resolves[quality_first]
tests/test_providers_routing.py::test_cheapest_orders_by_per_second
tests/test_providers_routing.py::test_cheapest_weighs_per_call_and_duration_not_just_per_second
tests/test_providers_routing.py::test_quality_first_priority_list
tests/test_providers_routing.py::test_resolution_explicit_wins_over_rule
tests/test_providers_routing.py::test_rule_fires_over_else_and_names_fired_rule
tests/test_providers_routing.py::test_fallback_is_always_the_safety_net
tests/test_providers_routing.py::test_pin_absent_routing_file_returns_none
tests/test_providers_routing.py::test_pin_default_strategy_matches_fallback_chain_order
tests/test_providers_routing.py::test_unknown_match_key_is_clean_error_not_silent_false
tests/test_providers_routing.py::test_rule_without_use_errors
tests/test_providers_routing.py::test_unknown_strategy_errors
tests/test_providers_routing.py::test_match_fields_evaluate_against_shot
tests/test_providers_routing.py::test_auto_duration_never_matches_numeric_bounds
tests/test_providers_routing.py::test_project_routing_wins_over_user
tests/test_providers_routing.py::test_user_file_used_when_no_project_file
tests/test_providers_routing.py::test_user_defined_strategy_visible_and_overridable
tests/test_providers_routing.py::test_live_probe_comfyui_uses_system_stats
tests/test_providers_routing.py::test_live_probe_unreachable_is_false
tests/test_providers_routing.py::test_live_probe_generic_skips_without_ping_url
tests/test_providers_routing.py::test_live_probe_generic_uses_ping_url_when_set
tests/test_providers_routing.py::test_check_reports_problem_and_fix_hint
tests/test_providers_routing.py::test_check_unknown_provider_errors
tests/test_providers_routing.py::test_route_list_marks_active_and_lists_builtins
tests/test_pullsheet_plan_detail.py::test_plan_names_the_shot_and_fields_it_would_change
tests/test_pullsheet_plan_detail.py::test_an_unchanged_sheet_stays_quiet
tests/test_pullsheet_plan_detail.py::test_plan_still_writes_nothing
tests/test_pullsheet_plan_detail.py::test_apply_still_lands_the_change
tests/test_qc_agent.py::test_qc_brief_structure
tests/test_qc_agent.py::test_qc_brief_skips_shots_without_a_take
tests/test_qc_agent.py::test_verdict_roundtrip_surfaces_ai_items
tests/test_qc_agent.py::test_verdict_goes_stale_when_take_regenerated
tests/test_qc_agent.py::test_malformed_jsonl_line_skipped
tests/test_qc_agent.py::test_unknown_shot_rejected
tests/test_qc_agent.py::test_bad_level_rejected
tests/test_qc_agent.py::test_empty_criterion_rejected
tests/test_qc_agent.py::test_empty_message_rejected
tests/test_qc_agent.py::test_legacy_empty_criterion_findings_do_not_overwrite_each_other
tests/test_qc_agent.py::test_cli_brief_json
tests/test_qc_agent.py::test_cli_verdict_from_stdin
tests/test_qc_agent.py::test_cli_bare_qc_still_runs
tests/test_qc_assurance_summary.py::test_every_real_state_has_a_gloss[not_reviewable]
tests/test_qc_assurance_summary.py::test_every_real_state_has_a_gloss[no_explicit_expectations]
tests/test_qc_assurance_summary.py::test_every_real_state_has_a_gloss[unreviewed]
tests/test_qc_assurance_summary.py::test_every_real_state_has_a_gloss[legacy_reviewed]
tests/test_qc_assurance_summary.py::test_every_real_state_has_a_gloss[stale]
tests/test_qc_assurance_summary.py::test_every_real_state_has_a_gloss[rejected]
tests/test_qc_assurance_summary.py::test_every_real_state_has_a_gloss[unknown]
tests/test_qc_assurance_summary.py::test_every_real_state_has_a_gloss[accepted]
tests/test_qc_assurance_summary.py::test_no_gloss_invents_a_state
tests/test_qc_assurance_summary.py::test_the_machine_token_survives_next_to_the_gloss
tests/test_qc_assurance_summary.py::test_an_all_clean_run_says_it_is_not_a_problem
tests/test_qc_assurance_summary.py::test_a_fully_accepted_run_does_not_nag
tests/test_qc_assurance_summary.py::test_a_run_with_findings_is_never_called_fine[rejected]
tests/test_qc_assurance_summary.py::test_a_run_with_findings_is_never_called_fine[unknown]
tests/test_qc_assurance_summary.py::test_a_run_with_findings_is_never_called_fine[stale]
tests/test_qc_assurance_summary.py::test_findings_still_list_their_shot_and_reason
tests/test_qc_assurance_summary.py::test_an_empty_assurance_list_prints_nothing
tests/test_qc_consistency.py::test_consistency_units_character_pair_scene
tests/test_qc_consistency.py::test_consistency_shots_filter_scopes_units
tests/test_qc_consistency.py::test_qc_brief_invalid_mode_raises
tests/test_qc_consistency.py::test_grid_dims_supports_pair_board
tests/test_qc_consistency.py::test_consistency_board_composed_labeled_and_cached
tests/test_qc_consistency.py::test_consistency_board_degrades_without_crashing_when_compose_fails
tests/test_qc_consistency.py::test_unit_verdict_roundtrip_surfaces_ai_item
tests/test_qc_consistency.py::test_unit_verdict_stales_when_any_member_regenerates
tests/test_qc_consistency.py::test_unit_verdict_unknown_unit_rejected
tests/test_qc_consistency.py::test_unit_verdict_requires_criterion_and_message
tests/test_qc_consistency.py::test_qc_coverage_states
tests/test_qc_consistency.py::test_qc_coverage_summary_counts_are_consistent
tests/test_qc_consistency.py::test_run_qc_surfaces_one_coverage_gap_info_item
tests/test_qc_consistency.py::test_run_qc_no_gap_item_when_nothing_reviewable
tests/test_qc_consistency.py::test_cli_qc_brief_consistency_mode
tests/test_qc_consistency.py::test_cli_qc_coverage
tests/test_qc_consistency.py::test_cli_qc_brief_bad_mode_fails_cleanly
tests/test_qc_consistency.py::test_review_page_renders_consistency_section
tests/test_qc_consistency.py::test_review_page_consistency_empty_state
tests/test_qc_consistency.py::test_qc_verdict_endpoint_roundtrip_as_human
tests/test_qc_consistency.py::test_qc_verdict_endpoint_shot_scoped_also_works
tests/test_qc_consistency.py::test_qc_verdict_endpoint_guards
tests/test_qc_consistency.py::test_qc_verdict_endpoint_readonly_blocked
tests/test_qc_integrity_scan.py::test_extract_frame_failure_not_reported_as_success
tests/test_qc_integrity_scan.py::test_extract_frame_success_on_zero_returncode
tests/test_qc_integrity_scan.py::test_derive_action_final_duration_drift_is_human_review
tests/test_qc_integrity_scan.py::test_derive_action_audio_negative_duration_not_auto_safe[voice]
tests/test_qc_integrity_scan.py::test_derive_action_audio_negative_duration_not_auto_safe[music]
tests/test_qc_integrity_scan.py::test_derive_action_audio_negative_duration_not_auto_safe[sfx]
tests/test_qc_integrity_scan.py::test_derive_action_audio_negative_duration_not_auto_safe[ambient]
tests/test_qc_integrity_scan.py::test_derive_action_real_shot_shorter_still_redos
tests/test_qc_integrity_scan.py::test_accessibility_manual_srt_non_utf8_does_not_crash
tests/test_qc_integrity_scan.py::test_latest_run_id_survives_torn_multibyte
tests/test_qc_integrity_scan.py::test_agent_review_readers_survive_invalid_utf8
tests/test_quality_modes.py::test_resolve_mode_flag_beats_config_beats_none
tests/test_quality_modes.py::test_unknown_mode_raises_clean
tests/test_quality_modes.py::test_knobs_shape_matches_contract
tests/test_quality_modes.py::test_tier_section_fires_as_priority
tests/test_quality_modes.py::test_rule_can_match_tier
tests/test_quality_modes.py::test_explicit_rule_beats_tier_section
tests/test_quality_modes.py::test_malformed_tier_is_clean_error
tests/test_quality_modes.py::test_tier_absent_is_byte_identical
tests/test_quality_modes.py::test_tier_tagged_shot_no_routing_file_bypasses_module
tests/test_quality_modes.py::test_mode_bias_never_clobbers_explicit_or_rules
tests/test_quality_modes.py::test_else_bias_only_overrides_neutral_fallback
tests/test_quality_modes.py::test_request_max_retries_overrides_provider_default
tests/test_quality_modes.py::test_request_none_retries_keeps_provider_default
tests/test_quality_modes.py::test_concurrent_generate_deterministic_and_complete
tests/test_quality_modes.py::test_concurrent_generate_budget_trip_stops_new_submissions
tests/test_quality_modes.py::test_concurrent_generate_honors_provider_max_concurrent
tests/test_quality_modes.py::test_spend_gate_fires_before_any_submission
tests/test_quality_modes.py::test_spend_gate_yes_lets_concurrent_submissions_run
tests/test_quality_modes.py::test_concurrent_results_commit_in_plan_order
tests/test_quality_modes.py::test_no_mode_uses_serial_path
tests/test_quality_modes.py::test_routing_explain_structure_and_why
tests/test_quality_modes.py::test_routing_explain_tier_why
tests/test_quality_modes.py::test_routing_explain_mode_preview_biases_head
tests/test_quality_modes.py::test_routing_explain_cli_json
tests/test_quality_modes.py::test_routing_explain_cli_bad_mode
tests/test_quality_modes.py::test_build_mode_flag_validated
tests/test_quality_modes.py::test_project_yaml_build_mode_roundtrips
tests/test_quality_modes.py::test_build_mode_none_absent_from_saved_config
tests/test_ref_control_projection.py::test_no_declared_transfer_keeps_legacy_prompt
tests/test_ref_control_projection.py::test_identity_control_suppresses_identity_description
tests/test_ref_control_projection.py::test_costume_control_suppresses_costume_description
tests/test_ref_control_projection.py::test_costume_control_suppresses_ambiguous_appearance_prose
tests/test_ref_control_projection.py::test_location_control_suppresses_location_bible
tests/test_ref_control_projection.py::test_motion_control_preserves_intent_and_endpoint
tests/test_ref_control_projection.py::test_framing_control_does_not_suppress_camera_movement
tests/test_ref_control_projection.py::test_lighting_control_suppresses_fixed_bible_lighting
tests/test_ref_control_projection.py::test_ignore_never_claims_control
tests/test_ref_control_projection.py::test_closed_role_conflict_blocks_before_transport
tests/test_ref_control_projection.py::test_prompt_override_is_never_rewritten
tests/test_refbudget.py::test_priority_order_keeps_high_tier_drops_scene
tests/test_refbudget.py::test_extra_angle_is_demoted_below_scene
tests/test_refbudget.py::test_allocation_is_deterministic
tests/test_refbudget.py::test_no_limit_is_byte_identical_allocation
tests/test_refbudget.py::test_classify_role_from_tier_and_bible
tests/test_refbudget.py::test_delivery_trims_and_records_budget
tests/test_refbudget.py::test_delivery_no_budget_is_byte_identical
tests/test_refbudget.py::test_delivery_single_image_no_budget_unchanged
tests/test_refbudget.py::test_busy_background_flagged_clean_is_not
tests/test_refbudget.py::test_lighting_conflict_across_refs
tests/test_refbudget.py::test_unclear_scale_low_resolution
tests/test_refbudget.py::test_extreme_aspect_ratio_flagged
tests/test_refbudget.py::test_needs_vision_advisories_fire_without_vendor
tests/test_refbudget.py::test_vision_vendor_runs_when_injected
tests/test_refs.py::test_tiering_params_over_shot_over_bible_over_dir
tests/test_refs.py::test_video_refs_and_url_refs
tests/test_refs.py::test_missing_declared_ref_is_recorded_not_silently_dropped
tests/test_refs.py::test_redo_params_override_drives_params_tier
tests/test_refs.py::test_assign_creates_and_sets
tests/test_refs.py::test_generic_cloud_base64_field_embeds_data_uri
tests/test_refs.py::test_generic_cloud_base64_raw_no_prefix_for_kling
tests/test_refs.py::test_generic_cloud_url_field_passes_url
tests/test_refs.py::test_generic_cloud_url_field_local_path_is_config_error
tests/test_refs.py::test_generic_cloud_missing_ref_errors_before_submit
tests/test_refs.py::test_absolute_ref_path_is_refused_not_read
tests/test_refs.py::test_escaping_relative_ref_path_is_refused
tests/test_refs.py::test_generic_cloud_absolute_ref_refuses_before_submit
tests/test_refs.py::test_generic_cloud_multipart_shape
tests/test_refs.py::test_generic_cloud_video_url_field
tests/test_refs.py::test_manifest_refs_validation
tests/test_refs.py::test_comfyui_upload_substitutes_loadimage_name
tests/test_refs.py::test_comfyui_upload_subfolder_join
tests/test_refs.py::test_comfyui_image_upload_without_ref_is_invalid
tests/test_refs.py::test_comfyui_raw_image_placeholder_stays_a_path
tests/test_refs.py::test_local_cmd_video_ref_placeholder_and_env
tests/test_refs.py::test_reliability_advisory_when_provider_drops_refs
tests/test_refs.py::test_reliability_tier_mismatch_when_zero_delivered
tests/test_refs.py::test_reliability_silent_when_delivered_ok
tests/test_refs.py::test_reliability_silent_for_generic_dir_fallback
tests/test_refs.py::test_encode_multipart_roundtrip_shape
tests/test_refs.py::test_encode_multipart_sanitizes_hostile_filename
tests/test_refs.py::test_refset_empty_defaults
tests/test_refs.py::test_report_shot_ref_owner_via_naming
tests/test_refs.py::test_report_character_ref_owner_via_naming
tests/test_refs.py::test_report_scene_ref_and_prop_ref_roles
tests/test_refs.py::test_report_bible_pin_on_nonconventional_filename
tests/test_refs.py::test_report_shot_declared_ref_without_naming_convention
tests/test_refs.py::test_report_shot_top_level_refs_field_is_traced
tests/test_refs.py::test_report_orphan
tests/test_refs.py::test_report_missing_bible_pointer
tests/test_refs.py::test_report_shot_wins_over_bible_on_ambiguous_naming
tests/test_refs.py::test_report_empty_refs_dir
tests/test_refs.py::test_report_deterministic_ordering
tests/test_refs.py::test_assign_ref_to_shot_renames_and_report_reflects_it
tests/test_refs.py::test_assign_ref_to_character_sets_ref_image
tests/test_refs.py::test_assign_ref_to_scene_and_prop
tests/test_refs.py::test_assign_ref_never_overwrites_additive_ref_image
tests/test_refs.py::test_assign_ref_repoints_existing_bible_pin_on_rename
tests/test_refs.py::test_assign_ref_noop_when_already_correctly_named
tests/test_refs.py::test_assign_ref_appends_ref_assign_event
tests/test_refs.py::test_assign_ref_requires_exactly_one_target[kwargs0]
tests/test_refs.py::test_assign_ref_requires_exactly_one_target[kwargs1]
tests/test_refs.py::test_assign_ref_refuses_missing_file
tests/test_refs.py::test_assign_ref_refuses_path_outside_refs_dir
tests/test_refs.py::test_assign_ref_refuses_escaping_path
tests/test_refs.py::test_assign_ref_refuses_unknown_shot
tests/test_refs.py::test_assign_ref_refuses_unknown_bible_asset
tests/test_refs.py::test_check_warns_on_orphan_refs
tests/test_refs.py::test_check_orphan_warning_disappears_after_assign
tests/test_refs.py::test_check_warns_on_missing_bible_ref_pointer
tests/test_refs.py::test_cli_refs_json_matches_refs_report
tests/test_refs.py::test_cli_refs_orphans_flag_filters
tests/test_refs.py::test_cli_refs_table_prints_orphan_count
tests/test_refs.py::test_cli_refs_assign_to_shot
tests/test_refs.py::test_cli_refs_assign_to_character
tests/test_refs.py::test_cli_refs_assign_refuses_no_target
tests/test_refs.py::test_cli_refs_assign_refuses_unknown_shot
tests/test_refs.py::test_cli_refs_shot_subcommand_still_resolves
tests/test_refs_gui.py::test_api_refs_roundtrips_report
tests/test_refs_gui.py::test_api_refs_empty_project_roundtrips
tests/test_refs_gui.py::test_api_refs_assign_happy_path_renames_and_report_reflects_it
tests/test_refs_gui.py::test_api_refs_assign_to_bible_asset_sets_ref_image
tests/test_refs_gui.py::test_api_refs_assign_bad_request_is_a_clean_400
tests/test_refs_gui.py::test_api_refs_assign_busy_under_build_lock_no_mutation
tests/test_render_failure_points_at_evidence.py::test_without_a_preserved_scratch_the_hint_is_unchanged
tests/test_render_failure_points_at_evidence.py::test_with_a_preserved_scratch_the_hint_names_it
tests/test_render_failure_points_at_evidence.py::test_it_names_the_stage_that_actually_has_evidence
tests/test_render_failure_points_at_evidence.py::test_several_stages_are_all_named
tests/test_render_failure_points_at_evidence.py::test_stage_names_are_deterministic
tests/test_render_failure_points_at_evidence.py::test_an_unreadable_runtime_dir_falls_back_quietly
tests/test_render_failure_points_at_evidence.py::test_the_immediate_error_line_carries_it_too
tests/test_render_failure_points_at_evidence.py::test_the_recorded_failure_carries_it
tests/test_render_scratch_preserved.py::test_a_successful_scope_deletes_the_scratch_exactly_as_before
tests/test_render_scratch_preserved.py::test_a_successful_scope_preserves_nothing
tests/test_render_scratch_preserved.py::test_the_inputs_survive_the_failure
tests/test_render_scratch_preserved.py::test_the_scratch_itself_is_still_cleaned_up
tests/test_render_scratch_preserved.py::test_it_lands_under_the_disposable_runtime_dir
tests/test_render_scratch_preserved.py::test_the_preserved_evidence_can_never_be_committed
tests/test_render_scratch_preserved.py::test_the_original_exception_is_re_raised_unchanged
tests/test_render_scratch_preserved.py::test_nested_stages_do_not_clobber_each_other
tests/test_render_scratch_preserved.py::test_a_new_failure_replaces_the_previous_one_for_that_stage
tests/test_render_scratch_preserved.py::test_a_survivor_of_a_blocked_wipe_is_removed
tests/test_render_scratch_preserved.py::test_an_undeletable_survivor_is_at_least_named
tests/test_render_scratch_preserved.py::test_a_cancellation_preserves_nothing
tests/test_render_scratch_preserved.py::test_a_keyboard_interrupt_preserves_nothing
tests/test_render_scratch_preserved.py::test_an_oversized_file_is_not_copied
tests/test_render_scratch_preserved.py::test_an_oversized_file_is_named_rather_than_silently_dropped
tests/test_render_scratch_preserved.py::test_the_total_budget_is_enforced
tests/test_render_scratch_preserved.py::test_the_budget_keeps_the_cheap_evidence_first
tests/test_render_scratch_preserved.py::test_a_budget_skip_says_it_was_the_budget
tests/test_render_scratch_preserved.py::test_the_manifest_rows_stay_in_path_order
tests/test_render_scratch_preserved.py::test_the_manifest_lists_every_kept_file_with_its_size
tests/test_render_scratch_preserved.py::test_the_manifest_says_the_directory_is_disposable
tests/test_render_scratch_preserved.py::test_the_manifest_records_the_failing_stage_and_when
tests/test_render_scratch_preserved.py::test_a_note_points_at_the_preserved_directory
tests/test_render_scratch_preserved.py::test_the_note_is_a_degradation_not_a_second_error
tests/test_render_scratch_preserved.py::test_the_log_line_names_the_directory
tests/test_render_scratch_preserved.py::test_a_preserve_failure_never_masks_the_real_error
tests/test_render_scratch_preserved.py::test_a_note_failure_never_masks_the_real_error
tests/test_render_scratch_preserved.py::test_render_has_exactly_one_scratch_owner
tests/test_render_scratch_preserved.py::test_every_render_scratch_is_the_owner
tests/test_review_queue.py::test_queue_toolbar_renders_filter_chips_and_toggle
tests/test_review_queue.py::test_shot_carries_buildstate_and_review_attributes
tests/test_review_queue.py::test_approved_review_state_reflected_in_buildstate_attrs
tests/test_review_queue.py::test_alt_take_preview_is_lazy_not_eager
tests/test_review_queue.py::test_take_preview_source_actually_serves
tests/test_review_queue.py::test_approve_round_trip_through_existing_checked_path
tests/test_review_queue.py::test_note_round_trip_marks_reviewed
tests/test_review_queue.py::test_select_different_take_round_trip
tests/test_review_queue.py::test_queue_actions_require_token
tests/test_review_queue.py::test_queue_actions_refused_readonly
tests/test_review_round_n.py::test_newest_final_path_is_numeric_past_v9
tests/test_review_round_n.py::test_newest_final_path_none_when_empty
tests/test_review_round_n.py::test_check_flags_malformed_packaging_yaml
tests/test_review_round_n.py::test_check_flags_malformed_rules_yaml
tests/test_review_round_n.py::test_title_card_starts_after_intro
tests/test_review_round_n.py::test_title_card_still_at_zero_without_intro
tests/test_review_round_n.py::test_sfx_past_film_end_is_skipped
tests/test_review_round_n.py::test_qc_warns_on_past_end_sfx_anchor
tests/test_review_round_n.py::test_ass_fontsize_fits_declared_chars
tests/test_review_round_n.py::test_ass_explicit_size_beats_the_fit
tests/test_rework_freedom.py::test_actionable_notes_counts_info_with_a_suggestion_only
tests/test_rework_freedom.py::test_actionable_notes_accepts_dicts_too
tests/test_rework_freedom.py::test_qc_summary_line_names_actionable_notes
tests/test_rework_freedom.py::test_status_qc_block_carries_the_note_count
tests/test_rework_freedom.py::test_changing_the_aspect_surfaces_the_reauthor_advice
tests/test_rework_freedom.py::test_ctrl_c_is_answered_on_every_platform[build]
tests/test_rework_freedom.py::test_ctrl_c_is_answered_on_every_platform[redo]
tests/test_rework_freedom.py::test_ctrl_c_is_answered_on_every_platform[voice]
tests/test_rework_freedom.py::test_ctrl_c_on_a_real_build_process
tests/test_rework_freedom.py::test_the_cancel_line_is_one_owner
tests/test_round5.py::test_html_card_video
tests/test_round5.py::test_caption_card_prefers_html
tests/test_round5.py::test_caption_card_drawtext_fallback
tests/test_round5.py::test_import_generates_previews
tests/test_round5.py::test_captions_manual_mode
tests/test_round5.py::test_schema_command
tests/test_round5.py::test_qc_command_prints_report_path
tests/test_round5.py::test_unlock_normalizes_list_locks
tests/test_round5.py::test_status_surfaces_pending_jobs
tests/test_round5.py::test_status_never_sums_across_currencies
tests/test_round_a.py::test_proxy_build_is_idempotent
tests/test_round_a.py::test_proxy_reencodes_when_content_changes
tests/test_round_a.py::test_qc_names_frame_grid_for_off_grid_timeline
tests/test_round_a.py::test_qc_no_grid_hint_for_compiled_timeline
tests/test_round_a.py::test_captions_manual_mode_build_stays_idempotent
tests/test_round_a.py::test_kenburns_generic_ref_advisory
tests/test_round_q.py::test_garbled_reason_heuristics
tests/test_round_q.py::test_garbled_captions_fires_on_compiled_caption
tests/test_round_q.py::test_garbled_captions_clean_is_silent
tests/test_round_q.py::test_garbled_manual_srt_fires
tests/test_round_q.py::test_conflict_overlapping_video_clips
tests/test_round_q.py::test_conflict_transition_overlap_allowed
tests/test_round_q.py::test_conflict_zero_duration_clip
tests/test_round_q.py::test_conflict_caption_overlap_error_vs_warn
tests/test_round_q.py::test_conflict_clean_sequential_timeline_silent
tests/test_round_q.py::test_silent_voice_fires
tests/test_round_q.py::test_tone_voice_is_clean
tests/test_round_q.py::test_clipping_voice_warns
tests/test_round_q.py::test_voice_checks_wired_into_run_qc
tests/test_round_q.py::test_retime_take
tests/test_round_q.py::test_extend_take[freeze]
tests/test_round_q.py::test_extend_take[pad_black]
tests/test_round_q.py::test_trim_take
tests/test_round_q.py::test_crop_pad_take[center_crop]
tests/test_round_q.py::test_crop_pad_take[pad_blur]
tests/test_round_q.py::test_retime_extreme_factor_chains_atempo
tests/test_round_q.py::test_cli_repair_op_creates_take
tests/test_round_q.py::test_cli_repair_op_extend_requires_ms
tests/test_round_q.py::test_cli_repair_auto_path_unchanged
tests/test_round_q.py::test_repair_auto_consumes_real_plan_actions
tests/test_round_q_misc.py::test_import_txt_lands_in_story_imports_as_md
tests/test_round_q_misc.py::test_import_md_lands_in_story_imports
tests/test_round_q_misc.py::test_import_media_still_lands_in_media_imports
tests/test_round_q_misc.py::test_import_mixed_batch_routes_each_file
tests/test_round_q_misc.py::test_import_text_no_overwrite_suffixing
tests/test_round_q_misc.py::test_import_text_human_output_prints_adapt_hint
tests/test_round_q_misc.py::test_create_scaffolds_props_and_voices
tests/test_round_q_misc.py::test_load_bible_merges_props_and_voices
tests/test_round_q_misc.py::test_check_verifies_props_bible_locks
tests/test_round_q_misc.py::test_check_verifies_voices_bible_locks
tests/test_round_q_misc.py::test_appearances_json_lists_refs_orphans_missing
tests/test_round_q_misc.py::test_appearances_missing_char_is_also_a_check_error
tests/test_round_q_misc.py::test_appearances_human_table
tests/test_round_q_misc.py::test_tasks_json_shape_and_status_mapping
tests/test_round_q_misc.py::test_tasks_spend_by_provider_sums_to_project_total
tests/test_round_q_misc.py::test_tasks_respects_limit_n
tests/test_round_q_misc.py::test_tasks_empty_ledger_is_clean
tests/test_round_q_misc.py::test_tasks_human_output_has_footer
tests/test_round_t.py::test_set_inout_frame_accurate_and_lineage
tests/test_round_t.py::test_set_inout_append_only_source_untouched
tests/test_round_t.py::test_set_inout_probe_validation
tests/test_round_t.py::test_set_inout_arg_validation_no_ffmpeg
tests/test_round_t.py::test_extract_frame_caches_same_path_no_reencode
tests/test_round_t.py::test_extract_frame_distinct_at_ms_distinct_files
tests/test_round_t.py::test_extract_frame_clamps_past_end
tests/test_round_t.py::test_extract_frame_past_end_requests_share_one_cache_entry
tests/test_round_t.py::test_extract_frame_width_resize
tests/test_round_t.py::test_extract_frame_rejects_missing_source
tests/test_round_t.py::test_frame_strip_count_spacing_and_width
tests/test_round_t.py::test_frame_strip_is_cached
tests/test_round_t.py::test_cli_repair_op_inout
tests/test_round_t.py::test_cli_repair_op_inout_requires_bounds
tests/test_round_t.py::test_cli_frames_at_and_strip
tests/test_round_t.py::test_cli_frames_missing_source_fails
tests/test_round_w.py::test_atomic_write_text_fsyncs_parent_directory
tests/test_round_w.py::test_fsync_dir_degrades_silently_when_os_open_fails
tests/test_round_w.py::test_build_auto_select_skips_locked_selected_take
tests/test_round_w.py::test_build_auto_select_still_fills_unlocked_gaps
tests/test_round_w.py::test_build_auto_select_never_overturns_an_existing_selection
tests/test_round_w_agent_wb.py::TestProjectConfigBounds::test_fps_zero_rejected
tests/test_round_w_agent_wb.py::TestProjectConfigBounds::test_width_negative_rejected
tests/test_round_w_agent_wb.py::TestProjectConfigBounds::test_height_zero_rejected
tests/test_round_w_agent_wb.py::TestProjectConfigBounds::test_positive_dims_ok_byte_identical_default
tests/test_round_w_agent_wb.py::TestGenerationCandidates::test_zero_candidates_rejected
tests/test_round_w_agent_wb.py::TestGenerationCandidates::test_negative_candidates_rejected
tests/test_round_w_agent_wb.py::TestGenerationCandidates::test_default_candidates_ok
tests/test_round_w_agent_wb.py::TestShotDuration::test_zero_duration_rejected
tests/test_round_w_agent_wb.py::TestShotDuration::test_negative_duration_rejected
tests/test_round_w_agent_wb.py::TestShotDuration::test_auto_still_legal
tests/test_round_w_agent_wb.py::TestShotDuration::test_positive_numeric_duration_ok
tests/test_round_w_agent_wb.py::TestTransitionAndCaptionBounds::test_negative_transition_duration_rejected
tests/test_round_w_agent_wb.py::TestTransitionAndCaptionBounds::test_zero_transition_duration_ok
tests/test_round_w_agent_wb.py::TestTransitionAndCaptionBounds::test_caption_max_chars_zero_rejected
tests/test_round_w_agent_wb.py::TestTransitionAndCaptionBounds::test_caption_max_lines_zero_rejected
tests/test_round_w_agent_wb.py::TestTimelineClipBounds::test_video_clip_zero_duration_still_loads
tests/test_round_w_agent_wb.py::TestTimelineClipBounds::test_video_clip_positive_duration_ok
tests/test_round_w_agent_wb.py::TestTimelineClipBounds::test_audio_clip_negative_duration_still_loads
tests/test_round_w_agent_wb.py::TestTimelineClipBounds::test_audio_clip_none_duration_still_legal
tests/test_round_w_agent_wb.py::TestTimelineClipBounds::test_timeline_fps_zero_still_loads
tests/test_round_w_agent_wb.py::TestTimelineClipBounds::test_timeline_width_zero_still_loads
tests/test_round_w_agent_wb.py::TestTimelineClipBounds::test_healthy_compiled_timeline_round_trips
tests/test_round_w_agent_wb.py::test_qc_flags_nonpositive_timeline_fps_and_resolution
tests/test_round_w_agent_wb.py::test_qc_flags_negative_audio_clip_duration
tests/test_round_w_agent_wb.py::TestFrameSnapAndCaptionGuards::test_snap_to_frame_grid_zero_fps_does_not_crash
tests/test_round_w_agent_wb.py::TestFrameSnapAndCaptionGuards::test_snap_to_frame_grid_negative_fps_does_not_crash
tests/test_round_w_agent_wb.py::TestFrameSnapAndCaptionGuards::test_snap_to_frame_grid_positive_fps_unchanged
tests/test_round_w_agent_wb.py::TestFrameSnapAndCaptionGuards::test_split_caption_zero_budget_terminates
tests/test_round_w_agent_wb.py::TestFrameSnapAndCaptionGuards::test_split_caption_normal_budget_unaffected
tests/test_round_w_agent_wb.py::TestTakeSidecarWindow::test_negative_in_rejected
tests/test_round_w_agent_wb.py::TestTakeSidecarWindow::test_reversed_window_rejected
tests/test_round_w_agent_wb.py::TestTakeSidecarWindow::test_zero_length_window_rejected
tests/test_round_w_agent_wb.py::TestTakeSidecarWindow::test_legal_window_ok
tests/test_round_w_agent_wb.py::TestTakeSidecarWindow::test_default_whole_file_window_ok
tests/test_round_w_agent_wb.py::test_hand_edited_reversed_window_degrades_safely_and_is_flagged
tests/test_round_w_agent_wb.py::test_selected_broken_take_is_reported_by_check
tests/test_round_w_agent_wb.py::test_selected_broken_take_marks_shot_broken
tests/test_round_w_agent_wb.py::test_compile_names_bad_window_never_squashes_to_1ms
tests/test_round_w_agent_wb.py::test_compiler_guard_rejects_reversed_window_directly
tests/test_round_w_agent_wb.py::test_build_gen_typo_fails_clean
tests/test_round_w_agent_wb.py::test_build_gen_typo_json_reports_error_not_traceback
tests/test_round_w_agent_wb.py::test_build_gen_off_still_skips_generation
tests/test_round_w_agent_wb.py::test_run_build_centralizes_gen_validation_for_every_caller
tests/test_round_w_agent_wb.py::test_director_action_still_rejects_bad_gen
tests/test_round_w_agent_wb.py::test_pack_json
tests/test_round_w_agent_wb.py::test_unpack_json
tests/test_round_w_agent_wb.py::test_pack_without_json_unaffected
tests/test_round_w_agent_wb.py::TestManifestBounds::test_zero_rate_limit_rejected
tests/test_round_w_agent_wb.py::TestManifestBounds::test_zero_max_concurrent_rejected
tests/test_round_w_agent_wb.py::TestManifestBounds::test_negative_cost_rejected
tests/test_round_w_agent_wb.py::TestManifestBounds::test_negative_per_second_rejected
tests/test_round_w_agent_wb.py::TestManifestBounds::test_zero_cost_still_legal
tests/test_round_w_agent_wb.py::TestManifestBounds::test_default_limits_still_legal
tests/test_round_w_agent_wb.py::test_broken_manifest_fails_load_with_error_surfaced
tests/test_round_w_agent_wb.py::test_doctor_surfaces_broken_manifest
tests/test_round_w_agent_wb.py::TestEpisodeIdOnLoad::test_path_escaping_id_rejected_on_construct
tests/test_round_w_agent_wb.py::TestEpisodeIdOnLoad::test_slash_in_id_rejected
tests/test_round_w_agent_wb.py::TestEpisodeIdOnLoad::test_legal_e_number_id_ok
tests/test_round_w_agent_wb.py::TestEpisodeIdOnLoad::test_legal_slug_id_ok
tests/test_round_w_agent_wb.py::test_series_load_rejects_hand_edited_bad_id
tests/test_round_w_agent_wb.py::test_series_status_cli_fails_clean_not_traceback
tests/test_round_w_agent_wb.py::test_new_episode_still_rejects_bad_id_before_scaffolding
tests/test_round_w_agent_wb.py::test_status_uses_numeric_newest_final_past_v9
tests/test_round_w_agent_wb.py::test_status_matches_project_numeric_resolver
tests/test_round_w_agent_wb.py::test_gui_state_version_stack_numeric_order_past_v9
tests/test_round_w_agent_wb.py::test_build_target_qc_names_the_existing_final
tests/test_round_w_agent_wb.py::test_build_target_qc_with_no_final_reports_none
tests/test_round_w_agent_wb.py::test_cli_help_explains_qc_does_not_render
tests/test_round_w_meta.py::test_project_agent_template_refused
tests/test_round_w_meta.py::test_project_agent_known_name_still_works
tests/test_round_w_meta.py::test_flag_and_env_templates_stay_free_form
tests/test_round_w_meta.py::test_fail_json_argv_fallback
tests/test_round_w_meta.py::test_constraints_file_pins_core_deps
tests/test_round_y.py::test_media_exts_is_ordered_priority_tuple
tests/test_round_y.py::test_take_with_two_media_files_is_deterministic_and_flagged
tests/test_round_y.py::test_state_fingerprint_covers_routing_and_config
tests/test_round_y.py::test_confirmed_proposal_expires_when_routing_changes
tests/test_round_y.py::test_unpack_rejects_symlink_member
tests/test_round_y.py::test_unpack_rejects_traversal_member
tests/test_round_y.py::test_unpack_accepts_a_clean_archive
tests/test_roundtrip_baseline_absent.py::test_a_carrier_with_its_baseline_reports_a_real_verdict
tests/test_roundtrip_baseline_absent.py::test_a_carrier_without_its_baseline_says_unknown
tests/test_roundtrip_baseline_absent.py::test_the_json_still_carries_the_raw_fields
tests/test_roundtrip_baseline_absent.py::test_the_warning_is_absent_when_the_baseline_is_there
tests/test_roundtrip_needs_baseline.py::test_apply_is_refused_without_a_baseline
tests/test_roundtrip_needs_baseline.py::test_the_refusal_carries_a_machine_code
tests/test_roundtrip_needs_baseline.py::test_the_refusal_says_how_to_recover
tests/test_roundtrip_needs_baseline.py::test_planning_still_works_without_a_baseline
tests/test_roundtrip_needs_baseline.py::test_apply_still_works_with_the_baseline
tests/test_roundtrip_needs_baseline.py::test_the_warning_names_the_real_consequence
tests/test_roundtrip_needs_baseline.py::test_the_warning_is_absent_with_a_baseline
tests/test_roundtrip_needs_baseline.py::test_the_plan_really_does_differ_by_location
tests/test_runtime.py::test_record_run_returns_ids_and_run_log_is_newest_first
tests/test_runtime.py::test_total_cost_single_currency
tests/test_runtime.py::test_total_cost_mixed_currency_is_none
tests/test_runtime.py::test_total_cost_empty_ledger
tests/test_runtime.py::test_pending_jobs_filtering_and_close
tests/test_runtime.py::test_open_job_insert_or_replace_is_idempotent
tests/test_runtime.py::test_jobs_pk_is_provider_plus_remote_job_id
tests/test_runtime.py::test_legacy_single_column_jobs_table_migrates_cleanly
tests/test_runtime.py::test_runtime_state_rebuilds_from_scratch_after_manju_wiped
tests/test_runtime.py::test_rebuild_rederives_succeeded_runs_from_take_sidecars
tests/test_runtime.py::test_rebuild_prunes_stale_pending_jobs_only
tests/test_runtime.py::test_generate_legacy_pending_job_without_digest_fails_closed
tests/test_runtime.py::test_generate_fresh_submits_once_and_records_closed_job_and_cost
tests/test_runtime.py::test_generate_resolves_intent_on_success
tests/test_runtime.py::test_generate_resolves_intent_locally_on_submit_failure
tests/test_runtime.py::test_dangling_intent_from_earlier_crash_is_flagged_not_silent
tests/test_runtime.py::test_generate_records_failure_kind_and_closes_job
tests/test_runtime.py::test_generate_broken_runtime_state_fails_closed_before_paid_submit
tests/test_savings.py::test_fresh_take_is_reported_as_skipped
tests/test_savings.py::test_saved_cost_prices_the_fresh_cache_hit
tests/test_savings.py::test_manual_take_is_skipped_but_contributes_zero
tests/test_savings.py::test_missing_shot_is_not_a_cache_hit
tests/test_scaffold_hook.py::test_hook_refuses_non_repo
tests/test_scaffold_hook.py::test_hook_refuses_nonexistent_dir
tests/test_scaffold_hook.py::test_hook_installs_executable_with_marker
tests/test_scaffold_hook.py::test_hook_reinstall_over_own_marker_is_idempotent
tests/test_scaffold_hook.py::test_hook_preserves_foreign_pre_commit
tests/test_scaffold_hook.py::test_scaffold_creates_files_and_index_entries
tests/test_scaffold_hook.py::test_scaffold_passes_check_on_empty_bible_project
tests/test_scaffold_hook.py::test_scaffold_never_overwrites_existing_shot
tests/test_scaffold_hook.py::test_scaffold_start_offsets_ids
tests/test_scaffold_hook.py::test_scaffold_comments_survive_in_file_text
tests/test_scaffold_hook.py::test_scaffold_appends_without_duplicating_order
tests/test_scaffold_hook.py::test_scaffold_zero_or_negative_is_noop
tests/test_scaffold_line_endings.py::test_a_fresh_project_has_no_cr_anywhere
tests/test_scaffold_line_endings.py::test_each_named_scaffold_is_lf_only[timeline/packaging.yaml]
tests/test_scaffold_line_endings.py::test_each_named_scaffold_is_lf_only[timeline/rules.yaml]
tests/test_scaffold_line_endings.py::test_each_named_scaffold_is_lf_only[project.yaml]
tests/test_scaffold_line_endings.py::test_each_named_scaffold_is_lf_only[bible/characters.yaml]
tests/test_scaffold_line_endings.py::test_each_named_scaffold_is_lf_only[bible/scenes.yaml]
tests/test_scaffold_line_endings.py::test_each_named_scaffold_is_lf_only[bible/props.yaml]
tests/test_scaffold_line_endings.py::test_each_named_scaffold_is_lf_only[bible/style.yaml]
tests/test_scaffold_line_endings.py::test_each_named_scaffold_is_lf_only[bible/voices.yaml]
tests/test_scaffold_line_endings.py::test_each_named_scaffold_is_lf_only[story/brief.md]
tests/test_scaffold_line_endings.py::test_each_named_scaffold_is_lf_only[story/outline.md]
tests/test_scaffold_line_endings.py::test_each_named_scaffold_is_lf_only[story/script.md]
tests/test_scaffold_line_endings.py::test_each_named_scaffold_is_lf_only[.gitignore]
tests/test_scaffold_line_endings.py::test_preset_seeds_are_lf_only
tests/test_scale_noop_build.py::test_read_yaml_sees_a_same_size_rewrite_immediately
tests/test_scale_noop_build.py::test_read_yaml_hits_do_not_alias_between_callers
tests/test_scale_noop_build.py::test_read_yaml_parses_identical_bytes_once
tests/test_scale_noop_build.py::test_read_yaml_still_raises_on_missing_file
tests/test_scale_noop_build.py::test_unchanged_media_extracts_zero_frames_on_second_run
tests/test_scale_noop_build.py::test_changed_media_re_extracts
tests/test_scale_noop_build.py::test_cache_hit_still_reports_the_frame_line
tests/test_scale_noop_build.py::test_twelve_warnings_do_not_wall_the_terminal
tests/test_scale_noop_build.py::test_few_warnings_still_print_in_full
tests/test_scale_noop_build.py::test_probe_without_scope_keeps_probing
tests/test_scale_noop_build.py::test_probe_scope_caches_by_identity
tests/test_scale_noop_build.py::test_probe_scope_sees_a_changed_file
tests/test_scale_noop_build.py::test_probe_cache_survives_scope_reentry
tests/test_scale_noop_build.py::test_run_qc_probes_under_the_cache_scope
tests/test_series.py::test_create_scaffolds_umbrella
tests/test_series.py::test_create_refuses_duplicate
tests/test_series.py::test_config_is_extra_tolerant
tests/test_series.py::test_find_from_root_and_subdir
tests/test_series.py::test_find_and_project_find_coexist_inside_episode
tests/test_series.py::test_new_episode_seeds_bible_and_registers
tests/test_series.py::test_new_episode_is_a_fully_working_normal_project
tests/test_series.py::test_new_episode_owns_its_copy_after_creation
tests/test_series.py::test_new_episode_refuses_duplicate
tests/test_series.py::test_new_episode_rejects_bad_ids[E01/x]
tests/test_series.py::test_new_episode_rejects_bad_ids[Bad Slug]
tests/test_series.py::test_new_episode_rejects_bad_ids[../evil]
tests/test_series.py::test_new_episode_rejects_bad_ids[E01.manju]
tests/test_series.py::test_new_episode_rejects_bad_ids[]
tests/test_series.py::test_new_episode_rejects_bad_ids[-lead]
tests/test_series.py::test_new_episode_accepts_slug
tests/test_series.py::test_new_episode_with_preset
tests/test_series.py::test_status_aggregates_episodes_and_totals
tests/test_series.py::test_status_degrades_on_one_broken_episode
tests/test_series.py::test_sync_reports_missing_add_without_apply
tests/test_series.py::test_sync_apply_adds_missing_and_logs_event
tests/test_series.py::test_sync_diverged_is_report_only_never_overwritten
tests/test_series.py::test_sync_force_overwrites_a_divergence
tests/test_series.py::test_sync_force_accepts_singular_kind
tests/test_series.py::test_sync_force_refused_when_locked_field_would_change
tests/test_series.py::test_sync_in_sync_entry_counted
tests/test_series.py::test_sync_reports_unused_force
tests/test_series.py::test_characters_global_view
tests/test_series.py::test_characters_episode_only
tests/test_series.py::test_characters_degrades_on_broken_episode
tests/test_series.py::test_continuity_verdicts_and_totals
tests/test_series.py::test_continuity_characters_matrix_and_voice_divergence
tests/test_series.py::test_continuity_packaging_outliers_are_referential
tests/test_series.py::test_continuity_tolerates_broken_episode
tests/test_series.py::test_continuity_problem_verdict_beats_missing_and_sync
tests/test_series.py::test_cli_continuity_json
tests/test_series.py::test_cli_continuity_table_output_shows_verdicts
tests/test_series.py::test_split_no_markers_errors
tests/test_series.py::test_split_report_lists_without_writing
tests/test_series.py::test_split_apply_creates_episodes_and_writes_scripts
tests/test_series.py::test_split_apply_writes_into_existing_episode
tests/test_series.py::test_split_apply_refuses_to_overwrite_edited_episode_script
tests/test_series.py::test_split_apply_force_overwrites_edited_episode_script
tests/test_series.py::test_split_apply_never_refuses_a_scaffold_or_identical_repeat
tests/test_series.py::test_split_rejects_duplicate_marker
tests/test_series.py::test_cli_new_and_new_episode_json
tests/test_series.py::test_cli_status_json
tests/test_series.py::test_cli_episodes_json
tests/test_series.py::test_cli_sync_bible_json
tests/test_series.py::test_cli_characters_json
tests/test_series.py::test_cli_split_script_force_flag_overwrites_edited_script
tests/test_series.py::test_cli_split_script_json_and_error
tests/test_series.py::test_cli_check_inside_episode
tests/test_series.py::test_plain_project_untouched_by_series_module
tests/test_series_gui.py::test_series_page_renders_episodes_table
tests/test_series_gui.py::test_series_page_404s_never_for_plain_project
tests/test_series_gui.py::test_continuity_endpoint_matches_core
tests/test_series_gui.py::test_continuity_endpoint_404_when_not_in_series
tests/test_series_gui.py::test_continuity_section_renders_verdict_matrix
tests/test_series_gui.py::test_continuity_section_links_diverged_episode_into_sync_bible
tests/test_series_gui.py::test_continuity_section_is_csp_safe
tests/test_series_gui.py::test_banner_appears_for_episode_project
tests/test_series_gui.py::test_banner_absent_for_plain_project
tests/test_series_gui.py::test_banner_absent_when_project_not_passed
tests/test_series_gui.py::test_banner_appears_over_real_http_on_a_pages_route
tests/test_series_gui.py::test_banner_absent_over_real_http_for_plain_project
tests/test_series_gui.py::test_new_episode_round_trip
tests/test_series_gui.py::test_new_episode_missing_eid_400
tests/test_series_gui.py::test_new_episode_duplicate_400
tests/test_series_gui.py::test_new_episode_404_when_not_in_series
tests/test_series_gui.py::test_sync_report_groups_missing_and_diverged
tests/test_series_gui.py::test_sync_safe_apply_writes_missing_leaves_diverged_untouched
tests/test_series_gui.py::test_sync_apply_endpoint_never_accepts_force
tests/test_series_gui.py::test_sync_report_404_when_not_in_series
tests/test_series_gui.py::test_characters_view_renders_presence_and_divergence
tests/test_series_gui.py::test_characters_endpoint_shape_matches_core
tests/test_series_gui.py::test_split_script_panel_empty_when_no_script_files
tests/test_series_gui.py::test_split_script_panel_previews_without_writing
tests/test_series_gui.py::test_new_episode_readonly_403
tests/test_series_gui.py::test_new_episode_token_guard
tests/test_series_gui.py::test_sync_apply_readonly_403
tests/test_series_gui.py::test_sync_apply_token_guard
tests/test_series_gui.py::test_series_page_is_csp_safe_no_inline_js
tests/test_short_silent_final.py::test_final_graph_normally_carries_loudnorm
tests/test_short_silent_final.py::test_final_graph_bypasses_loudnorm_for_silent_base
tests/test_short_silent_final.py::test_proxy_graph_is_untouched_by_the_flag
tests/test_short_silent_final.py::test_a_two_second_silent_film_builds
tests/test_shot_lab.py::test_page_renders_three_panels
tests/test_shot_lab.py::test_lab_data_endpoint_is_json
tests/test_shot_lab.py::test_lab_page_defaults_to_first_shot
tests/test_shot_lab.py::test_lab_page_empty_project
tests/test_shot_lab.py::test_lab_page_shows_library_suggestion_for_matching_tag
tests/test_shot_lab.py::test_lab_page_no_suggestion_strip_when_no_match
tests/test_shot_lab.py::test_lab_data_endpoint_includes_library_suggestions
tests/test_shot_lab.py::test_lab_suggest_use_adopts_into_shot_refs
tests/test_shot_lab.py::test_prompt_override_writes_and_events
tests/test_shot_lab.py::test_prompt_override_respects_lock_409
tests/test_shot_lab.py::test_prompt_override_unknown_shot_404
tests/test_shot_lab.py::test_refs_write_and_lock
tests/test_shot_lab.py::test_refs_bad_body_400
tests/test_shot_lab.py::test_scaffold_only_writes_on_explicit_post
tests/test_shot_lab.py::test_scaffold_refuses_sealed_keyframes
tests/test_shot_lab.py::test_scaffold_n_bounds
tests/test_shot_lab.py::test_quality_delta_equals_plan_estimators
tests/test_shot_lab.py::test_quality_delta_no_providers_is_zero
tests/test_shot_lab.py::test_generate_confirm_gate_blocks_silent_spend
tests/test_shot_lab.py::test_generate_runs_through_jobs_runner
tests/test_shot_lab.py::test_generate_bad_quality_400
tests/test_shot_lab.py::test_save_as_ref_into_refs_and_library
tests/test_shot_lab.py::test_save_as_ref_bad_dest_400
tests/test_shot_lab.py::test_save_as_ref_unknown_take_404
tests/test_shot_lab.py::test_token_guard_on_mutations
tests/test_shot_lab.py::test_readonly_refuses_lab_mutations
tests/test_skill_content.py::test_every_taxonomy_id_is_present_and_loads
tests/test_skill_content.py::test_core_skill_listed_first
tests/test_skill_content.py::test_frontmatter_complete_and_within_limits[artifact-review]
tests/test_skill_content.py::test_frontmatter_complete_and_within_limits[audio-finishing]
tests/test_skill_content.py::test_frontmatter_complete_and_within_limits[character-consistency]
tests/test_skill_content.py::test_frontmatter_complete_and_within_limits[continue-from-accepted-take]
tests/test_skill_content.py::test_frontmatter_complete_and_within_limits[cover-and-title]
tests/test_skill_content.py::test_frontmatter_complete_and_within_limits[creation-funnel]
tests/test_skill_content.py::test_frontmatter_complete_and_within_limits[direct-shot-source-patch]
tests/test_skill_content.py::test_frontmatter_complete_and_within_limits[error-codes]
tests/test_skill_content.py::test_frontmatter_complete_and_within_limits[localize-dialogue]
tests/test_skill_content.py::test_frontmatter_complete_and_within_limits[manju]
tests/test_skill_content.py::test_frontmatter_complete_and_within_limits[narrative-pacing]
tests/test_skill_content.py::test_frontmatter_complete_and_within_limits[prompt-craft]
tests/test_skill_content.py::test_frontmatter_complete_and_within_limits[repair-loop]
tests/test_skill_content.py::test_frontmatter_complete_and_within_limits[review-take-and-route-repair]
tests/test_skill_content.py::test_frontmatter_complete_and_within_limits[scene-design]
tests/test_skill_content.py::test_frontmatter_complete_and_within_limits[screen-translation]
tests/test_skill_content.py::test_frontmatter_complete_and_within_limits[series-bible]
tests/test_skill_content.py::test_frontmatter_complete_and_within_limits[series-breakdown]
tests/test_skill_content.py::test_frontmatter_complete_and_within_limits[shot-design]
tests/test_skill_content.py::test_frontmatter_complete_and_within_limits[skill-authoring]
tests/test_skill_content.py::test_frontmatter_complete_and_within_limits[subtitle-standards]
tests/test_skill_content.py::test_frontmatter_complete_and_within_limits[visual-qc-review]
tests/test_skill_content.py::test_reference_or_task_type_tag_present[artifact-review]
tests/test_skill_content.py::test_reference_or_task_type_tag_present[audio-finishing]
tests/test_skill_content.py::test_reference_or_task_type_tag_present[character-consistency]
tests/test_skill_content.py::test_reference_or_task_type_tag_present[continue-from-accepted-take]
tests/test_skill_content.py::test_reference_or_task_type_tag_present[cover-and-title]
tests/test_skill_content.py::test_reference_or_task_type_tag_present[creation-funnel]
tests/test_skill_content.py::test_reference_or_task_type_tag_present[direct-shot-source-patch]
tests/test_skill_content.py::test_reference_or_task_type_tag_present[error-codes]
tests/test_skill_content.py::test_reference_or_task_type_tag_present[localize-dialogue]
tests/test_skill_content.py::test_reference_or_task_type_tag_present[manju]
tests/test_skill_content.py::test_reference_or_task_type_tag_present[narrative-pacing]
tests/test_skill_content.py::test_reference_or_task_type_tag_present[prompt-craft]
tests/test_skill_content.py::test_reference_or_task_type_tag_present[repair-loop]
tests/test_skill_content.py::test_reference_or_task_type_tag_present[review-take-and-route-repair]
tests/test_skill_content.py::test_reference_or_task_type_tag_present[scene-design]
tests/test_skill_content.py::test_reference_or_task_type_tag_present[screen-translation]
tests/test_skill_content.py::test_reference_or_task_type_tag_present[series-bible]
tests/test_skill_content.py::test_reference_or_task_type_tag_present[series-breakdown]
tests/test_skill_content.py::test_reference_or_task_type_tag_present[shot-design]
tests/test_skill_content.py::test_reference_or_task_type_tag_present[skill-authoring]
tests/test_skill_content.py::test_reference_or_task_type_tag_present[subtitle-standards]
tests/test_skill_content.py::test_reference_or_task_type_tag_present[visual-qc-review]
tests/test_skill_content.py::test_body_under_500_lines[artifact-review]
tests/test_skill_content.py::test_body_under_500_lines[audio-finishing]
tests/test_skill_content.py::test_body_under_500_lines[character-consistency]
tests/test_skill_content.py::test_body_under_500_lines[continue-from-accepted-take]
tests/test_skill_content.py::test_body_under_500_lines[cover-and-title]
tests/test_skill_content.py::test_body_under_500_lines[creation-funnel]
tests/test_skill_content.py::test_body_under_500_lines[direct-shot-source-patch]
tests/test_skill_content.py::test_body_under_500_lines[error-codes]
tests/test_skill_content.py::test_body_under_500_lines[localize-dialogue]
tests/test_skill_content.py::test_body_under_500_lines[manju]
tests/test_skill_content.py::test_body_under_500_lines[narrative-pacing]
tests/test_skill_content.py::test_body_under_500_lines[prompt-craft]
tests/test_skill_content.py::test_body_under_500_lines[repair-loop]
tests/test_skill_content.py::test_body_under_500_lines[review-take-and-route-repair]
tests/test_skill_content.py::test_body_under_500_lines[scene-design]
tests/test_skill_content.py::test_body_under_500_lines[screen-translation]
tests/test_skill_content.py::test_body_under_500_lines[series-bible]
tests/test_skill_content.py::test_body_under_500_lines[series-breakdown]
tests/test_skill_content.py::test_body_under_500_lines[shot-design]
tests/test_skill_content.py::test_body_under_500_lines[skill-authoring]
tests/test_skill_content.py::test_body_under_500_lines[subtitle-standards]
tests/test_skill_content.py::test_body_under_500_lines[visual-qc-review]
tests/test_skill_content.py::test_core_protocol_stays_tight
tests/test_skill_content.py::test_index_lists_every_skill_with_chinese_when_to_use
tests/test_skill_content.py::test_no_skill_body_vendors_an_llm_call[artifact-review]
tests/test_skill_content.py::test_no_skill_body_vendors_an_llm_call[audio-finishing]
tests/test_skill_content.py::test_no_skill_body_vendors_an_llm_call[character-consistency]
tests/test_skill_content.py::test_no_skill_body_vendors_an_llm_call[continue-from-accepted-take]
tests/test_skill_content.py::test_no_skill_body_vendors_an_llm_call[cover-and-title]
tests/test_skill_content.py::test_no_skill_body_vendors_an_llm_call[creation-funnel]
tests/test_skill_content.py::test_no_skill_body_vendors_an_llm_call[direct-shot-source-patch]
tests/test_skill_content.py::test_no_skill_body_vendors_an_llm_call[error-codes]
tests/test_skill_content.py::test_no_skill_body_vendors_an_llm_call[localize-dialogue]
tests/test_skill_content.py::test_no_skill_body_vendors_an_llm_call[manju]
tests/test_skill_content.py::test_no_skill_body_vendors_an_llm_call[narrative-pacing]
tests/test_skill_content.py::test_no_skill_body_vendors_an_llm_call[prompt-craft]
tests/test_skill_content.py::test_no_skill_body_vendors_an_llm_call[repair-loop]
tests/test_skill_content.py::test_no_skill_body_vendors_an_llm_call[review-take-and-route-repair]
tests/test_skill_content.py::test_no_skill_body_vendors_an_llm_call[scene-design]
tests/test_skill_content.py::test_no_skill_body_vendors_an_llm_call[screen-translation]
tests/test_skill_content.py::test_no_skill_body_vendors_an_llm_call[series-bible]
tests/test_skill_content.py::test_no_skill_body_vendors_an_llm_call[series-breakdown]
tests/test_skill_content.py::test_no_skill_body_vendors_an_llm_call[shot-design]
tests/test_skill_content.py::test_no_skill_body_vendors_an_llm_call[skill-authoring]
tests/test_skill_content.py::test_no_skill_body_vendors_an_llm_call[subtitle-standards]
tests/test_skill_content.py::test_no_skill_body_vendors_an_llm_call[visual-qc-review]
tests/test_skill_content.py::test_every_selectable_skill_says_when_not_to_use[artifact-review]
tests/test_skill_content.py::test_every_selectable_skill_says_when_not_to_use[audio-finishing]
tests/test_skill_content.py::test_every_selectable_skill_says_when_not_to_use[character-consistency]
tests/test_skill_content.py::test_every_selectable_skill_says_when_not_to_use[continue-from-accepted-take]
tests/test_skill_content.py::test_every_selectable_skill_says_when_not_to_use[cover-and-title]
tests/test_skill_content.py::test_every_selectable_skill_says_when_not_to_use[creation-funnel]
tests/test_skill_content.py::test_every_selectable_skill_says_when_not_to_use[direct-shot-source-patch]
tests/test_skill_content.py::test_every_selectable_skill_says_when_not_to_use[error-codes]
tests/test_skill_content.py::test_every_selectable_skill_says_when_not_to_use[localize-dialogue]
tests/test_skill_content.py::test_every_selectable_skill_says_when_not_to_use[narrative-pacing]
tests/test_skill_content.py::test_every_selectable_skill_says_when_not_to_use[prompt-craft]
tests/test_skill_content.py::test_every_selectable_skill_says_when_not_to_use[repair-loop]
tests/test_skill_content.py::test_every_selectable_skill_says_when_not_to_use[review-take-and-route-repair]
tests/test_skill_content.py::test_every_selectable_skill_says_when_not_to_use[scene-design]
tests/test_skill_content.py::test_every_selectable_skill_says_when_not_to_use[screen-translation]
tests/test_skill_content.py::test_every_selectable_skill_says_when_not_to_use[series-bible]
tests/test_skill_content.py::test_every_selectable_skill_says_when_not_to_use[series-breakdown]
tests/test_skill_content.py::test_every_selectable_skill_says_when_not_to_use[shot-design]
tests/test_skill_content.py::test_every_selectable_skill_says_when_not_to_use[skill-authoring]
tests/test_skill_content.py::test_every_selectable_skill_says_when_not_to_use[subtitle-standards]
tests/test_skill_content.py::test_every_selectable_skill_says_when_not_to_use[visual-qc-review]
tests/test_skill_content.py::test_the_negative_section_routes_somewhere_real[artifact-review]
tests/test_skill_content.py::test_the_negative_section_routes_somewhere_real[audio-finishing]
tests/test_skill_content.py::test_the_negative_section_routes_somewhere_real[character-consistency]
tests/test_skill_content.py::test_the_negative_section_routes_somewhere_real[continue-from-accepted-take]
tests/test_skill_content.py::test_the_negative_section_routes_somewhere_real[cover-and-title]
tests/test_skill_content.py::test_the_negative_section_routes_somewhere_real[creation-funnel]
tests/test_skill_content.py::test_the_negative_section_routes_somewhere_real[direct-shot-source-patch]
tests/test_skill_content.py::test_the_negative_section_routes_somewhere_real[error-codes]
tests/test_skill_content.py::test_the_negative_section_routes_somewhere_real[localize-dialogue]
tests/test_skill_content.py::test_the_negative_section_routes_somewhere_real[narrative-pacing]
tests/test_skill_content.py::test_the_negative_section_routes_somewhere_real[prompt-craft]
tests/test_skill_content.py::test_the_negative_section_routes_somewhere_real[repair-loop]
tests/test_skill_content.py::test_the_negative_section_routes_somewhere_real[review-take-and-route-repair]
tests/test_skill_content.py::test_the_negative_section_routes_somewhere_real[scene-design]
tests/test_skill_content.py::test_the_negative_section_routes_somewhere_real[screen-translation]
tests/test_skill_content.py::test_the_negative_section_routes_somewhere_real[series-bible]
tests/test_skill_content.py::test_the_negative_section_routes_somewhere_real[series-breakdown]
tests/test_skill_content.py::test_the_negative_section_routes_somewhere_real[shot-design]
tests/test_skill_content.py::test_the_negative_section_routes_somewhere_real[skill-authoring]
tests/test_skill_content.py::test_the_negative_section_routes_somewhere_real[subtitle-standards]
tests/test_skill_content.py::test_the_negative_section_routes_somewhere_real[visual-qc-review]
tests/test_skill_content.py::test_the_core_protocols_exemption_is_earned
tests/test_skill_content.py::test_the_core_index_table_lists_every_selectable_skill
tests/test_skill_content.py::test_every_referenced_reference_file_exists[artifact-review]
tests/test_skill_content.py::test_every_referenced_reference_file_exists[audio-finishing]
tests/test_skill_content.py::test_every_referenced_reference_file_exists[character-consistency]
tests/test_skill_content.py::test_every_referenced_reference_file_exists[continue-from-accepted-take]
tests/test_skill_content.py::test_every_referenced_reference_file_exists[cover-and-title]
tests/test_skill_content.py::test_every_referenced_reference_file_exists[creation-funnel]
tests/test_skill_content.py::test_every_referenced_reference_file_exists[direct-shot-source-patch]
tests/test_skill_content.py::test_every_referenced_reference_file_exists[error-codes]
tests/test_skill_content.py::test_every_referenced_reference_file_exists[localize-dialogue]
tests/test_skill_content.py::test_every_referenced_reference_file_exists[manju]
tests/test_skill_content.py::test_every_referenced_reference_file_exists[narrative-pacing]
tests/test_skill_content.py::test_every_referenced_reference_file_exists[prompt-craft]
tests/test_skill_content.py::test_every_referenced_reference_file_exists[repair-loop]
tests/test_skill_content.py::test_every_referenced_reference_file_exists[review-take-and-route-repair]
tests/test_skill_content.py::test_every_referenced_reference_file_exists[scene-design]
tests/test_skill_content.py::test_every_referenced_reference_file_exists[screen-translation]
tests/test_skill_content.py::test_every_referenced_reference_file_exists[series-bible]
tests/test_skill_content.py::test_every_referenced_reference_file_exists[series-breakdown]
tests/test_skill_content.py::test_every_referenced_reference_file_exists[shot-design]
tests/test_skill_content.py::test_every_referenced_reference_file_exists[skill-authoring]
tests/test_skill_content.py::test_every_referenced_reference_file_exists[subtitle-standards]
tests/test_skill_content.py::test_every_referenced_reference_file_exists[visual-qc-review]
tests/test_skill_content.py::test_frontmatter_actually_parses[artifact-review]
tests/test_skill_content.py::test_frontmatter_actually_parses[audio-finishing]
tests/test_skill_content.py::test_frontmatter_actually_parses[character-consistency]
tests/test_skill_content.py::test_frontmatter_actually_parses[continue-from-accepted-take]
tests/test_skill_content.py::test_frontmatter_actually_parses[cover-and-title]
tests/test_skill_content.py::test_frontmatter_actually_parses[creation-funnel]
tests/test_skill_content.py::test_frontmatter_actually_parses[direct-shot-source-patch]
tests/test_skill_content.py::test_frontmatter_actually_parses[error-codes]
tests/test_skill_content.py::test_frontmatter_actually_parses[localize-dialogue]
tests/test_skill_content.py::test_frontmatter_actually_parses[manju]
tests/test_skill_content.py::test_frontmatter_actually_parses[narrative-pacing]
tests/test_skill_content.py::test_frontmatter_actually_parses[prompt-craft]
tests/test_skill_content.py::test_frontmatter_actually_parses[repair-loop]
tests/test_skill_content.py::test_frontmatter_actually_parses[review-take-and-route-repair]
tests/test_skill_content.py::test_frontmatter_actually_parses[scene-design]
tests/test_skill_content.py::test_frontmatter_actually_parses[screen-translation]
tests/test_skill_content.py::test_frontmatter_actually_parses[series-bible]
tests/test_skill_content.py::test_frontmatter_actually_parses[series-breakdown]
tests/test_skill_content.py::test_frontmatter_actually_parses[shot-design]
tests/test_skill_content.py::test_frontmatter_actually_parses[skill-authoring]
tests/test_skill_content.py::test_frontmatter_actually_parses[subtitle-standards]
tests/test_skill_content.py::test_frontmatter_actually_parses[visual-qc-review]
tests/test_skill_content.py::test_the_index_shows_when_to_use_not_the_heading[artifact-review]
tests/test_skill_content.py::test_the_index_shows_when_to_use_not_the_heading[audio-finishing]
tests/test_skill_content.py::test_the_index_shows_when_to_use_not_the_heading[character-consistency]
tests/test_skill_content.py::test_the_index_shows_when_to_use_not_the_heading[continue-from-accepted-take]
tests/test_skill_content.py::test_the_index_shows_when_to_use_not_the_heading[cover-and-title]
tests/test_skill_content.py::test_the_index_shows_when_to_use_not_the_heading[creation-funnel]
tests/test_skill_content.py::test_the_index_shows_when_to_use_not_the_heading[direct-shot-source-patch]
tests/test_skill_content.py::test_the_index_shows_when_to_use_not_the_heading[error-codes]
tests/test_skill_content.py::test_the_index_shows_when_to_use_not_the_heading[localize-dialogue]
tests/test_skill_content.py::test_the_index_shows_when_to_use_not_the_heading[manju]
tests/test_skill_content.py::test_the_index_shows_when_to_use_not_the_heading[narrative-pacing]
tests/test_skill_content.py::test_the_index_shows_when_to_use_not_the_heading[prompt-craft]
tests/test_skill_content.py::test_the_index_shows_when_to_use_not_the_heading[repair-loop]
tests/test_skill_content.py::test_the_index_shows_when_to_use_not_the_heading[review-take-and-route-repair]
tests/test_skill_content.py::test_the_index_shows_when_to_use_not_the_heading[scene-design]
tests/test_skill_content.py::test_the_index_shows_when_to_use_not_the_heading[screen-translation]
tests/test_skill_content.py::test_the_index_shows_when_to_use_not_the_heading[series-bible]
tests/test_skill_content.py::test_the_index_shows_when_to_use_not_the_heading[series-breakdown]
tests/test_skill_content.py::test_the_index_shows_when_to_use_not_the_heading[shot-design]
tests/test_skill_content.py::test_the_index_shows_when_to_use_not_the_heading[skill-authoring]
tests/test_skill_content.py::test_the_index_shows_when_to_use_not_the_heading[subtitle-standards]
tests/test_skill_content.py::test_the_index_shows_when_to_use_not_the_heading[visual-qc-review]
tests/test_skill_knowledge_layers.py::test_ten_minimum_director_evals_are_structured_and_parseable
tests/test_skill_knowledge_layers.py::test_contract_examples_use_real_authoring_parsers
tests/test_skill_knowledge_layers.py::test_narrative_pacing_is_not_auto_injected
tests/test_skill_knowledge_layers.py::test_core_protocol_names_new_contract_and_readiness_terms
tests/test_skills.py::test_bundled_core_skill_visible_without_project
tests/test_skills.py::test_project_tier_wins_over_bundled
tests/test_skills.py::test_project_tier_cannot_shadow_core_skill
tests/test_skills.py::test_user_tier_between_project_and_bundled
tests/test_skills.py::test_broken_frontmatter_is_still_a_skill
tests/test_skills.py::test_unknown_skill_raises_with_available_ids
tests/test_skills.py::test_index_excludes_core_and_lists_when_to_use
tests/test_skills.py::test_index_empty_when_only_core
tests/test_skills.py::test_cli_skills_list_and_show
tests/test_skills.py::test_cli_skills_outside_project
tests/test_skills.py::test_cli_skills_list_warns_on_core_shadow_attempt
tests/test_spend.py::test_empty_project_reports_empty
tests/test_spend.py::test_ledger_totals_groupings_and_ordering
tests/test_spend.py::test_ledger_recent_is_newest_first_and_full_shape
tests/test_spend.py::test_ledger_is_authoritative_over_sidecars
tests/test_spend.py::test_sidecar_fallback_when_ledger_has_no_rows
tests/test_spend.py::test_budget_limit_reflects_config
tests/test_spend_delta.py::test_report_surfaces_estimate_total_delta_and_per_row
tests/test_spend_delta.py::test_estimated_total_sums_only_non_none_estimates
tests/test_spend_delta.py::test_estimateless_ledger_reports_none_fields
tests/test_spend_delta.py::test_legacy_rows_without_estimate_column_report_none
tests/test_spend_delta.py::test_sidecar_fallback_has_none_estimate_fields
tests/test_spend_delta.py::test_alter_add_column_is_idempotent_across_opens
tests/test_spend_delta.py::test_real_build_persists_estimate_on_generated_take
tests/test_spend_delta.py::test_multi_take_run_counts_estimate_once
tests/test_stale.py::test_missing_when_no_takes
tests/test_stale.py::test_fresh_when_selected_take_hash_matches
tests/test_stale.py::test_stale_when_selected_take_hash_differs
tests/test_stale.py::test_manual_take_never_invalidated_even_after_edit
tests/test_stale.py::test_needs_selection_when_takes_exist_but_none_selected
tests/test_stale.py::test_broken_when_selected_take_does_not_exist
tests/test_stale.py::test_editing_status_does_not_change_spec_hash
tests/test_stale.py::test_editing_referenced_character_bible_changes_spec_hash
tests/test_stale.py::test_editing_unrelated_bible_entry_does_not_change_spec_hash
tests/test_static_audit_wave0.py::test_reserved_generation_param_rejected_before_transport[prompt-bypass compiled prompt]
tests/test_static_audit_wave0.py::test_reserved_generation_param_rejected_before_transport[duration_s-60]
tests/test_static_audit_wave0.py::test_reserved_generation_param_rejected_before_transport[duration_ms-60000]
tests/test_static_audit_wave0.py::test_reserved_generation_param_rejected_before_transport[width-8]
tests/test_static_audit_wave0.py::test_reserved_generation_param_rejected_before_transport[height-8]
tests/test_static_audit_wave0.py::test_reserved_generation_param_rejected_before_transport[fps-1]
tests/test_static_audit_wave0.py::test_reserved_generation_param_rejected_before_transport[shot_id-OTHER]
tests/test_static_audit_wave0.py::test_seed_has_one_explicit_recipe_owner
tests/test_static_audit_wave0.py::test_preflight_and_submit_share_reserved_key_rule
tests/test_static_audit_wave0.py::test_comfyui_reserved_values_cannot_be_overridden
tests/test_static_audit_wave0.py::test_mode_none_owner_blocks_before_transport
tests/test_static_audit_wave0.py::test_budget_omitted_owner_blocks_before_transport
tests/test_static_audit_wave0.py::test_omitted_nonowner_remains_advisory
tests/test_static_audit_wave0.py::test_request_identity_uses_only_provider_selected_bindings
tests/test_static_audit_wave0.py::test_request_identity_binds_final_rendered_body
tests/test_static_audit_wave0.py::test_request_identity_blob_ids_never_expose_absolute_local_paths
tests/test_static_audit_wave0.py::test_prepare_then_ref_mutation_cannot_change_transport_payload
tests/test_static_audit_wave0.py::test_prepare_then_body_template_mutation_cannot_change_transport_payload
tests/test_static_audit_wave0.py::test_request_digest_matches_exact_prepared_semantic_payload
tests/test_static_audit_wave0.py::test_retry_reuses_same_prepared_payload
tests/test_static_audit_wave0.py::test_prepared_payload_is_not_rebuilt_inside_submit
tests/test_static_audit_wave0.py::test_ref_file_is_read_once_per_provider_attempt
tests/test_static_audit_wave0.py::test_fallback_attempts_do_not_share_mutable_request_state
tests/test_static_audit_wave1.py::test_two_scoped_character_identity_owners_are_valid
tests/test_static_audit_wave1.py::test_same_scope_and_global_scope_conflict
tests/test_static_audit_wave1.py::test_ignore_never_claims_owner
tests/test_static_audit_wave1.py::test_same_blob_keeps_logical_bindings_and_uploads_once
tests/test_static_audit_wave1.py::test_invalid_duplicate_binding_is_not_dropped
tests/test_static_audit_wave1.py::test_prop_bible_ref_and_prompt_ownership
tests/test_static_audit_wave1.py::test_scoped_motion_preserves_camera_and_legacy_opening
tests/test_static_audit_wave1.py::test_scoped_character_pose_suppresses_only_matching_character_fact
tests/test_static_audit_wave1.py::test_scoped_motion_preserves_other_character_fact
tests/test_static_audit_wave1.py::test_scoped_motion_preserves_prop_fact
tests/test_static_audit_wave1.py::test_scoped_motion_preserves_environment_fact
tests/test_static_audit_wave1.py::test_character_and_prop_same_id_do_not_cross_match
tests/test_static_audit_wave1.py::test_readiness_uses_generation_ownership_validator
tests/test_static_audit_wave2.py::test_spec_v4_tracks_reference_binding_and_local_bytes
tests/test_static_audit_wave2.py::test_spec_v4_tracks_top_level_ref_controls_and_subject
tests/test_static_audit_wave2.py::test_provider_delivery_policy_is_absent_from_spec_v4
tests/test_static_audit_wave2.py::test_spec_v5_tracks_shot_refs_mapping_plural_images
tests/test_static_audit_wave2.py::test_spec_v5_tracks_shot_refs_mapping_plural_videos
tests/test_static_audit_wave2.py::test_spec_v5_tracks_shot_refs_mapping_mixed_images_videos_and_refs
tests/test_static_audit_wave2.py::test_spec_v5_tracks_singular_mapping_value_list
tests/test_static_audit_wave2.py::test_spec_v5_mapping_controls_change_stales
tests/test_static_audit_wave2.py::test_spec_v5_mapping_subject_change_stales
tests/test_static_audit_wave2.py::test_spec_v5_mapping_local_bytes_change_stales
tests/test_static_audit_wave2.py::test_spec_v5_reference_order_matches_resolver
tests/test_static_audit_wave2.py::test_v4_mapping_formula_remains_historical
tests/test_static_audit_wave2.py::test_v1_v2_v3_v4_take_comparison_is_unchanged
tests/test_static_audit_wave2.py::test_v3_take_keeps_historical_reference_comparison
tests/test_static_audit_wave2.py::test_new_spec_v4_take_stales_when_reference_bytes_move
tests/test_static_audit_wave2.py::test_redo_replays_only_explicit_recipe_keys
tests/test_static_audit_wave2.py::test_plan_redo_never_reuses_parent_remote_job
tests/test_static_audit_wave3.py::test_accepted_state_never_uses_observed_states_from_older_record
tests/test_static_audit_wave3.py::test_rejected_record_observed_endpoint_never_becomes_current
tests/test_static_audit_wave3.py::test_stable_evidence_digest_excludes_dynamic_timestamps
tests/test_static_audit_wave3.py::test_new_accepted_opening_or_endpoint_invalidates_proof_scene_approval
tests/test_static_audit_wave3.py::test_equivalent_rereview_does_not_invalidate_proof_scene_digest
tests/test_static_audit_wave3.py::test_stale_or_rejected_evidence_never_enters_proof_scene_digest
tests/test_static_audit_wave3.py::test_proof_scene_digest_binds_packet_and_stable_assurance
tests/test_status_takeover_anchor.py::test_the_anchor_names_the_deed_not_the_bookkeeping
tests/test_status_takeover_anchor.py::test_no_bookkeeping_action_can_become_the_anchor[attempt_started]
tests/test_status_takeover_anchor.py::test_no_bookkeeping_action_can_become_the_anchor[run_started]
tests/test_status_takeover_anchor.py::test_no_bookkeeping_action_can_become_the_anchor[run_terminal]
tests/test_status_takeover_anchor.py::test_no_bookkeeping_action_can_become_the_anchor[stage_attempt]
tests/test_status_takeover_anchor.py::test_it_falls_back_rather_than_showing_nothing
tests/test_status_takeover_anchor.py::test_the_actor_and_age_survive
tests/test_status_takeover_anchor.py::test_the_ledger_still_shows_everything
tests/test_status_takeover_anchor.py::test_the_json_payload_is_untouched
tests/test_status_takeover_anchor.py::test_bookkeeping_really_does_dominate_the_tail
tests/test_status_todo_rendering.py::test_the_tail_does_not_send_a_human_to_json
tests/test_status_todo_rendering.py::test_the_tail_names_what_is_left
tests/test_status_todo_rendering.py::test_no_shot_is_hidden
tests/test_status_todo_rendering.py::test_a_lone_distinct_item_is_not_crowded_out
tests/test_status_todo_rendering.py::test_a_short_list_renders_one_line_each
tests/test_status_todo_rendering.py::test_the_json_todo_is_untouched
tests/test_stock.py::test_search_download_register_with_lineage
tests/test_stock.py::test_missing_key_is_actionable
tests/test_stock.py::test_no_results_names_the_query
tests/test_stock.py::test_stock_failure_is_recorded_in_failures_jsonl
tests/test_stock.py::test_stock_download_rejects_html_error_page
tests/test_stock.py::test_fallback_chain_routes_stock_footage_step
tests/test_storyboard.py::test_review_state_property
tests/test_storyboard.py::test_review_validator_rejects_unknown
tests/test_storyboard.py::test_review_absent_is_byte_stable
tests/test_storyboard.py::test_approval_does_not_change_spec_hash
tests/test_storyboard.py::test_review_does_not_restage_fresh_take
tests/test_storyboard.py::test_lock_conflict_prefix_rules
tests/test_storyboard.py::test_page_renders_all_columns
tests/test_storyboard.py::test_empty_project_page
tests/test_storyboard.py::test_detail_row_includes_lazy_take_previews
tests/test_storyboard.py::test_char_chips_resolve_aliases
tests/test_storyboard.py::test_state_and_approval_chips_orthogonal
tests/test_storyboard.py::test_unlock_absent_from_page
tests/test_storyboard.py::test_inline_edit_writes_and_events
tests/test_storyboard.py::test_inline_edit_list_field
tests/test_storyboard.py::test_inline_edit_dialogue
tests/test_storyboard.py::test_inline_edit_rejects_unknown_field
tests/test_storyboard.py::test_inline_edit_locked_field_409
tests/test_storyboard.py::test_inline_edit_parent_lock_409
tests/test_storyboard.py::test_approve_syncs_legacy_bool
tests/test_storyboard.py::test_approve_rejects_bad_state
tests/test_storyboard.py::test_batch_approve
tests/test_storyboard.py::test_batch_approve_skips_missing
tests/test_storyboard.py::test_batch_lock
tests/test_storyboard.py::test_batch_lock_seal_verifies
tests/test_storyboard.py::test_post_requires_token
tests/test_storyboard.py::test_post_readonly_forbidden
tests/test_supportbundle_key_names.py::test_build_fingerprint_fields_are_not_redacted[content_key]
tests/test_supportbundle_key_names.py::test_build_fingerprint_fields_are_not_redacted[final_key]
tests/test_supportbundle_key_names.py::test_build_fingerprint_fields_are_not_redacted[base_key]
tests/test_supportbundle_key_names.py::test_build_fingerprint_fields_are_not_redacted[output_key]
tests/test_supportbundle_key_names.py::test_build_fingerprint_fields_are_not_redacted[windows_collision_key]
tests/test_supportbundle_key_names.py::test_build_fingerprint_fields_are_not_redacted[next_step_key]
tests/test_supportbundle_key_names.py::test_build_fingerprint_fields_are_not_redacted[has_key]
tests/test_supportbundle_key_names.py::test_build_fingerprint_fields_are_not_redacted[submission_idempotency_key]
tests/test_supportbundle_key_names.py::test_a_realistic_attempt_row_keeps_its_content_key
tests/test_supportbundle_key_names.py::test_credential_shaped_fields_are_still_redacted[api_key]
tests/test_supportbundle_key_names.py::test_credential_shaped_fields_are_still_redacted[apiKey]
tests/test_supportbundle_key_names.py::test_credential_shaped_fields_are_still_redacted[API_KEY]
tests/test_supportbundle_key_names.py::test_credential_shaped_fields_are_still_redacted[secret_key]
tests/test_supportbundle_key_names.py::test_credential_shaped_fields_are_still_redacted[access_token]
tests/test_supportbundle_key_names.py::test_credential_shaped_fields_are_still_redacted[authorization]
tests/test_supportbundle_key_names.py::test_credential_shaped_fields_are_still_redacted[x_signature]
tests/test_supportbundle_key_names.py::test_credential_shaped_fields_are_still_redacted[password]
tests/test_supportbundle_key_names.py::test_credential_shaped_fields_are_still_redacted[bearer_token]
tests/test_supportbundle_key_names.py::test_credential_shaped_fields_are_still_redacted[some_unknown_key]
tests/test_supportbundle_key_names.py::test_the_allowlist_is_exact_not_a_substring_rule
tests/test_supportbundle_key_names.py::test_nested_and_listed_records_follow_the_same_rule
tests/test_tasks_ledger_alignment.py::test_the_shot_column_lines_up_across_the_ten_row_boundary
tests/test_tasks_ledger_alignment.py::test_the_hash_stays_attached_to_its_number
tests/test_tasks_ledger_alignment.py::test_ids_are_right_aligned_not_left
tests/test_tasks_ledger_alignment.py::test_a_single_digit_ledger_wastes_no_column
tests/test_tasks_ledger_alignment.py::test_an_empty_ledger_still_renders
tests/test_tasks_ledger_alignment.py::test_the_skills_table_widens_to_its_longest_id
tests/test_tasks_ledger_alignment.py::test_a_long_skill_id_exists_to_make_that_check_real
tests/test_third_round_residuals.py::test_submit_url_change_moves_submission_identity
tests/test_third_round_residuals.py::test_api_version_header_change_moves_submission_identity
tests/test_third_round_residuals.py::test_job_id_path_change_moves_submission_identity
tests/test_third_round_residuals.py::test_poll_url_change_moves_submission_identity
tests/test_third_round_residuals.py::test_poll_status_map_change_moves_submission_identity
tests/test_third_round_residuals.py::test_result_path_change_moves_submission_identity
tests/test_third_round_residuals.py::test_idempotency_mode_change_moves_submission_identity
tests/test_third_round_residuals.py::test_idempotency_field_change_moves_submission_identity
tests/test_third_round_residuals.py::test_secret_value_rotation_does_not_move_semantic_identity
tests/test_third_round_residuals.py::test_secret_value_rotation_is_not_persisted
tests/test_third_round_residuals.py::test_execution_profile_mismatch_blocks_redispatch_before_transport
tests/test_third_round_residuals.py::test_legacy_ambiguous_submission_never_redispatches_after_idempotency_is_added
tests/test_third_round_residuals.py::test_original_non_idempotent_submit_cannot_be_authorized_by_current_manifest
tests/test_third_round_residuals.py::test_recovery_uses_stored_profile_not_live_changed_poll_schema
tests/test_third_round_residuals.py::test_character_bible_ref_infers_subject_scope
tests/test_third_round_residuals.py::test_prop_and_scene_bible_refs_infer_scopes
tests/test_third_round_residuals.py::test_explicit_subject_ref_overrides_inferred_scope
tests/test_third_round_residuals.py::test_same_blob_preserves_two_inferred_bindings_but_one_physical_upload
tests/test_third_round_residuals.py::test_runtime_scope_equals_spec_v5_scope
tests/test_third_round_residuals.py::test_budget_uses_canonical_scene_and_prop_scopes
tests/test_third_round_residuals.py::test_budget_classifies_dict_primary_and_secondary_character_refs
tests/test_third_round_residuals.py::test_same_blob_multiple_logical_roles_keeps_budget_evidence_and_uploads_once
tests/test_third_round_residuals.py::test_scoped_opening_facts_compile_as_distinct_v3_expectations
tests/test_third_round_residuals.py::test_unscoped_contract_remains_expectations_v2
tests/test_third_round_residuals.py::test_character_and_prop_same_id_have_distinct_expectations
tests/test_third_round_residuals.py::test_scope_change_moves_expectation_id_and_digest
tests/test_third_round_residuals.py::test_review_packet_preserves_expectation_scope
tests/test_ticket2.py::test_secret_scan_catches[api_key=<REDACTED-TEST-TOKEN>]
tests/test_ticket2.py::test_secret_scan_catches[<REDACTED-TEST-TOKEN>]
tests/test_ticket2.py::test_secret_scan_catches[openai_key: '<REDACTED-TEST-TOKEN>']
tests/test_ticket2.py::test_secret_scan_catches[token = <REDACTED-TEST-TOKEN>]
tests/test_ticket2.py::test_secret_scan_catches[<REDACTED-TEST-TOKEN>]
tests/test_ticket2.py::test_secret_scan_catches[slack: xoxb-1234567890-9876543210-AbCdEfGhIjKl]
tests/test_ticket2.py::test_secret_scan_catches[<REDACTED-TEST-TOKEN>]
tests/test_ticket2.py::test_secret_scan_catches[<REDACTED-TEST-TOKEN>]
tests/test_ticket2.py::test_secret_scan_catches[Authorization: Bearer eyJhbGciOiJIUzI1NiIsInR5cCI6IkpXVCJ9.abc]
tests/test_ticket2.py::test_secret_scan_catches[access_token = "0123456789abcdef0123456789abcdef"]
tests/test_ticket2.py::test_secret_scan_catches[secret_key: 0123456789abcdef01234567]
tests/test_ticket2.py::test_secret_scan_clean_samples_pass[\u53f0\u8bc<ABS_PATH>
tests/test_ticket2.py::test_secret_scan_clean_samples_pass[auth: {key_env: VIDEO_X_API_KEY}]
tests/test_ticket2.py::test_secret_scan_clean_samples_pass[header: "Authorization: Bearer {key}"]
tests/test_ticket2.py::test_secret_scan_clean_samples_pass[sk-\u2026 \u4e0e AKIA\u2026 \u7b49\u6a21\u5f0f\u4f1a\u88ab\u626b\u63cf]
tests/test_ticket2.py::test_secret_scan_clean_samples_pass[the task_id was job_8f2c91 and cost 0.32 CNY]
tests/test_ticket2.py::test_secret_scan_no_longer_skips_media_directory
tests/test_ticket2.py::test_secret_scan_still_skips_binary_media_by_suffix
tests/test_ticket2.py::test_secret_scan_bounds_large_text_file_size
tests/test_ticket2.py::test_check_fails_cleanly_on_broken_props_yaml
tests/test_ticket2.py::test_build_fails_cleanly_on_invalid_manual_timeline
tests/test_ticket2.py::test_unpack_default_dest_follows_archive_filename_not_comment
tests/test_ticket2.py::test_unpack_ignores_malicious_comment_name_for_dest
tests/test_ticket2.py::test_unpack_dest_overrides_name
tests/test_ticket2.py::test_make_sample_help_has_no_side_effects
tests/test_ticket2.py::test_make_sample_argparse_options
tests/test_ticket3.py::test_dialogue_text_does_not_change_video_spec_hash
tests/test_ticket3.py::test_picture_fields_do_change_video_spec_hash
tests/test_ticket3.py::test_voice_hash_changes_with_dialogue_text
tests/test_ticket3.py::test_voice_hash_changes_with_speaker_voice_reference
tests/test_ticket3.py::test_voice_hash_ignores_picture_side_changes
tests/test_ticket3.py::test_voice_hash_stable_and_order_independent
tests/test_time_travel_discipline.py::test_rolling_truth_back_reproduces_the_old_film_without_regeneration
tests/test_timeline_malformed_timing.py::test_timing_entries_missing_start_ms_degrade_not_crash
tests/test_timeline_malformed_timing.py::test_timing_non_dict_entries_degrade_not_crash
tests/test_timeline_malformed_timing.py::test_valid_word_timing_still_takes_the_word_timed_path
tests/test_timeline_malformed_timing.py::test_is_valid_word_timing_predicate
tests/test_transition_overrides.py::test_override_lands_on_that_out_edge_only
tests/test_transition_overrides.py::test_null_override_is_a_hard_cut
tests/test_transition_overrides.py::test_cut_type_override_placed_verbatim
tests/test_transition_overrides.py::test_intro_out_edge_override
tests/test_transition_overrides.py::test_override_on_last_segment_is_ignored
tests/test_transition_overrides.py::test_unknown_key_is_inert_at_compile
tests/test_transition_overrides.py::test_empty_overrides_keep_timeline_and_fingerprint_identical
tests/test_transition_overrides.py::test_fingerprint_changes_only_when_override_set
tests/test_transition_overrides.py::test_yaml_roundtrip_null_and_cut
tests/test_transition_overrides.py::test_qc_flags_unknown_override_key
tests/test_transitions_looks.py::test_video_clip_source_in_ms_is_additive_default_zero
tests/test_transitions_looks.py::test_transition_types_curated_and_default_unchanged
tests/test_transitions_looks.py::test_look_spec_validation
tests/test_transitions_looks.py::test_look_filter_none_and_intensity_zero_are_empty
tests/test_transitions_looks.py::test_look_filter_presets_are_deterministic_and_neutral_at_low_intensity
tests/test_transitions_looks.py::test_load_look_reading_contract
tests/test_transitions_looks.py::test_content_key_byte_identical_to_the_pre_round_t_formula
tests/test_transitions_looks.py::test_look_rekeys_the_final_but_not_the_segments
tests/test_transitions_looks.py::test_plan_cut_is_a_hard_cut_no_fade_no_boundary
tests/test_transitions_looks.py::test_plan_xfade_without_real_handles_degrades_to_dip
tests/test_transitions_looks.py::test_applied_xfade_preserves_total_duration_to_the_frame
tests/test_transitions_looks.py::test_applied_xfade_boundary_cache_reused_and_type_change_rerenders_only_boundary
tests/test_transitions_looks.py::test_applied_xfade_audio_is_continuous_across_the_boundary
tests/test_transitions_looks.py::test_handle_less_boundary_degrades_to_dip_with_a_named_warning
tests/test_transitions_looks.py::test_look_preset_renders_and_rekeys_final_intensity_zero_is_none
tests/test_transitions_looks.py::test_idempotent_build_with_a_look_set
tests/test_trisurface_export_gate.py::test_gate_raises_waiting_user_when_token_present
tests/test_trisurface_export_gate.py::test_gate_passes_when_confirmed_or_token_absent
tests/test_trisurface_polish.py::test_masters_row_never_prints_none_lufs
tests/test_trisurface_polish.py::test_create_page_loads_webclient_exactly_once
tests/test_trisurface_polish.py::test_board_spend_line_never_renders_none_currency
tests/test_trisurface_polish.py::test_stale_action_points_at_a_current_spec_candidate
tests/test_trisurface_polish.py::test_stale_action_without_candidate_still_says_redo
tests/test_trisurface_polish.py::test_approval_blocked_message_names_the_offending_scopes
tests/test_trisurface_polish.py::test_tts_unconfigured_message_is_walkable
tests/test_trisurface_polish.py::test_pullsheet_note_does_not_blame_the_environment
tests/test_trisurface_polish.py::test_series_new_next_step_includes_the_cd
tests/test_trisurface_polish.py::test_qc_brief_header_names_the_skill_command_once
tests/test_trisurface_polish.py::test_release_scope_clause_reads_as_a_count_not_a_decimal
tests/test_trisurface_polish.py::test_display_path_handles_inside_and_outside
tests/test_trisurface_polish.py::test_token_403_message_tells_the_human_what_to_do
tests/test_trisurface_polish.py::test_funnel_storyboard_advice_points_at_the_page_that_has_the_button
tests/test_trisurface_polish.py::test_shot_schema_error_shows_the_expected_shape
tests/test_trisurface_polish.py::test_near_miss_extra_key_gets_an_advisory_warning
tests/test_trisurface_polish.py::test_unrelated_extra_key_stays_silent
tests/test_trisurface_polish.py::test_dev_extra_declares_httpx
tests/test_trisurface_round3.py::test_history_summarizes_dict_details_instead_of_repring_them
tests/test_trisurface_round3.py::test_events_and_history_share_the_one_brief
tests/test_trisurface_round3.py::test_support_bundle_summary_is_not_a_python_dict
tests/test_trisurface_round3.py::test_bible_ref_ingest_reports_the_shots_it_staled
tests/test_trisurface_round3.py::test_plain_import_ingest_stales_nothing
tests/test_trisurface_round3.py::test_providers_add_edge_adapter_scaffolds_a_keyless_manifest
tests/test_trisurface_round3.py::test_segments_missing_file_message_has_no_errno
tests/test_trisurface_round3.py::test_analyze_refusal_names_the_two_real_paths
tests/test_trisurface_round3.py::test_exports_page_renders_buttons_disabled_in_readonly
tests/test_trisurface_round4.py::test_add_locale_scaffolds_only_dialogue_shots
tests/test_trisurface_round4.py::test_dialogueless_shot_is_not_needed_not_missing
tests/test_trisurface_round4.py::test_legacy_empty_scaffold_row_reads_not_needed
tests/test_trisurface_round4.py::test_green_is_reachable_once_real_lines_are_translated
tests/test_trisurface_round4.py::test_gaining_dialogue_turns_not_needed_into_missing
tests/test_trisurface_round4.py::test_cli_locale_status_says_wutai_ci_not_missing
tests/test_trisurface_round4.py::test_verify_button_asks_before_writing_the_permanent_record
tests/test_trisurface_verdict_loop.py::test_v2_intake_result_supports_the_cli_human_branch
tests/test_trisurface_verdict_loop.py::test_cli_qc_verdict_human_output_never_stacktraces
tests/test_trisurface_verdict_loop.py::test_v2_reviewed_shot_counts_in_coverage
tests/test_trisurface_verdict_loop.py::test_v2_coverage_goes_stale_when_bytes_move
tests/test_trisurface_verdict_loop.py::test_v2_findings_fold_into_qc_items_when_bound
tests/test_trisurface_verdict_loop.py::test_v2_findings_of_moved_bytes_surface_as_expired_not_as_findings
tests/test_trisurface_verdict_loop.py::test_v2_unit_verdict_counts_in_coverage_and_folds
tests/test_trisurface_verdict_loop.py::test_legacy_records_still_fold_exactly_as_before
tests/test_trisurface_voice_ledger.py::test_voice_registration_records_a_live_ledger_row
tests/test_trisurface_voice_ledger.py::test_locale_voice_row_carries_the_locales_label
tests/test_trisurface_voice_ledger.py::test_manual_take_registration_records_a_live_ledger_row
tests/test_trisurface_voice_ledger.py::test_live_rows_match_a_fresh_rebuild_exactly
tests/test_trisurface_voice_ledger.py::test_ledger_failure_never_fails_the_registration
tests/test_ttspreview.py::test_preview_voice_cached_and_never_registers_take
tests/test_ttspreview.py::test_preview_missing_dialogue_raises
tests/test_ttspreview.py::test_allow_missing_takes_compiles_slates
tests/test_ttspreview.py::test_audition_content_key_stable
tests/test_unified_film_e2e.py::test_zero_network_unified_film_rehearsal
tests/test_usage_report.py::test_empty_history_is_honest_zeros
tests/test_usage_report.py::test_duration_percentiles_and_state_counts
tests/test_usage_report.py::test_cancellation_and_possibly_billed_upper_bound
tests/test_usage_report.py::test_only_last_transition_per_job_is_counted
tests/test_usage_report.py::test_provider_failure_categories
tests/test_usage_report.py::test_unavailable_metrics_are_none_not_fabricated
tests/test_ux_papercuts_20260725.py::test_frames_accepts_a_shot_id_and_resolves_the_selected_take
tests/test_ux_papercuts_20260725.py::test_frames_still_takes_a_real_media_path_unchanged
tests/test_ux_papercuts_20260725.py::test_frames_error_names_what_the_argument_wants
tests/test_ux_papercuts_20260725.py::test_frames_shot_without_any_take_fails_structured
tests/test_ux_papercuts_20260725.py::test_bible_scaffold_shows_the_shape_and_still_parses_empty
tests/test_ux_papercuts_20260725.py::test_fresh_project_still_passes_check_with_the_scaffolded_bible
tests/test_ux_papercuts_20260725.py::test_qc_headline_says_nothing_was_promised_rather_than_plain_ok
tests/test_ux_papercuts_20260725.py::test_qc_headline_is_unchanged_when_shots_declared_expectations
tests/test_ux_papercuts_20260725.py::test_qc_headline_error_case_untouched
tests/test_ux_papercuts_20260725.py::test_funnel_marks_a_satisfied_out_of_order_stage_as_satisfied
tests/test_ux_papercuts_20260725.py::test_funnel_first_unfinished_stage_is_still_current
tests/test_ux_polish.py::test_status_on_broken_yaml_is_a_clean_error_not_a_traceback
tests/test_ux_polish.py::test_status_json_on_broken_yaml_keeps_the_error_contract
tests/test_ux_polish.py::test_new_on_existing_project_is_a_clean_one_liner
tests/test_ux_polish.py::test_unpack_and_fixity_on_corrupt_archive_fail_cleanly
tests/test_ux_polish.py::test_unpack_not_found_message_matches_the_house_bilingual_pattern
tests/test_ux_polish.py::test_new_prints_the_next_step_bridge
tests/test_ux_polish.py::test_funnel_hint_names_the_stage_not_itself
tests/test_ux_polish.py::test_export_help_documents_srt_and_jianying
tests/test_ux_polish.py::test_missing_ffmpeg_hint_names_the_pinned_version
tests/test_ux_polish.py::test_utf8_stdio_hardening_reconfigures_both_streams
tests/test_ux_polish.py::test_utf8_stdio_hardening_leaves_utf8_streams_untouched
tests/test_ux_polish.py::test_launcher_sets_pythonutf8
tests/test_ux_polish.py::test_repro_command_line_is_windows_pasteable
tests/test_ux_polish.py::test_take_note_returns_the_new_rev_so_a_second_action_succeeds
tests/test_ux_polish.py::test_sb_approve_returns_per_shot_revs
tests/test_ux_polish.py::test_review_page_rev_refresh_and_honest_key_hint
tests/test_ux_polish.py::test_gc_hard_refusal_explains_and_offers_the_alternative
tests/test_ux_polish.py::test_sync_dir_marker_covers_the_clients_the_owner_actually_uses
tests/test_ux_polish.py::test_unknown_url_serves_html_404_for_browsers_json_for_apis
tests/test_ux_polish.py::test_board_serve_404_html_for_browsers
tests/test_ux_polish.py::test_error_toasts_are_sticky_and_success_toasts_still_autodismiss
tests/test_ux_polish.py::test_board_banner_is_viewport_fixed
tests/test_ux_polish.py::test_installer_names_the_failing_step
tests/test_ux_polish.py::test_every_text_subprocess_decode_declares_utf8
tests/test_ux_polish.py::test_board_annotate_response_carries_the_new_rev
tests/test_ux_polish.py::test_board_js_annotates_from_the_compare_frame_and_never_reloads
tests/test_ux_polish.py::test_board_states_read_chinese_with_the_enum_on_title
tests/test_ux_polish.py::test_board_empty_state_points_at_the_next_step
tests/test_ux_polish.py::test_import_expands_wildcards_and_tilde_when_the_shell_did_not
tests/test_ux_polish.py::test_review_page_shows_board_annotations_with_stale_honesty
tests/test_ux_polish.py::test_annotation_list_container_renders_even_when_empty
tests/test_ux_polish.py::test_token_refused_post_with_large_body_gets_a_clean_403
tests/test_ux_polish.py::test_python_dash_m_manju_works
tests/test_ux_polish.py::test_waiting_user_is_code_branchable_on_redo
tests/test_ux_polish.py::test_select_and_build_errors_carry_stable_codes
tests/test_ux_polish.py::test_export_and_qc_survive_malformed_timeline
tests/test_ux_polish.py::test_migrate_survives_corrupt_project_yaml
tests/test_ux_polish.py::test_select_survives_malformed_shot_yaml
tests/test_ux_polish.py::test_next_action_ladder_missing_select_ok
tests/test_ux_polish.py::test_next_action_blocker_annotation_outranks_review
tests/test_ux_polish.py::test_next_action_qc_and_voice_rungs
tests/test_ux_polish.py::test_status_cli_lists_the_todo_lines
tests/test_ux_polish.py::test_review_and_board_cards_show_the_next_action
tests/test_ux_polish.py::test_installer_offers_the_click_first_entry
tests/test_ux_polish.py::test_next_step_key_is_the_stable_machine_token
tests/test_ux_polish.py::test_state_payload_carries_next_step_key
tests/test_ux_polish.py::test_project_identity_is_stamped_into_every_html_page
tests/test_ux_polish.py::test_stale_tab_write_is_refused_after_project_switch
tests/test_ux_polish.py::test_page_js_echoes_the_project_identity
tests/test_ux_polish.py::test_humanize_age_phrases
tests/test_ux_polish.py::test_status_shows_the_last_activity_anchor
tests/test_ux_polish.py::test_pack_records_the_marker_and_doctor_reads_backup_age
tests/test_ux_polish.py::test_doctor_backup_row_warns_past_two_weeks
tests/test_ux_polish.py::test_shot_shorthand_resolves_case_and_number
tests/test_ux_polish.py::test_shot_shorthand_json_stdout_stays_pure
tests/test_ux_polish.py::test_shot_shorthand_ambiguity_fails_structured_never_guesses
tests/test_ux_polish.py::test_shot_shorthand_no_match_passes_through_unchanged
tests/test_ux_polish.py::test_resolver_units_cover_the_documented_rules
tests/test_ux_polish.py::test_select_without_take_lists_the_candidates
tests/test_ux_polish.py::test_select_success_names_the_build_step
tests/test_ux_polish.py::test_redo_batch_summary_names_the_pick_step
tests/test_ux_polish.py::test_tasks_failed_row_prints_the_verbatim_retry
tests/test_ux_polish.py::test_exports_missing_rows_name_their_command
tests/test_ux_polish.py::test_repair_auto_zero_work_stays_noise_free
tests/test_ux_polish.py::test_transcribe_names_the_align_chain_with_actual_values
tests/test_ux_polish.py::test_review_keyboard_gains_approve_but_never_spend
tests/test_ux_polish.py::test_package_and_masters_point_at_exports
tests/test_ux_polish.py::test_review_queue_bar_offers_batch_redo_stale
tests/test_ux_polish.py::test_review_shot_id_links_into_its_lab
tests/test_ux_polish.py::test_board_redo_confirms_and_select_updates_in_place
tests/test_ux_polish.py::test_caption_clip_deep_links_to_its_cue_row
tests/test_ux_polish.py::test_storyboard_batch_bar_wires_redo_and_voice
tests/test_ux_polish.py::test_hidden_always_hides_and_create_stage_swap_clears_the_class
tests/test_ux_polish.py::test_native_widgets_and_motion_follow_the_os
tests/test_ux_polish.py::test_toast_systems_share_one_visual_voice
tests/test_ux_polish.py::test_exports_bulk_updates_all_stale_free_kinds
tests/test_ux_polish.py::test_exports_render_without_stale_has_no_bulk_button
tests/test_ux_polish.py::test_polljob_outlives_the_serialized_queue_on_every_job_page
tests/test_ux_polish.py::test_spa_error_toast_sticky_and_toasts_announced
tests/test_ux_polish.py::test_workbench_speaks_the_state_vocabulary
tests/test_ux_polish.py::test_client_state_is_keyed_by_project_identity
tests/test_ux_polish.py::test_workbench_keyboard_semantics
tests/test_ux_polish.py::test_review_queue_walks_most_blocking_first_and_supports_undo
tests/test_ux_polish.py::test_review_legend_teaches_undo
tests/test_ux_polish.py::test_home_opens_with_continue_and_clickable_counts
tests/test_ux_polish.py::test_ai_handoff_copies_structured_context
tests/test_ux_polish.py::test_nav_groups_by_frequency_and_keeps_every_link
tests/test_ux_polish.py::test_review_remembers_playback_and_flags_qc
tests/test_ux_polish.py::test_gui_app_window_launches_and_falls_back
tests/test_ux_polish.py::test_gui_help_names_the_app_window
tests/test_ux_polish.py::test_review_ab_link_deep_links_into_the_takes_overlay
tests/test_ux_polish.py::test_cockpit_surfaces_unread_takes
tests/test_ux_wave2.py::test_mistyped_command_suggests_close_match[bulid-build]
tests/test_ux_wave2.py::test_mistyped_command_suggests_close_match[vioce-voice]
tests/test_ux_wave2.py::test_mistyped_command_suggests_close_match[qcc-qc]
tests/test_ux_wave2.py::test_hopeless_typo_still_errors_cleanly
tests/test_ux_wave2.py::test_valid_commands_are_unaffected
tests/test_ux_wave2.py::test_completion_options_exist
tests/test_ux_wave2.py::test_generation_progress_reports_n_of_m
tests/test_ux_wave2.py::test_on_phase_coarse_sequence_still_intact
tests/test_ux_wave2.py::test_reveal_argv_windows_uses_explorer_select
tests/test_ux_wave2.py::test_reveal_argv_mac_and_linux
tests/test_ux_wave2.py::test_reveal_launches_file_manager_for_project_file
tests/test_ux_wave2.py::test_reveal_refuses_path_escape
tests/test_ux_wave2.py::test_reveal_missing_file_is_404
tests/test_ux_wave2.py::test_voices_requires_preview
tests/test_ux_wave2.py::test_voices_previews_each_candidate
tests/test_ux_wave2.py::test_single_preview_json_shape_unchanged
tests/test_ux_wave2.py::test_demo_scaffolds_a_complete_12_shot_story
tests/test_ux_wave2.py::test_demo_passes_check_out_of_the_box
tests/test_ux_wave2.py::test_demo_build_plan_costs_nothing
tests/test_ux_wave2.py::test_demo_is_mutually_exclusive_with_preset_and_shots
tests/test_ux_wave2.py::test_notification_wiring_is_present_and_api_anchored
tests/test_ux_wave3_daily_loop.py::test_draft_roundtrip_via_query_then_clear
tests/test_ux_wave3_daily_loop.py::test_spa_editor_consumes_the_draft_api
tests/test_ux_wave3_daily_loop.py::test_common_js_carries_the_taskbar_over_existing_endpoints
tests/test_ux_wave3_daily_loop.py::test_taskbar_kind_labels_come_from_the_registry_not_a_copy
tests/test_ux_wave3_daily_loop.py::test_spa_home_does_not_load_common_js_but_server_pages_do
tests/test_ux_workflow_traps_20260725.py::test_already_imported_footage_can_still_become_a_take
tests/test_ux_workflow_traps_20260725.py::test_a_plain_duplicate_import_is_still_skipped
tests/test_ux_workflow_traps_20260725.py::test_content_already_registered_as_a_take_is_still_skipped
tests/test_ux_workflow_traps_20260725.py::test_a_take_newer_than_the_selection_is_surfaced
tests/test_ux_workflow_traps_20260725.py::test_no_new_take_nag_when_the_newest_is_selected
tests/test_ux_workflow_traps_20260725.py::test_new_take_outranks_the_voice_todo
tests/test_ux_workflow_traps_20260725.py::test_a_stale_shot_still_reports_stale_not_newtake
tests/test_ux_workflow_traps_20260725.py::test_locale_next_step_names_the_unblocking_step_not_a_doomed_build
tests/test_ux_workflow_traps_20260725.py::test_locale_blocker_is_none_when_nothing_needs_voice
tests/test_ux_workflow_traps_20260725.py::test_locale_blocker_never_raises_on_a_broken_locale
tests/test_v5_closeout.py::test_current_surface_has_no_removed_protocol_tokens
tests/test_v5_closeout.py::test_architecture_boundary_is_the_only_explanatory_exception
tests/test_v5_closeout.py::test_cli_and_gui_project_status_share_one_core
tests/test_v5_closeout.py::test_offline_gate_rejects_external_socket_attempts
tests/test_v5_unified_authoring.py::test_charter_is_opt_in_and_hash_bound
tests/test_v5_unified_authoring.py::test_source_spans_are_stable_and_strict
tests/test_v5_unified_authoring.py::test_source_spans_reject_malformed_markers_and_unknown_scenes
tests/test_v5_unified_authoring.py::test_screen_intent_stays_out_of_picture_and_prompt
tests/test_v5_unified_authoring.py::test_v2_scene_and_coverage
tests/test_v5_unified_authoring.py::test_coverage_exception_is_explicitly_excepted
tests/test_v5_unified_authoring.py::test_uncovered_proof_scene_source_blocks_readiness
tests/test_v5_unified_authoring.py::test_unknown_experience_beat_is_a_structured_lint_error
tests/test_v5_unified_authoring.py::test_invalid_creative_charter_returns_blocked_readiness
tests/test_v5_unified_authoring.py::test_truth_patch_is_human_only_and_atomic
tests/test_v5_unified_authoring.py::test_animatic_ai_review_is_provisional
tests/test_v5_unified_authoring.py::test_evidence_write_boundaries_are_revalidated
tests/test_v5_unified_authoring.py::test_open_threads_are_derived_without_future_scene_leaks
tests/test_video_authoring_generalization.py::test_v1_is_permanently_readable_with_full_fixity
tests/test_video_authoring_generalization.py::test_canonical_graph_is_many_to_many_and_h3_counts_physical
tests/test_video_authoring_generalization.py::test_portable_prompt_sections_and_exact_override
tests/test_video_authoring_generalization.py::test_v2_bundle_is_verified_atomic_immutable_and_concurrently_reused
tests/test_video_authoring_generalization.py::test_existing_mismatch_fails_closed_and_unknown_sibling_survives
tests/test_video_authoring_generalization.py::test_failed_publish_cleans_only_owned_temp
tests/test_video_authoring_generalization.py::test_verifier_rejects_file_input_and_missing_manifest
tests/test_video_authoring_generalization.py::test_verifier_rejects_link_and_identity_drift
tests/test_video_authoring_generalization.py::test_resealed_prompt_with_stale_semantic_digest_is_rejected
tests/test_video_authoring_generalization.py::test_resealed_refs_with_stale_semantic_digest_is_rejected
tests/test_video_authoring_generalization.py::test_resealed_asset_with_stale_semantic_digest_is_rejected
tests/test_video_authoring_generalization.py::test_resealed_canonical_with_stale_semantic_digest_is_rejected
tests/test_video_authoring_generalization.py::test_handoff_id_is_recomputed_from_semantic_digest
tests/test_video_authoring_generalization.py::test_projection_duplicate_fields_must_agree[dialect_mode-different]
tests/test_video_authoring_generalization.py::test_projection_duplicate_fields_must_agree[quality_status-different]
tests/test_video_authoring_generalization.py::test_projection_duplicate_fields_must_agree[prompt_origin-different]
tests/test_video_authoring_generalization.py::test_refs_cross_document_identity_must_agree
tests/test_video_authoring_generalization.py::test_verifier_rejects_every_tampering_class[hash-handoff_member_hash_mismatch]
tests/test_video_authoring_generalization.py::test_verifier_rejects_every_tampering_class[size-handoff_member_size_mismatch]
tests/test_video_authoring_generalization.py::test_verifier_rejects_every_tampering_class[missing-handoff_member_missing]
tests/test_video_authoring_generalization.py::test_verifier_rejects_every_tampering_class[checksum-handoff_checksum_mismatch]
tests/test_video_authoring_generalization.py::test_verifier_rejects_every_tampering_class[unexpected-handoff_unexpected_member]
tests/test_video_authoring_generalization.py::test_verifier_rejects_every_tampering_class[case-handoff_case_collision]
tests/test_video_authoring_generalization.py::test_verifier_rejects_every_tampering_class[unsafe-handoff_unsafe_member]
tests/test_video_authoring_generalization.py::test_handoff_cli_is_profile_driven
tests/test_video_authoring_generalization.py::test_ingest_refuses_tampered_handoff_before_registering
tests/test_video_authoring_generalization.py::test_v2_r1_bundle_remains_readable_after_current_profile_becomes_r2
tests/test_video_authoring_generalization.py::test_unknown_profile_revision_is_rejected
tests/test_video_authoring_generalization.py::test_unknown_renderer_revision_is_rejected
tests/test_video_authoring_generalization.py::test_known_profile_revision_descriptor_drift_is_rejected
tests/test_video_authoring_generalization.py::test_writer_uses_current_profile_and_renderer_revisions
tests/test_video_authoring_generalization.py::test_verified_lineage_survives_cli_manual_roundtrip
tests/test_video_authoring_generalization.py::test_reference_graph_does_not_swallow_unknown_relpath_error
tests/test_virtual_trim.py::test_take_sidecar_window_fields_additive_and_default_whole_file
tests/test_virtual_trim.py::test_fingerprint_window_default_byte_stable_and_windowed_recompiles
tests/test_virtual_trim.py::test_window_bounds_duration_auto_and_rules_still_clamp
tests/test_virtual_trim.py::test_virtual_trim_hardlinks_or_copies_and_records_window
tests/test_virtual_trim.py::test_virtual_trim_copy_fallback_when_hardlink_unavailable
tests/test_virtual_trim.py::test_virtual_and_reencode_visible_result_parity
tests/test_virtual_trim.py::test_e2e_virtual_trims_apply_a_real_xfade
tests/test_virtual_trim.py::test_e2e_reencoded_trims_degrade_to_dip_control
tests/test_virtual_trim.py::test_cli_repair_inout_defaults_virtual_and_reencode_flag
tests/test_voice.py::test_synthesize_registers_voice_take_with_hash
tests/test_voice.py::test_synthesize_rejects_html_error_page
tests/test_voice.py::test_synthesize_inline_b64_form
tests/test_voice.py::test_tts_poll_429_retries_the_same_job
tests/test_voice.py::test_tts_submit_429_stays_rate_limited
tests/test_voice.py::test_voice_staleness_matrix
tests/test_voice.py::test_voice_hash_camera_change_stays_fresh
tests/test_voice.py::test_compiler_picks_newest_voice_take
tests/test_voice.py::test_build_synthesizes_missing_voices_and_prices_them
tests/test_voice.py::test_status_surfaces_voice_states
tests/test_voicefix.py::test_full_loop_regenerates_realigns_and_marks
tests/test_voicefix.py::test_content_key_invalidation_and_new_voice_consumed
tests/test_voicefix.py::test_manual_cues_left_untouched_with_advisory
tests/test_voicefix.py::test_failure_record_on_tts_failure
tests/test_voicefix.py::test_no_dialogue_is_a_recorded_failure
tests/test_voicefix.py::test_dry_run_mutates_nothing
tests/test_voicefix.py::test_dry_run_flags_manual_cues_in_plan
tests/test_voicefix.py::test_cli_repair_op_voice_dry_run
tests/test_watchloop.py::test_first_tick_is_immediate_and_ok
tests/test_watchloop.py::test_editing_a_shot_between_ticks_yields_a_changed_tick
tests/test_watchloop.py::test_broken_edit_reports_the_reference_error_then_recovers
tests/test_watchloop.py::test_max_ticks_bounds_the_generator
tests/test_watchloop.py::test_fingerprint_moves_when_caption_file_touched
tests/test_watchloop.py::test_fingerprint_moves_when_take_media_replaced_in_place
tests/test_watchloop.py::test_fingerprint_moves_when_take_sidecar_replaced_in_place
tests/test_watchloop.py::test_fingerprint_moves_when_ref_media_replaced
tests/test_watchloop.py::test_fingerprint_moves_when_keyframe_referenced_image_replaced
tests/test_watchloop.py::test_touching_take_media_in_place_triggers_a_watch_tick
tests/test_watchloop.py::test_torn_write_is_caught_and_the_generator_survives
tests/test_waveform.py::test_waveform_png_renders_and_caches
tests/test_waveform.py::test_rms_levels_shape_and_energy
tests/test_waveform.py::test_no_audio_raises_plainly
tests/test_waveform.py::test_gc_frames_sweeps_waveform_cache
tests/test_webpreview.py::test_needs_preview_truth_table[clip.mp4-False]
tests/test_webpreview.py::test_needs_preview_truth_table[clip.webm-False]
tests/test_webpreview.py::test_needs_preview_truth_table[clip.m4v-False]
tests/test_webpreview.py::test_needs_preview_truth_table[poster.png-False]
tests/test_webpreview.py::test_needs_preview_truth_table[voice.mp3-False]
tests/test_webpreview.py::test_needs_preview_truth_table[master.mkv-True]
tests/test_webpreview.py::test_needs_preview_truth_table[prores.mov-True]
tests/test_webpreview.py::test_needs_preview_truth_table[music.flac-True]
tests/test_webpreview.py::test_needs_preview_truth_table[SHOUTY.MKV-True]
tests/test_webpreview.py::test_needs_preview_truth_table[data.xyz-False]
tests/test_webpreview.py::test_needs_preview_truth_table[notes.txt-False]
tests/test_webpreview.py::test_preview_cache_dir_is_in_disposable_runtime
tests/test_webpreview.py::test_preview_path_for_is_deterministic
tests/test_webpreview.py::test_preview_path_for_stable_across_mtime_only_touch
tests/test_webpreview.py::test_preview_path_for_changes_when_content_changes_even_at_same_mtime
tests/test_webpreview.py::test_preview_path_for_audio_gets_m4a
tests/test_webpreview.py::test_gc_previews_frees_bytes_and_empties_dir
tests/test_webpreview.py::test_gc_previews_missing_cache_dir_is_zero
tests/test_webpreview.py::test_ensure_preview_missing_source_is_none
tests/test_webpreview.py::test_thumb_path_for_is_deterministic_and_shares_preview_key
tests/test_webpreview.py::test_thumb_path_for_stable_across_mtime_only_touch
tests/test_webpreview.py::test_thumb_path_for_changes_when_content_changes
tests/test_webpreview.py::test_ensure_thumb_audio_source_is_none[tone.flac]
tests/test_webpreview.py::test_ensure_thumb_audio_source_is_none[voice.mp3]
tests/test_webpreview.py::test_ensure_thumb_audio_source_is_none[raw.wav]
tests/test_webpreview.py::test_ensure_thumb_audio_source_is_none[mix.m4a]
tests/test_webpreview.py::test_ensure_thumb_missing_source_is_none
tests/test_webpreview.py::test_ensure_preview_transcodes_then_serves_cache
tests/test_webpreview.py::test_ensure_preview_audio_source_becomes_m4a
tests/test_webpreview.py::test_ensure_preview_corrupt_source_none_and_no_litter
tests/test_webpreview.py::test_ensure_thumb_video_grabs_capped_jpg_then_serves_cache
tests/test_webpreview.py::test_ensure_thumb_clip_shorter_than_seek_falls_back_to_first_frame
tests/test_webpreview.py::test_ensure_thumb_image_source_gets_downscaled_jpg
tests/test_webpreview.py::test_ensure_thumb_corrupt_source_none_and_no_litter
tests/test_why_stale.py::test_diff_spec_fields_paths
tests/test_why_stale.py::test_stale_note_names_the_fields
tests/test_why_stale.py::test_snapshotless_take_degrades_to_generic_note
tests/test_why_stale.py::test_generated_takes_carry_snapshots
tests/test_why_stale.py::test_status_carries_stale_notes
tests/test_why_stale.py::test_snapshot_bloat_guard
tests/test_windows_annotations.py::test_annotation_model_happy_path_and_defaults
tests/test_windows_annotations.py::test_annotation_bad_severity_rejected
tests/test_windows_annotations.py::test_annotation_text_caps
tests/test_windows_annotations.py::test_annotation_subject_cap
tests/test_windows_annotations.py::test_annotation_range_rules
tests/test_windows_annotations.py::test_annotation_frame_non_negative
tests/test_windows_annotations.py::test_annotation_unsafe_id_rejected
tests/test_windows_annotations.py::test_annotation_media_hash_forms
tests/test_windows_annotations.py::test_annotation_frame_rate_string_forms
tests/test_windows_annotations.py::test_annotation_geometry_kind_validated_when_present
tests/test_windows_annotations.py::test_annotation_carries_repair_variable_verbatim
tests/test_windows_annotations.py::test_old_shot_without_annotations_round_trips_byte_identical
tests/test_windows_annotations.py::test_non_empty_annotations_do_serialize
tests/test_windows_annotations.py::test_annotation_schema_registered_experimental
tests/test_windows_annotations.py::test_annotate_happy_path_writes_shot_and_event
tests/test_windows_annotations.py::test_annotate_range_form
tests/test_windows_annotations.py::test_annotate_without_token_is_403_and_writes_nothing
tests/test_windows_annotations.py::test_annotate_bad_input_is_400[payload0-nope]
tests/test_windows_annotations.py::test_annotate_bad_input_is_400[payload1-NOPE]
tests/test_windows_annotations.py::test_annotate_bad_input_is_400[payload2-]
tests/test_windows_annotations.py::test_annotate_bad_input_is_400[payload3-text]
tests/test_windows_annotations.py::test_annotate_bad_input_is_400[payload4-]
tests/test_windows_annotations.py::test_annotate_bad_input_is_400[payload5-]
tests/test_windows_annotations.py::test_annotate_bad_input_is_400[payload6-]
tests/test_windows_annotations.py::test_annotate_cas_refusal_on_stale_expected_rev
tests/test_windows_annotations.py::test_annotate_current_rev_passes_cas
tests/test_windows_annotations.py::test_annotate_is_registered_and_dangerous_surface_unchanged
tests/test_windows_annotations.py::test_serve_html_lists_annotation_with_seek_and_form
tests/test_windows_annotations.py::test_stale_annotation_renders_stale_badge
tests/test_windows_annotations.py::test_static_board_pin_still_holds_and_carries_no_annotation_ui
tests/test_windows_archive.py::test_pack_warns_on_windows_unportable_members
tests/test_windows_archive.py::test_pack_warns_on_casefold_collision
tests/test_windows_archive.py::test_pack_clean_tree_emits_no_portability_warning
tests/test_windows_archive.py::test_pack_json_carries_portability_block_only_when_present
tests/test_windows_archive.py::test_pack_prunes_reparse_dirs
tests/test_windows_archive.py::test_pack_prunes_symlinked_directories_posix_real
tests/test_windows_archive.py::test_pack_posix_reparse_probe_is_inert
tests/test_windows_archive.py::test_unpack_refuses_casefold_colliding_members
tests/test_windows_archive.py::test_unpack_accepts_case_distinct_but_not_colliding_members
tests/test_windows_archive.py::test_unpack_restores_to_arbitrary_destination_tree
tests/test_windows_bench.py::test_bench_normalize_and_render
tests/test_windows_color.py::test_project_without_color_serializes_without_the_key
tests/test_windows_color.py::test_color_spec_parses_and_dumps_minimally
tests/test_windows_color.py::test_color_spec_all_default_is_rejected
tests/test_windows_color.py::test_color_input_transform_enum_is_validated
tests/test_windows_color.py::test_enc_params_byte_identical_without_color
tests/test_windows_color.py::test_enc_params_appends_bt709_tags_when_opted_in
tests/test_windows_color.py::test_segment_key_byte_identical_without_transform
tests/test_windows_color.py::test_segment_key_distinct_and_deterministic_with_transform
tests/test_windows_color.py::test_transform_chains_declare_both_sides_fully
tests/test_windows_color.py::test_render_untagged_today_and_tagged_when_opted_in
tests/test_windows_color.py::test_tag_outputs_rekeys_the_final_only_when_flipped
tests/test_windows_color.py::test_normalize_applies_input_transform_on_still_and_video[srgb_to_bt709]
tests/test_windows_color.py::test_normalize_applies_input_transform_on_still_and_video[p3_to_bt709]
tests/test_windows_color.py::test_normalize_without_transform_is_command_stable
tests/test_windows_color.py::test_doctor_probes_zscale_only_when_transform_declared
tests/test_windows_color.py::test_hdr_source_warning[over0-True]
tests/test_windows_color.py::test_hdr_source_warning[over1-True]
tests/test_windows_color.py::test_hdr_source_warning[over2-True]
tests/test_windows_color.py::test_hdr_source_warning[over3-False]
tests/test_windows_color.py::test_hdr_source_warning[over4-False]
tests/test_windows_color.py::test_colorstats_adopt_via_never_names_a_nonexistent_command
tests/test_windows_color.py::test_hdr_diagnostic_never_moves_the_facts_digest
tests/test_windows_conform_captions.py::test_known_features_gains_caption_subfeatures
tests/test_windows_conform_captions.py::test_inventory_silent_when_no_roles_or_speakers
tests/test_windows_conform_captions.py::test_inventory_emits_rows_when_roles_and_speakers_present
tests/test_windows_conform_captions.py::test_inventory_role_only_and_speaker_only_are_independent
tests/test_windows_conform_captions.py::test_expected_table_covers_every_classifier_target
tests/test_windows_conform_captions.py::test_target_classifies_caption_subfeatures_without_hard_error[edl]
tests/test_windows_conform_captions.py::test_target_classifies_caption_subfeatures_without_hard_error[fcpxml]
tests/test_windows_conform_captions.py::test_target_classifies_caption_subfeatures_without_hard_error[jianying]
tests/test_windows_conform_captions.py::test_target_classifies_caption_subfeatures_without_hard_error[native_draft]
tests/test_windows_conform_captions.py::test_target_classifies_caption_subfeatures_without_hard_error[openclap]
tests/test_windows_conform_captions.py::test_target_classifies_caption_subfeatures_without_hard_error[otio]
tests/test_windows_conform_captions.py::test_target_classifies_caption_subfeatures_without_hard_error[srt_ass]
tests/test_windows_conform_captions.py::test_target_classifies_caption_subfeatures_without_hard_error[ttml]
tests/test_windows_conform_captions.py::test_target_classifies_caption_subfeatures_without_hard_error[xmeml]
tests/test_windows_conform_captions.py::test_ttml_preserves_both_with_the_binding_vocabulary
tests/test_windows_conform_captions.py::test_jianying_speaker_native_role_dropped
tests/test_windows_conform_captions.py::test_openclap_both_ride_the_x_manju_extension
tests/test_windows_conform_captions.py::test_srt_ass_doc_lists_speakers_dropped_with_detail
tests/test_windows_conform_captions.py::test_srt_ass_doc_captions_still_preserved
tests/test_windows_conform_captions.py::test_fallback_still_marks_non_caption_features_unsupported[srt_ass]
tests/test_windows_conform_captions.py::test_fallback_still_marks_non_caption_features_unsupported[ttml]
tests/test_windows_conform_captions.py::test_completeness_holds_for_every_target_with_subfeatures_present
tests/test_windows_doctor.py::test_doctor_has_python_row
tests/test_windows_doctor.py::test_doctor_windows_flag_is_honest_off_windows
tests/test_windows_doctor.py::test_doctor_windows_rows_present_on_nt
tests/test_windows_doctor.py::test_doctor_long_paths_disabled_is_an_advisory
tests/test_windows_doctor.py::test_doctor_long_paths_unknown_is_reported_unknown
tests/test_windows_doctor.py::test_doctor_ntfs_and_network_rows
tests/test_windows_doctor.py::test_doctor_onedrive_advisory
tests/test_windows_doctor.py::test_doctor_config_dir_writable_row
tests/test_windows_doctor.py::test_doctor_reports_installed_versions_and_rollback
tests/test_windows_doctor.py::test_doctor_redacts_private_paths
tests/test_windows_doctor.py::test_doctor_system_paths_stay_readable
tests/test_windows_doctor.py::test_redact_private_text_composition
tests/test_windows_doctor.py::test_cli_doctor_windows_flag
tests/test_windows_doctor.py::test_find_edge_discovers_windows_install_paths
tests/test_windows_doctor.py::test_find_edge_absent_is_none
tests/test_windows_doctor.py::test_find_chromium_discovers_chrome_on_windows
tests/test_windows_doctor.py::test_find_chromium_falls_back_to_edge_on_windows
tests/test_windows_doctor.py::test_find_chromium_windows_roots_stay_off_on_posix
tests/test_windows_doctor.py::test_find_chromium_playwright_windows_layout
tests/test_windows_export_conform.py::test_export_emits_conform_loss_docs
tests/test_windows_export_conform.py::test_export_human_output_names_the_conform_docs
tests/test_windows_export_conform.py::test_conform_docs_are_derived_only_never_read_back
tests/test_windows_fonts.py::test_posix_chain_unchanged_and_windows_sources_never_consulted
tests/test_windows_fonts.py::test_registry_helper_is_empty_list_off_windows
tests/test_windows_fonts.py::test_windows_dir_scan_finds_msyh_in_windir_fonts
tests/test_windows_fonts.py::test_windows_preference_order_msyh_beats_simsun
tests/test_windows_fonts.py::test_windows_per_user_fonts_dir_consulted
tests/test_windows_fonts.py::test_windows_registry_fallback_finds_curated_font
tests/test_windows_fonts.py::test_windows_registry_failure_degrades_to_none
tests/test_windows_fonts.py::test_cached_drawtext_font_hash_hashes_the_windows_font
tests/test_windows_fonts.py::test_nothing_found_records_the_existing_unknown_sentinel
tests/test_windows_fs.py::test_reserved_device_name_segments_are_flagged
tests/test_windows_fs.py::test_ads_colon_and_trailing_dot_space_are_flagged
tests/test_windows_fs.py::test_backslash_unc_absolute_and_traversal_are_flagged
tests/test_windows_fs.py::test_windows_collision_key_folds_case_only
tests/test_windows_fs.py::test_shotpackage_rejects_windows_unsafe_path_hints
tests/test_windows_fs.py::test_check_warns_on_casefold_collision
tests/test_windows_fs.py::test_check_warns_on_reserved_name_on_disk
tests/test_windows_fs.py::test_atomic_write_retries_transient_sharing_violation
tests/test_windows_fs.py::test_atomic_write_never_retries_access_denied
tests/test_windows_fs.py::test_atomic_write_retry_is_bounded
tests/test_windows_fs.py::test_posix_permission_error_is_not_retried
tests/test_windows_fs.py::test_align_apply_survives_sibling_prefix_dir
tests/test_windows_fs.py::test_project_lifecycle_in_space_cjk_directory
tests/test_windows_gate_round1.py::test_escape_filter_path_posix_plain_is_byte_identical
tests/test_windows_gate_round1.py::test_escape_filter_path_windows_drive_two_level
tests/test_windows_gate_round1.py::test_escape_filter_path_colon_and_quote
tests/test_windows_gate_round1.py::test_escape_filter_path_graph_metacharacters_are_quoted
tests/test_windows_gate_round1.py::test_ass_filter_accepts_colon_path_end_to_end
tests/test_windows_gate_round1.py::test_recents_lock_uses_msvcrt_when_fcntl_missing
tests/test_windows_gate_round1.py::test_library_lock_uses_msvcrt_when_fcntl_missing
tests/test_windows_gate_round1.py::test_failures_lock_uses_msvcrt_when_fcntl_missing
tests/test_windows_gate_round1.py::test_locks_degrade_unlocked_only_when_no_primitive_exists
tests/test_windows_gate_round1.py::test_record_verdicts_append_is_coordinated_grep_pin
tests/test_windows_gate_round1.py::test_split_command_windows_keeps_backslashes
tests/test_windows_gate_round1.py::test_split_command_posix_unchanged
tests/test_windows_gate_round1.py::test_split_command_windows_attached_quoted_value
tests/test_windows_gate_round1.py::test_split_command_windows_malformed_quote_is_tolerated
tests/test_windows_gate_round1.py::test_events_lock_serializes_twelve_threads_required
tests/test_windows_gate_workflow.py::test_the_ffmpeg_pin_accepts_exactly_6_1_x[ffmpeg version 6.1.1-3ubuntu5 Copyright (c) 2000-2023-True]
tests/test_windows_gate_workflow.py::test_the_ffmpeg_pin_accepts_exactly_6_1_x[ffmpeg version 6.1 Copyright (c) 2000-2023-True]
tests/test_windows_gate_workflow.py::test_the_ffmpeg_pin_accepts_exactly_6_1_x[ffmpeg version 6.1-True]
tests/test_windows_gate_workflow.py::test_the_ffmpeg_pin_accepts_exactly_6_1_x[ffmpeg version 6.1.2-static-True]
tests/test_windows_gate_workflow.py::test_the_ffmpeg_pin_accepts_exactly_6_1_x[ffmpeg version 6.10 Copyright-False]
tests/test_windows_gate_workflow.py::test_the_ffmpeg_pin_accepts_exactly_6_1_x[ffmpeg version 6.11.0-False]
tests/test_windows_gate_workflow.py::test_the_ffmpeg_pin_accepts_exactly_6_1_x[ffmpeg version 6.0.1 Copyright-False]
tests/test_windows_gate_workflow.py::test_the_ffmpeg_pin_accepts_exactly_6_1_x[ffmpeg version 7.0.2-static http<ABS_PATH>
tests/test_windows_gate_workflow.py::test_the_ffmpeg_pin_accepts_exactly_6_1_x[ffmpeg version n7.1.5-10-g2aefd64d48-20260724-False]
tests/test_windows_gate_workflow.py::test_the_ffmpeg_pin_accepts_exactly_6_1_x[ffmpeg version N-125752-g2f209337fc-20260724-False]
tests/test_windows_gate_workflow.py::test_the_pin_is_not_a_bare_prefix
tests/test_windows_gate_workflow.py::test_the_pinned_version_and_the_assert_agree
tests/test_windows_gate_workflow.py::test_the_gate_has_no_continue_on_error
tests/test_windows_gate_workflow.py::test_the_gate_still_runs_the_full_suite
tests/test_windows_gate_workflow.py::test_the_gate_installs_every_extra
tests/test_windows_gate_workflow.py::test_the_ffmpeg_presence_assert_survives
tests/test_windows_hwencode.py::test_hw_candidate_set_is_the_h264_family
tests/test_windows_hwencode.py::test_encoder_inventory_reads_real_ffmpeg
tests/test_windows_hwencode.py::test_encoder_inventory_missing_ffmpeg_answers_all_absent
tests/test_windows_hwencode.py::test_encoder_inventory_is_process_cached
tests/test_windows_hwencode.py::test_toolchain_manifest_carries_the_encoder_block
tests/test_windows_hwencode.py::test_eligibility_pure_predicate_no_candidates
tests/test_windows_hwencode.py::test_eligibility_pure_predicate_with_candidates
tests/test_windows_hwencode.py::test_eligibility_never_auto_enables_the_encoder
tests/test_windows_hwencode.py::test_doctor_shows_hw_encoder_facts_informationally
tests/test_windows_install.py::test_scripts_exist_with_strict_mode_and_stop
tests/test_windows_install.py::test_no_forbidden_constructs
tests/test_windows_install.py::test_path_edits_are_user_scope_and_opt_in_only
tests/test_windows_install.py::test_install_layout_matches_plan
tests/test_windows_install.py::test_update_keeps_previous_version_for_rollback
tests/test_windows_install.py::test_uninstall_never_touches_projects_or_user_config
tests/test_windows_install_behaviour.py::test_uninstall_removes_the_app
tests/test_windows_install_behaviour.py::test_uninstall_never_touches_the_users_work
tests/test_windows_install_behaviour.py::test_uninstall_keeps_logs_unless_asked
tests/test_windows_install_behaviour.py::test_uninstall_logs_removes_them
tests/test_windows_install_behaviour.py::test_uninstall_is_idempotent
tests/test_windows_install_behaviour.py::test_rollback_repoints_to_the_previous_version
tests/test_windows_install_behaviour.py::test_rollback_is_itself_reversible
tests/test_windows_install_behaviour.py::test_rollback_with_nothing_to_roll_back_to_fails_loudly
tests/test_windows_install_behaviour.py::test_rollback_to_a_deleted_version_fails_loudly
tests/test_windows_invariants_guard.py::test_only_local_cmd_splits_command_templates
tests/test_windows_invariants_guard.py::test_only_render_defines_the_filtergraph_escaper
tests/test_windows_invariants_guard.py::test_filtergraph_escaping_is_never_open_coded
tests/test_windows_invariants_guard.py::test_msvcrt_is_implemented_only_by_the_quartet
tests/test_windows_invariants_guard.py::test_each_quartet_member_pairs_a_thread_lock[core/events.py]
tests/test_windows_invariants_guard.py::test_each_quartet_member_pairs_a_thread_lock[core/recents.py]
tests/test_windows_invariants_guard.py::test_each_quartet_member_pairs_a_thread_lock[core/library.py]
tests/test_windows_invariants_guard.py::test_each_quartet_member_pairs_a_thread_lock[core/failures.py]
tests/test_windows_invariants_guard.py::test_every_text_subprocess_declares_its_encoding
tests/test_windows_invariants_guard.py::test_the_subprocess_detector_actually_catches_a_violation
tests/test_windows_invariants_guard.py::test_a_scaffolded_project_contains_no_cr
tests/test_windows_procs.py::test_pid_probe_leaves_live_child_alive
tests/test_windows_procs.py::test_pid_probe_windows_dispatch_never_calls_os_kill
tests/test_windows_procs.py::test_pid_alive_windows_probe_semantics
tests/test_windows_procs.py::test_pid_probe_windows_errors_count_as_alive
tests/test_windows_procs.py::test_local_cmd_kill_tree_uses_taskkill_on_windows
tests/test_windows_procs.py::test_events_append_uses_msvcrt_lock_when_fcntl_missing
tests/test_windows_procs.py::test_events_append_contention_still_never_writes_unlocked
tests/test_windows_procs.py::test_events_append_refuses_when_no_lock_primitive_exists
tests/test_windows_procs.py::test_local_cmd_posix_group_kill_unchanged
tests/test_windows_semantics_on_linux.py::test_the_two_platforms_really_do_disagree
tests/test_windows_semantics_on_linux.py::test_sorting_bare_path_objects_is_platform_dependent
tests/test_windows_semantics_on_linux.py::test_the_documented_key_is_platform_stable
tests/test_windows_semantics_on_linux.py::test_the_key_orders_by_bytes_not_by_locale
tests/test_windows_semantics_on_linux.py::test_the_locale_language_scan_orders_strings_not_paths
tests/test_windows_semantics_on_linux.py::test_split_command_round_trips_real_windows_quoting[<ABS_PATH> Files\\ffmpeg\\]
tests/test_windows_semantics_on_linux.py::test_split_command_round_trips_real_windows_quoting[<ABS_PATH>
tests/test_windows_semantics_on_linux.py::test_split_command_round_trips_real_windows_quoting[sh]
tests/test_windows_semantics_on_linux.py::test_split_command_round_trips_real_windows_quoting[\\\\server\\share\\tool.exe]
tests/test_windows_semantics_on_linux.py::test_split_command_round_trips_real_windows_quoting[tool0]
tests/test_windows_semantics_on_linux.py::test_split_command_round_trips_real_windows_quoting[tool1]
tests/test_windows_semantics_on_linux.py::test_split_command_round_trips_real_windows_quoting[tool2]
tests/test_windows_semantics_on_linux.py::test_the_posix_path_is_untouched_by_this
tests/test_windows_semantics_on_linux.py::test_a_backslash_path_survives_the_windows_branch
tests/test_windows_semantics_on_linux.py::test_a_unc_path_keeps_both_leading_slashes
tests/test_windows_xmeml.py::test_ntsc_project_rides_timebase_24_ntsc_true
tests/test_windows_xmeml.py::test_ntsc_frames_are_exact_zero_drift
tests/test_windows_xmeml.py::test_ntsc_frame_stamp_wins_over_rounded_ms
tests/test_windows_xmeml.py::test_integer_rate_project_rides_ntsc_false
tests/test_windows_xmeml.py::test_integer_offgrid_ms_snaps_to_whole_frame
tests/test_windows_xmeml.py::test_file_url_windows_backslash_cjk_space
tests/test_windows_xmeml.py::test_file_url_windows_forward_slash
tests/test_windows_xmeml.py::test_file_url_posix_cjk
tests/test_windows_xmeml.py::test_file_url_accepts_mixed_separators
tests/test_windows_xmeml.py::test_file_url_percent_encodes_reserved_chars_keeps_drive_colon
tests/test_windows_xmeml.py::test_pathurl_in_document_matches_file_url
tests/test_windows_xmeml.py::test_shared_source_video_and_voice_are_linked
tests/test_windows_xmeml.py::test_unshared_voice_clip_has_no_link
tests/test_windows_xmeml.py::test_music_bus_is_second_audio_track_with_in_point
tests/test_windows_xmeml.py::test_loop_bed_and_sfx_are_omitted_with_inband_note
tests/test_windows_xmeml.py::test_clean_cross_dissolve_is_native_transitionitem
tests/test_windows_xmeml.py::test_non_dissolve_degrades_to_cut_with_note[fade]
tests/test_windows_xmeml.py::test_non_dissolve_degrades_to_cut_with_note[xfade_wipeleft]
tests/test_windows_xmeml.py::test_non_dissolve_degrades_to_cut_with_note[bogus]
tests/test_windows_xmeml.py::test_dissolve_too_long_for_clips_degrades
tests/test_windows_xmeml.py::test_cut_and_none_emit_nothing
tests/test_windows_xmeml.py::test_document_is_well_formed_xml
tests/test_windows_xmeml.py::test_byte_determinism_two_compiles_identical
tests/test_windows_xmeml.py::test_empty_timeline_is_valid_zero_duration_doc
tests/test_windows_xmeml.py::test_export_xmeml_writes_file_under_exports
tests/test_windows_xmeml.py::test_export_xmeml_dest_override
tests/test_windows_xmeml.py::test_export_refuses_source_outside_project
tests/test_windows_xmeml.py::test_compile_refuses_outside_audio_source_too
tests/test_windows_xmeml.py::test_xmeml_module_is_classified
tests/test_windows_xmeml.py::test_xmeml_conform_every_feature_classified_exactly_once
tests/test_windows_xmeml.py::test_xmeml_conform_categories_are_honest
tests/test_windows_xmeml.py::test_xmeml_conform_report_zero_unclassified_and_drift_free
tests/test_windows_xmeml.py::test_xmeml_ntsc_drift_block_zero_by_construction
tests/test_windows_xmeml.py::test_xmeml_int_offgrid_boundary_zero_by_construction
tests/test_windows_xmeml.py::test_xmeml_source_rate_mismatch_still_surfaces
tests/test_windows_xmeml.py::test_markers_are_omitted_and_documented
tests/test_word_timed_captions.py::test_timed_captions_group_and_offset
tests/test_word_timed_captions.py::test_timed_captions_respect_budget
tests/test_word_timed_captions.py::test_compiler_prefers_word_timing_over_weighted_split
tests/test_word_timed_captions.py::test_fingerprint_includes_voice_timing
tests/test_word_timed_captions.py::test_gather_loads_timing_sidecar
tests/test_word_timed_captions.py::test_alignment_reinserts_dropped_punctuation
tests/test_word_timed_captions.py::test_alignment_mismatch_falls_back_to_raw
tests/test_workspace.py::test_touch_recent_creates_entry
tests/test_workspace.py::test_touch_recent_dedups_by_resolved_path
tests/test_workspace.py::test_touch_recent_orders_most_recent_first
tests/test_workspace.py::test_recents_cap_evicts_oldest
tests/test_workspace.py::test_missing_path_dropped_on_read_and_reported_once
tests/test_workspace.py::test_concurrent_touch_is_safe
tests/test_workspace.py::test_recents_path_honours_env_override
tests/test_workspace.py::test_load_recents_tolerates_corrupt_file
tests/test_workspace.py::test_touch_recent_never_raises_on_bad_config
tests/test_workspace.py::test_cli_project_resolution_touches_recents
tests/test_workspace.py::test_cli_touches_recents_at_most_once_per_process
tests/test_workspace.py::test_cli_no_project_never_touches_recents
tests/test_workspace.py::test_picker_serves_outside_project
tests/test_workspace.py::test_picker_project_dependent_routes_404_when_unbound
tests/test_workspace.py::test_recents_endpoint_works_unbound
tests/test_workspace.py::test_workspace_open_rebinds_unbound_server
tests/test_workspace.py::test_workspace_open_unknown_path_404
tests/test_workspace.py::test_workspace_new_creates_lands_and_appears_in_recents
tests/test_workspace.py::test_workspace_new_invalid_name_rejected
tests/test_workspace.py::test_workspace_open_requires_token
tests/test_workspace.py::test_workspace_post_blocked_in_readonly
tests/test_workspace.py::test_workspace_open_already_bound_refuses_hot_switch
tests/test_workspace.py::test_workspace_does_not_trigger_legacy_workspace_chip
tests/test_workspace.py::test_switcher_renders_on_spa_when_bound
tests/test_workspace.py::test_switcher_renders_on_server_rendered_pages
tests/test_workspace.py::test_workspace_query_param_reaches_picker_while_bound
tests/test_workspace.py::test_recents_endpoint_marks_current_and_series_grouping
tests/test_write_consistency.py::test_shot_text_hash_empty_for_missing_shot
tests/test_write_consistency.py::test_shot_text_hash_matches_canonical_hash_text
tests/test_write_consistency.py::test_checked_shot_write_cas_happy_path
tests/test_write_consistency.py::test_checked_shot_write_stale_hash_rejected_file_untouched
tests/test_write_consistency.py::test_checked_shot_write_no_cas_when_hash_omitted
tests/test_write_consistency.py::test_gui_shot_editor_stale_rev_refused_409
tests/test_write_consistency.py::test_gui_shot_editor_save_without_expected_rev_unaffected
tests/test_write_consistency.py::test_sync_bible_stops_at_busy_episode_names_it_earlier_ones_stay_synced
tests/test_write_consistency.py::test_sync_bible_report_only_never_takes_a_lock
tests/test_write_consistency.py::test_new_episode_registers_normally_when_series_root_is_free
tests/test_write_consistency.py::test_new_episode_busy_series_lock_leaves_project_on_disk_but_unregistered
tests/test_write_consistency.py::test_execute_formerly_unlocked_action_type_respects_held_build_lock
tests/test_write_consistency.py::test_execute_locked_internally_action_type_no_double_acquire
tests/test_write_locks.py::test_gui_rules_save_busy_under_build_lock_no_mutation
tests/test_write_locks.py::test_gui_caption_edit_busy_under_build_lock_no_mutation
tests/test_write_locks.py::test_board_rollback_shot_busy_under_build_lock_no_mutation
tests/test_write_locks.py::test_gui_select_already_locked_handler_still_works
tests/test_write_locks.py::test_gui_mixer_apply_already_locked_handler_still_works

6211 tests collected in 9.51s
